  0
SECTION
  2
HEADER
  9
$ACADVER
  1
AC1024
  9
$ACADMAINTVER
 70
   226
  9
$DWGCODEPAGE
  3
ANSI_1252
  9
$LASTSAVEDBY
  1
acer
  9
$INSBASE
 10
0.0
 20
0.0
 30
0.0
  9
$EXTMIN
 10
-2146.47854995901
 20
-317.0759607076425
 30
0.0
  9
$EXTMAX
 10
3063.156183765183
 20
998.8939751036493
 30
0.0
  9
$LIMMIN
 10
0.0
 20
0.0
  9
$LIMMAX
 10
12.0
 20
9.0
  9
$ORTHOMODE
 70
     0
  9
$REGENMODE
 70
     1
  9
$FILLMODE
 70
     1
  9
$QTEXTMODE
 70
     0
  9
$MIRRTEXT
 70
     0
  9
$LTSCALE
 40
50.0
  9
$ATTMODE
 70
     1
  9
$TEXTSIZE
 40
0.2
  9
$TRACEWID
 40
0.05
  9
$TEXTSTYLE
  7
Standard
  9
$CLAYER
  8
0
  9
$CELTYPE
  6
ByLayer
  9
$CECOLOR
 62
   256
  9
$CELTSCALE
 40
10.0
  9
$DISPSILH
 70
     0
  9
$DIMSCALE
 40
1.0
  9
$DIMASZ
 40
1.5
  9
$DIMEXO
 40
10.0
  9
$DIMDLI
 40
0.38
  9
$DIMRND
 40
0.0
  9
$DIMDLE
 40
0.0
  9
$DIMEXE
 40
0.5
  9
$DIMTP
 40
0.0
  9
$DIMTM
 40
0.0
  9
$DIMTXT
 40
2.5
  9
$DIMCEN
 40
0.09
  9
$DIMTSZ
 40
0.0
  9
$DIMTOL
 70
     0
  9
$DIMLIM
 70
     0
  9
$DIMTIH
 70
     1
  9
$DIMTOH
 70
     1
  9
$DIMSE1
 70
     0
  9
$DIMSE2
 70
     0
  9
$DIMTAD
 70
     1
  9
$DIMZIN
 70
     0
  9
$DIMBLK
  1

  9
$DIMASO
 70
     1
  9
$DIMSHO
 70
     1
  9
$DIMPOST
  1

  9
$DIMAPOST
  1

  9
$DIMALT
 70
     0
  9
$DIMALTD
 70
     2
  9
$DIMALTF
 40
25.4
  9
$DIMLFAC
 40
1.0
  9
$DIMTOFL
 70
     0
  9
$DIMTVP
 40
0.0
  9
$DIMTIX
 70
     0
  9
$DIMSOXD
 70
     0
  9
$DIMSAH
 70
     0
  9
$DIMBLK1
  1

  9
$DIMBLK2
  1

  9
$DIMSTYLE
  2
Standard
  9
$DIMCLRD
 70
     0
  9
$DIMCLRE
 70
     0
  9
$DIMCLRT
 70
     0
  9
$DIMTFAC
 40
1.0
  9
$DIMGAP
 40
0.09
  9
$DIMJUST
 70
     0
  9
$DIMSD1
 70
     0
  9
$DIMSD2
 70
     0
  9
$DIMTOLJ
 70
     1
  9
$DIMTZIN
 70
     0
  9
$DIMALTZ
 70
     0
  9
$DIMALTTZ
 70
     0
  9
$DIMUPT
 70
     0
  9
$DIMDEC
 70
     4
  9
$DIMTDEC
 70
     4
  9
$DIMALTU
 70
     2
  9
$DIMALTTD
 70
     2
  9
$DIMTXSTY
  7
Standard
  9
$DIMAUNIT
 70
     0
  9
$DIMADEC
 70
     0
  9
$DIMALTRND
 40
0.0
  9
$DIMAZIN
 70
     0
  9
$DIMDSEP
 70
    46
  9
$DIMATFIT
 70
     3
  9
$DIMFRAC
 70
     0
  9
$DIMLDRBLK
  1

  9
$DIMLUNIT
 70
     2
  9
$DIMLWD
 70
    -2
  9
$DIMLWE
 70
    -2
  9
$DIMTMOVE
 70
     0
  9
$DIMFXL
 40
1.0
  9
$DIMFXLON
 70
     0
  9
$DIMJOGANG
 40
0.7853981633974483
  9
$DIMTFILL
 70
     0
  9
$DIMTFILLCLR
 70
     0
  9
$DIMARCSYM
 70
     0
  9
$DIMLTYPE
  6

  9
$DIMLTEX1
  6

  9
$DIMLTEX2
  6

  9
$DIMTXTDIRECTION
 70
     0
  9
$LUNITS
 70
     2
  9
$LUPREC
 70
     4
  9
$SKETCHINC
 40
0.1
  9
$FILLETRAD
 40
0.0
  9
$AUNITS
 70
     0
  9
$AUPREC
 70
     0
  9
$MENU
  1
.
  9
$ELEVATION
 40
0.0
  9
$PELEVATION
 40
0.0
  9
$THICKNESS
 40
0.0
  9
$LIMCHECK
 70
     0
  9
$CHAMFERA
 40
0.0
  9
$CHAMFERB
 40
0.0
  9
$CHAMFERC
 40
0.0
  9
$CHAMFERD
 40
0.0
  9
$SKPOLY
 70
     0
  9
$TDCREATE
 40
2461054.037673612
  9
$TDUCREATE
 40
2461053.808506945
  9
$TDUPDATE
 40
2461213.722280093
  9
$TDUUPDATE
 40
2461213.493113426
  9
$TDINDWG
 40
2.5084259259
  9
$TDUSRTIMER
 40
2.5084259259
  9
$USRTIMER
 70
     1
  9
$ANGBASE
 50
0.0
  9
$ANGDIR
 70
     0
  9
$PDMODE
 70
     0
  9
$PDSIZE
 40
0.0
  9
$PLINEWID
 40
0.0
  9
$SPLFRAME
 70
     0
  9
$SPLINETYPE
 70
     6
  9
$SPLINESEGS
 70
     8
  9
$HANDSEED
  5
D6A
  9
$SURFTAB1
 70
     6
  9
$SURFTAB2
 70
     6
  9
$SURFTYPE
 70
     6
  9
$SURFU
 70
     6
  9
$SURFV
 70
     6
  9
$UCSBASE
  2

  9
$UCSNAME
  2

  9
$UCSORG
 10
-603.1875710849581
 20
0.0
 30
0.0
  9
$UCSXDIR
 10
1.0
 20
0.0
 30
0.0
  9
$UCSYDIR
 10
0.0
 20
1.0
 30
0.0
  9
$UCSORTHOREF
  2

  9
$UCSORTHOVIEW
 70
     0
  9
$UCSORGTOP
 10
0.0
 20
0.0
 30
0.0
  9
$UCSORGBOTTOM
 10
0.0
 20
0.0
 30
0.0
  9
$UCSORGLEFT
 10
0.0
 20
0.0
 30
0.0
  9
$UCSORGRIGHT
 10
0.0
 20
0.0
 30
0.0
  9
$UCSORGFRONT
 10
0.0
 20
0.0
 30
0.0
  9
$UCSORGBACK
 10
0.0
 20
0.0
 30
0.0
  9
$PUCSBASE
  2

  9
$PUCSNAME
  2

  9
$PUCSORG
 10
0.0
 20
0.0
 30
0.0
  9
$PUCSXDIR
 10
1.0
 20
0.0
 30
0.0
  9
$PUCSYDIR
 10
0.0
 20
1.0
 30
0.0
  9
$PUCSORTHOREF
  2

  9
$PUCSORTHOVIEW
 70
     0
  9
$PUCSORGTOP
 10
0.0
 20
0.0
 30
0.0
  9
$PUCSORGBOTTOM
 10
0.0
 20
0.0
 30
0.0
  9
$PUCSORGLEFT
 10
0.0
 20
0.0
 30
0.0
  9
$PUCSORGRIGHT
 10
0.0
 20
0.0
 30
0.0
  9
$PUCSORGFRONT
 10
0.0
 20
0.0
 30
0.0
  9
$PUCSORGBACK
 10
0.0
 20
0.0
 30
0.0
  9
$USERI1
 70
     0
  9
$USERI2
 70
     0
  9
$USERI3
 70
     0
  9
$USERI4
 70
     0
  9
$USERI5
 70
     0
  9
$USERR1
 40
0.0
  9
$USERR2
 40
0.0
  9
$USERR3
 40
0.0
  9
$USERR4
 40
0.0
  9
$USERR5
 40
0.0
  9
$WORLDVIEW
 70
     1
  9
$SHADEDGE
 70
     3
  9
$SHADEDIF
 70
    70
  9
$TILEMODE
 70
     1
  9
$MAXACTVP
 70
    64
  9
$PINSBASE
 10
0.0
 20
0.0
 30
0.0
  9
$PLIMCHECK
 70
     0
  9
$PEXTMIN
 10
0.0
 20
0.0
 30
0.0
  9
$PEXTMAX
 10
0.0
 20
0.0
 30
0.0
  9
$PLIMMIN
 10
0.0
 20
0.0
  9
$PLIMMAX
 10
12.0
 20
9.0
  9
$UNITMODE
 70
     0
  9
$VISRETAIN
 70
     1
  9
$PLINEGEN
 70
     0
  9
$PSLTSCALE
 70
     1
  9
$TREEDEPTH
 70
  3020
  9
$CMLSTYLE
  2
Standard
  9
$CMLJUST
 70
     0
  9
$CMLSCALE
 40
1.0
  9
$PROXYGRAPHICS
 70
     1
  9
$MEASUREMENT
 70
     0
  9
$CELWEIGHT
370
    -1
  9
$ENDCAPS
280
     0
  9
$JOINSTYLE
280
     0
  9
$LWDISPLAY
290
     0
  9
$INSUNITS
 70
     5
  9
$HYPERLINKBASE
  1

  9
$STYLESHEET
  1

  9
$XEDIT
290
     1
  9
$CEPSNTYPE
380
     0
  9
$PSTYLEMODE
290
     1
  9
$FINGERPRINTGUID
  2
{16613463-E535-124D-8016-D38ACF4AEE10}
  9
$VERSIONGUID
  2
{914C45EB-2E39-4A43-9382-853FFC77054F}
  9
$EXTNAMES
290
     1
  9
$PSVPSCALE
 40
0.0
  9
$OLESTARTUP
290
     0
  9
$SORTENTS
280
   127
  9
$INDEXCTL
280
     0
  9
$HIDETEXT
280
     1
  9
$XCLIPFRAME
280
     2
  9
$HALOGAP
280
     0
  9
$OBSCOLOR
 70
   257
  9
$OBSLTYPE
280
     0
  9
$INTERSECTIONDISPLAY
280
     0
  9
$INTERSECTIONCOLOR
 70
   257
  9
$DIMASSOC
280
     2
  9
$PROJECTNAME
  1

  9
$CAMERADISPLAY
290
     0
  9
$LENSLENGTH
 40
50.0
  9
$CAMERAHEIGHT
 40
0.0
  9
$STEPSPERSEC
 40
2.0
  9
$STEPSIZE
 40
6.0
  9
$3DDWFPREC
 40
2.0
  9
$PSOLWIDTH
 40
0.25
  9
$PSOLHEIGHT
 40
4.0
  9
$LOFTANG1
 40
1.570796326794896
  9
$LOFTANG2
 40
1.570796326794896
  9
$LOFTMAG1
 40
0.0
  9
$LOFTMAG2
 40
0.0
  9
$LOFTPARAM
 70
     7
  9
$LOFTNORMALS
280
     1
  9
$LATITUDE
 40
37.795
  9
$LONGITUDE
 40
-122.394
  9
$NORTHDIRECTION
 40
0.0
  9
$TIMEZONE
 70
 -8000
  9
$LIGHTGLYPHDISPLAY
280
     1
  9
$TILEMODELIGHTSYNCH
280
     1
  9
$CMATERIAL
347
96
  9
$SOLIDHIST
280
     0
  9
$SHOWHIST
280
     1
  9
$DWFFRAME
280
     2
  9
$DGNFRAME
280
     0
  9
$REALWORLDSCALE
290
     1
  9
$INTERFERECOLOR
 62
     1
  9
$INTERFEREOBJVS
345
A3
  9
$INTERFEREVPVS
346
A0
  9
$CSHADOW
280
     0
  9
$SHADOWPLANELOCATION
 40
0.0
  0
ENDSEC
  0
SECTION
  2
CLASSES
  0
CLASS
  1
ACDBDICTIONARYWDFLT
  2
AcDbDictionaryWithDefault
  3
ObjectDBX Classes
 90
        0
 91
        1
280
     0
281
     0
  0
CLASS
  1
DICTIONARYVAR
  2
AcDbDictionaryVar
  3
ObjectDBX Classes
 90
        0
 91
        5
280
     0
281
     0
  0
CLASS
  1
TABLESTYLE
  2
AcDbTableStyle
  3
ObjectDBX Classes
 90
     4095
 91
        1
280
     0
281
     0
  0
CLASS
  1
MATERIAL
  2
AcDbMaterial
  3
ObjectDBX Classes
 90
     1153
 91
        3
280
     0
281
     0
  0
CLASS
  1
VISUALSTYLE
  2
AcDbVisualStyle
  3
ObjectDBX Classes
 90
     4095
 91
       24
280
     0
281
     0
  0
CLASS
  1
SCALE
  2
AcDbScale
  3
ObjectDBX Classes
 90
     1153
 91
       33
280
     0
281
     0
  0
CLASS
  1
MLEADERSTYLE
  2
AcDbMLeaderStyle
  3
ACDB_MLEADERSTYLE_CLASS
 90
     4095
 91
        2
280
     0
281
     0
  0
CLASS
  1
CELLSTYLEMAP
  2
AcDbCellStyleMap
  3
ObjectDBX Classes
 90
     1152
 91
        1
280
     0
281
     0
  0
CLASS
  1
EXACXREFPANELOBJECT
  2
ExAcXREFPanelObject
  3
EXAC_ESW
 90
     1025
 91
        0
280
     0
281
     0
  0
CLASS
  1
NPOCOLLECTION
  2
AcDbImpNonPersistentObjectsCollection
  3
ObjectDBX Classes
 90
     1153
 91
        0
280
     0
281
     0
  0
CLASS
  1
LAYER_INDEX
  2
AcDbLayerIndex
  3
ObjectDBX Classes
 90
        0
 91
        0
280
     0
281
     0
  0
CLASS
  1
SPATIAL_INDEX
  2
AcDbSpatialIndex
  3
ObjectDBX Classes
 90
        0
 91
        0
280
     0
281
     0
  0
CLASS
  1
IDBUFFER
  2
AcDbIdBuffer
  3
ObjectDBX Classes
 90
        0
 91
        0
280
     0
281
     0
  0
CLASS
  1
ACDBSECTIONVIEWSTYLE
  2
AcDbSectionViewStyle
  3
ObjectDBX Classes
 90
     1025
 91
        1
280
     0
281
     0
  0
CLASS
  1
ACDBDETAILVIEWSTYLE
  2
AcDbDetailViewStyle
  3
ObjectDBX Classes
 90
     1025
 91
        1
280
     0
281
     0
  0
CLASS
  1
SORTENTSTABLE
  2
AcDbSortentsTable
  3
ObjectDBX Classes
 90
        0
 91
        3
280
     0
281
     0
  0
CLASS
  1
ACARRAYJIGENTITY
  2
AcArrayJigEntity
  3
ACAD_ARRAY
 90
      129
 91
        0
280
     0
281
     1
  0
CLASS
  1
ACDBASSOCNETWORK
  2
AcDbAssocNetwork
  3
ObjectDBX Classes
 90
     1025
 91
        0
280
     0
281
     0
  0
CLASS
  1
ACDBASSOCACTION
  2
AcDbAssocAction
  3
ObjectDBX Classes
 90
     1025
 91
        0
280
     0
281
     0
  0
CLASS
  1
ACDBASSOCARRAYACTIONBODY
  2
AcDbAssocArrayActionBody
  3
ObjectDBX Classes
 90
     1025
 91
        0
280
     0
281
     0
  0
CLASS
  1
ACDBASSOCVERTEXACTIONPARAM
  2
AcDbAssocVertexActionParam
  3
ObjectDBX Classes
 90
     1025
 91
        0
280
     0
281
     0
  0
CLASS
  1
ACDBASSOCDEPENDENCY
  2
AcDbAssocDependency
  3
ObjectDBX Classes
 90
     1025
 91
        0
280
     0
281
     0
  0
CLASS
  1
ACDBASSOCARRAYRECTANGULARPARAMETERS
  2
AcDbAssocArrayRectangularParameters
  3
ObjectDBX Classes
 90
     1025
 91
        0
280
     0
281
     0
  0
CLASS
  1
DIMASSOC
  2
AcDbDimAssoc
  3
"AcDbDimAssoc|Product Desc:     AcDim ARX App For Dimension|Company:          Autodesk, Inc.|WEB Address:      www.autodesk.com"
 90
        0
 91
       12
280
     0
281
     0
  0
CLASS
  1
AcDbCenterMarkActionBody
  2
AcDbCenterMarkActionBody
  3
AcDbSmartCenter
 90
     1153
 91
        0
280
     0
281
     0
  0
CLASS
  1
ACDBASSOCEDGEACTIONPARAM
  2
AcDbAssocEdgeActionParam
  3
ObjectDBX Classes
 90
     1025
 91
        0
280
     0
281
     0
  0
CLASS
  1
ACDBASSOCGEOMDEPENDENCY
  2
AcDbAssocGeomDependency
  3
ObjectDBX Classes
 90
     1025
 91
        0
280
     0
281
     0
  0
CLASS
  1
AcDbCenterLineActionBody
  2
AcDbCenterLineActionBody
  3
AcDbSmartCenter
 90
     1153
 91
        0
280
     0
281
     0
  0
CLASS
  1
SOLID_BACKGROUND
  2
AcDbSolidBackground
  3
SCENEOE
 90
     4095
 91
        0
280
     0
281
     0
  0
CLASS
  1
ACAD_EVALUATION_GRAPH
  2
AcDbEvalGraph
  3
ObjectDBX Classes
 90
     1153
 91
        0
280
     0
281
     0
  0
CLASS
  1
BLOCKBASEPOINTPARAMETER
  2
AcDbBlockBasepointParameter
  3
ObjectDBX Classes
 90
     1153
 91
        0
280
     0
281
     0
  0
CLASS
  1
BLOCKLINEARPARAMETER
  2
AcDbBlockLinearParameter
  3
ObjectDBX Classes
 90
     1153
 91
        0
280
     0
281
     0
  0
CLASS
  1
BLOCKLINEARGRIP
  2
AcDbBlockLinearGrip
  3
ObjectDBX Classes
 90
     1153
 91
        0
280
     0
281
     0
  0
CLASS
  1
BLOCKGRIPLOCATIONCOMPONENT
  2
AcDbBlockGripExpr
  3
ObjectDBX Classes
 90
     1153
 91
        0
280
     0
281
     0
  0
CLASS
  1
BLOCKSTRETCHACTION
  2
AcDbBlockStretchAction
  3
ObjectDBX Classes
 90
     1153
 91
        0
280
     0
281
     0
  0
CLASS
  1
BLOCKARRAYACTION
  2
AcDbBlockArrayAction
  3
ObjectDBX Classes
 90
     1153
 91
        0
280
     0
281
     0
  0
CLASS
  1
ACDB_DYNAMICBLOCKPURGEPREVENTER_VERSION
  2
AcDbDynamicBlockPurgePreventer
  3
ObjectDBX Classes
 90
     1153
 91
        0
280
     0
281
     0
  0
ENDSEC
  0
SECTION
  2
TABLES
  0
TABLE
  2
VPORT
  5
8
330
0
100
AcDbSymbolTable
 70
     1
  0
VPORT
  5
94
330
8
100
AcDbSymbolTableRecord
100
AcDbViewportTableRecord
  2
*Active
 70
     0
 10
0.0
 20
0.0
 11
1.0
 21
1.0
 12
882.7119324630674
 22
388.7411607869368
 13
0.0
 23
0.0
 14
0.5
 24
0.5
 15
0.5
 25
0.5
 16
0.0
 26
0.0
 36
1.0
 17
0.0
 27
0.0
 37
0.0
 40
1437.519027220365
 41
2.535006605019815
 42
50.0
 43
0.0
 44
0.0
 50
0.0
 51
0.0
 71
     0
 72
  1000
 73
     1
 74
     3
 75
     0
 76
     0
 77
     0
 78
     0
281
     0
 65
     1
110
-603.1875710849581
120
0.0
130
0.0
111
1.0
121
0.0
131
0.0
112
0.0
122
1.0
132
0.0
 79
     0
146
0.0
348
9F
 60
     3
 61
     5
292
     1
282
     1
141
0.0
142
0.0
 63
   250
421
  3355443
1001
ACAD_NAV_VCDISPLAY
1070
     3
  0
ENDTAB
  0
TABLE
  2
LTYPE
  5
5
330
0
100
AcDbSymbolTable
 70
     4
  0
LTYPE
  5
14
330
5
100
AcDbSymbolTableRecord
100
AcDbLinetypeTableRecord
  2
ByBlock
 70
     0
  3

 72
    65
 73
     0
 40
0.0
  0
LTYPE
  5
15
330
5
100
AcDbSymbolTableRecord
100
AcDbLinetypeTableRecord
  2
ByLayer
 70
     0
  3

 72
    65
 73
     0
 40
0.0
  0
LTYPE
  5
16
330
5
100
AcDbSymbolTableRecord
100
AcDbLinetypeTableRecord
  2
Continuous
 70
     0
  3
Solid line
 72
    65
 73
     0
 40
0.0
  0
LTYPE
  5
35A
330
5
100
AcDbSymbolTableRecord
100
AcDbLinetypeTableRecord
  2
ACAD_ISO02W100
 70
     0
  3
ISO dash __ __ __ __ __ __ __ __ __ __ __ __ __
 72
    65
 73
     2
 40
15.0
 49
12.0
 74
     0
 49
-3.0
 74
     0
  0
LTYPE
  5
420
330
5
100
AcDbSymbolTableRecord
100
AcDbLinetypeTableRecord
  2
CENTER
 70
     0
  3
Center ____ _ ____ _ ____ _ ____ _ ____ _ ____
 72
    65
 73
     4
 40
2.0
 49
1.25
 74
     0
 49
-0.25
 74
     0
 49
0.25
 74
     0
 49
-0.25
 74
     0
  0
LTYPE
  5
433
330
5
100
AcDbSymbolTableRecord
100
AcDbLinetypeTableRecord
  2
CENTER2
 70
     0
  3
Center (.5x) ___ _ ___ _ ___ _ ___ _ ___ _ ___
 72
    65
 73
     4
 40
1.125
 49
0.75
 74
     0
 49
-0.125
 74
     0
 49
0.125
 74
     0
 49
-0.125
 74
     0
  0
ENDTAB
  0
TABLE
  2
LAYER
  5
2
102
{ACAD_XDICTIONARY
360
18E
102
}
330
0
100
AcDbSymbolTable
 70
     2
  0
LAYER
  5
10
102
{ACAD_XDICTIONARY
360
E6
102
}
330
2
100
AcDbSymbolTableRecord
100
AcDbLayerTableRecord
  2
0
 70
     0
 62
     7
  6
Continuous
370
    -3
390
F
347
98
  0
LAYER
  5
35E
330
2
100
AcDbSymbolTableRecord
100
AcDbLayerTableRecord
  2
Defpoints
 70
     0
 62
     7
  6
Continuous
290
     0
370
    -3
390
F
347
98
  0
ENDTAB
  0
TABLE
  2
STYLE
  5
3
330
0
100
AcDbSymbolTable
 70
     3
  0
STYLE
  5
11
330
3
100
AcDbSymbolTableRecord
100
AcDbTextStyleTableRecord
  2
Standard
 70
     0
 40
0.0
 41
1.0
 50
0.0
 71
     0
 42
0.2
  3
arial.ttf
  4

1001
ACAD
1000
Arial
1071
       34
  0
STYLE
  5
DC
330
3
100
AcDbSymbolTableRecord
100
AcDbTextStyleTableRecord
  2
Annotative
 70
     0
 40
0.0
 41
1.0
 50
0.0
 71
     0
 42
0.2
  3
arial.ttf
  4

1001
AcadAnnotative
1000
AnnotativeData
1002
{
1070
     1
1070
     1
1002
}
1001
ACAD
1000
Arial
1071
       34
  0
STYLE
  5
359
330
3
100
AcDbSymbolTableRecord
100
AcDbTextStyleTableRecord
  2

 70
     1
 40
0.0
 41
1.0
 50
0.0
 71
     0
 42
0.2
  3
ltypeshp.shx
  4

  0
ENDTAB
  0
TABLE
  2
VIEW
  5
6
330
0
100
AcDbSymbolTable
 70
     0
  0
ENDTAB
  0
TABLE
  2
UCS
  5
7
330
0
100
AcDbSymbolTable
 70
     0
  0
ENDTAB
  0
TABLE
  2
APPID
  5
9
330
0
100
AcDbSymbolTable
 70
    12
  0
APPID
  5
12
330
9
100
AcDbSymbolTableRecord
100
AcDbRegAppTableRecord
  2
ACAD
 70
     0
  0
APPID
  5
DD
330
9
100
AcDbSymbolTableRecord
100
AcDbRegAppTableRecord
  2
AcadAnnoPO
 70
     0
  0
APPID
  5
DE
330
9
100
AcDbSymbolTableRecord
100
AcDbRegAppTableRecord
  2
AcadAnnotative
 70
     0
  0
APPID
  5
DF
330
9
100
AcDbSymbolTableRecord
100
AcDbRegAppTableRecord
  2
ACAD_DSTYLE_DIMJAG
 70
     0
  0
APPID
  5
E0
330
9
100
AcDbSymbolTableRecord
100
AcDbRegAppTableRecord
  2
ACAD_DSTYLE_DIMTALN
 70
     0
  0
APPID
  5
107
330
9
100
AcDbSymbolTableRecord
100
AcDbRegAppTableRecord
  2
ACAD_MLEADERVER
 70
     0
  0
APPID
  5
1A6
330
9
100
AcDbSymbolTableRecord
100
AcDbRegAppTableRecord
  2
ACAD_NAV_VCDISPLAY
 70
     0
  0
APPID
  5
25A
330
9
100
AcDbSymbolTableRecord
100
AcDbRegAppTableRecord
  2
ACAD_EXEMPT_FROM_CAD_STANDARDS
 70
     0
  0
APPID
  5
425
330
9
100
AcDbSymbolTableRecord
100
AcDbRegAppTableRecord
  2
ACAD_DSTYLE_DIMRADIAL_EXTENSION
 70
     0
  0
APPID
  5
5A8
330
9
100
AcDbSymbolTableRecord
100
AcDbRegAppTableRecord
  2
Acad_TC
 70
     0
  0
APPID
  5
BD1
330
9
100
AcDbSymbolTableRecord
100
AcDbRegAppTableRecord
  2
GradientColor1ACI
 70
     0
  0
APPID
  5
BD2
330
9
100
AcDbSymbolTableRecord
100
AcDbRegAppTableRecord
  2
GradientColor2ACI
 70
     0
  0
ENDTAB
  0
TABLE
  2
DIMSTYLE
  5
A
330
0
100
AcDbSymbolTable
 70
     2
100
AcDbDimStyleTable
 71
     2
340
27
340
E1
  0
DIMSTYLE
105
27
102
{ACAD_REACTORS
330
761
330
7B5
330
7E9
330
988
330
9A6
330
A7E
330
A85
330
A89
330
A7F
330
A82
330
B6F
330
B70
330
B73
330
B76
330
B7A
102
}
330
A
100
AcDbSymbolTableRecord
100
AcDbDimStyleTableRecord
  2
Standard
 70
     0
 41
1.5
 42
10.0
 44
0.5
 77
     1
140
2.5
340
11
1001
ACAD_DSTYLE_DIMJAG
1070
   388
1040
1.5
1001
ACAD_DSTYLE_DIMTALN
1070
   392
1070
     0
  0
DIMSTYLE
105
E1
330
A
100
AcDbSymbolTableRecord
100
AcDbDimStyleTableRecord
  2
Annotative
 70
     0
 40
0.0
340
11
1001
AcadAnnotative
1000
AnnotativeData
1002
{
1070
     1
1070
     1
1002
}
1001
ACAD_DSTYLE_DIMJAG
1070
   388
1040
1.5
1001
ACAD_DSTYLE_DIMTALN
1070
   392
1070
     0
  0
ENDTAB
  0
TABLE
  2
BLOCK_RECORD
  5
1
330
0
100
AcDbSymbolTable
 70
    18
  0
BLOCK_RECORD
  5
1F
102
{ACAD_XDICTIONARY
360
15D
102
}
330
1
100
AcDbSymbolTableRecord
100
AcDbBlockTableRecord
  2
*Model_Space
340
22
 70
     0
280
     1
281
     0
  0
BLOCK_RECORD
  5
58
330
1
100
AcDbSymbolTableRecord
100
AcDbBlockTableRecord
  2
*Paper_Space
340
59
 70
     0
280
     1
281
     0
  0
BLOCK_RECORD
  5
5D
330
1
100
AcDbSymbolTableRecord
100
AcDbBlockTableRecord
  2
*Paper_Space0
340
5E
 70
     0
280
     1
281
     0
  0
BLOCK_RECORD
  5
762
330
1
100
AcDbSymbolTableRecord
100
AcDbBlockTableRecord
  2
*D1
340
0
 70
     0
280
     1
281
     0
  0
BLOCK_RECORD
  5
7B6
330
1
100
AcDbSymbolTableRecord
100
AcDbBlockTableRecord
  2
*D2
340
0
 70
     0
280
     1
281
     0
  0
BLOCK_RECORD
  5
7EA
330
1
100
AcDbSymbolTableRecord
100
AcDbBlockTableRecord
  2
*D3
340
0
 70
     0
280
     1
281
     0
  0
BLOCK_RECORD
  5
989
330
1
100
AcDbSymbolTableRecord
100
AcDbBlockTableRecord
  2
*D4
340
0
 70
     0
280
     1
281
     0
  0
BLOCK_RECORD
  5
9A7
330
1
100
AcDbSymbolTableRecord
100
AcDbBlockTableRecord
  2
*D5
340
0
 70
     0
280
     1
281
     0
  0
BLOCK_RECORD
  5
A8C
330
1
100
AcDbSymbolTableRecord
100
AcDbBlockTableRecord
  2
*D6
340
0
 70
     0
280
     1
281
     0
  0
BLOCK_RECORD
  5
AA1
330
1
100
AcDbSymbolTableRecord
100
AcDbBlockTableRecord
  2
*D7
340
0
 70
     0
280
     1
281
     0
  0
BLOCK_RECORD
  5
AAD
330
1
100
AcDbSymbolTableRecord
100
AcDbBlockTableRecord
  2
*D8
340
0
 70
     0
280
     1
281
     0
  0
BLOCK_RECORD
  5
AB9
330
1
100
AcDbSymbolTableRecord
100
AcDbBlockTableRecord
  2
*D9
340
0
 70
     0
280
     1
281
     0
  0
BLOCK_RECORD
  5
AC6
330
1
100
AcDbSymbolTableRecord
100
AcDbBlockTableRecord
  2
*D10
340
0
 70
     0
280
     1
281
     0
  0
BLOCK_RECORD
  5
B7D
330
1
100
AcDbSymbolTableRecord
100
AcDbBlockTableRecord
  2
*D11
340
0
 70
     0
280
     1
281
     0
  0
BLOCK_RECORD
  5
B92
330
1
100
AcDbSymbolTableRecord
100
AcDbBlockTableRecord
  2
*D12
340
0
 70
     0
280
     1
281
     0
  0
BLOCK_RECORD
  5
B9F
330
1
100
AcDbSymbolTableRecord
100
AcDbBlockTableRecord
  2
*D13
340
0
 70
     0
280
     1
281
     0
  0
BLOCK_RECORD
  5
BAC
330
1
100
AcDbSymbolTableRecord
100
AcDbBlockTableRecord
  2
*D14
340
0
 70
     0
280
     1
281
     0
  0
BLOCK_RECORD
  5
BB8
330
1
100
AcDbSymbolTableRecord
100
AcDbBlockTableRecord
  2
*D15
340
0
 70
     0
280
     1
281
     0
  0
BLOCK_RECORD
  5
BD3
102
{ACAD_XDICTIONARY
360
BD8
102
}
330
1
100
AcDbSymbolTableRecord
100
AcDbBlockTableRecord
  2
9 X 9inc  (0.23x 0.23mm)
340
0
102
{BLKREFS
331
C57
331
C59
331
C5A
331
C5B
331
C5C
331
C5D
331
C5E
331
C5F
331
C61
102
}
 70
     1
280
     1
281
     0
  0
BLOCK_RECORD
  5
BDD
102
{ACAD_XDICTIONARY
360
BE3
102
}
330
1
100
AcDbSymbolTableRecord
100
AcDbBlockTableRecord
  2
9 x 12 inch
340
0
102
{BLKREFS
331
C62
331
C64
331
C65
331
C68
331
C70
102
}
 70
     1
280
     1
281
     0
  0
ENDTAB
  0
ENDSEC
  0
SECTION
  2
BLOCKS
  0
BLOCK
  5
20
330
1F
100
AcDbEntity
  8
0
100
AcDbBlockBegin
  2
*Model_Space
 70
     0
 10
0.0
 20
0.0
 30
0.0
  3
*Model_Space
  1

  0
ENDBLK
  5
21
330
1F
100
AcDbEntity
  8
0
100
AcDbBlockEnd
  0
BLOCK
  5
5A
330
58
100
AcDbEntity
 67
     1
  8
0
100
AcDbBlockBegin
  2
*Paper_Space
 70
     0
 10
0.0
 20
0.0
 30
0.0
  3
*Paper_Space
  1

  0
ENDBLK
  5
5B
330
58
100
AcDbEntity
 67
     1
  8
0
100
AcDbBlockEnd
  0
BLOCK
  5
5F
330
5D
100
AcDbEntity
 67
     1
  8
0
100
AcDbBlockBegin
  2
*Paper_Space0
 70
     0
 10
0.0
 20
0.0
 30
0.0
  3
*Paper_Space0
  1

  0
ENDBLK
  5
60
330
5D
100
AcDbEntity
 67
     1
  8
0
100
AcDbBlockEnd
  0
BLOCK
  5
763
330
762
100
AcDbEntity
  8
0
 48
10.0
100
AcDbBlockBegin
  2
*D1
 70
     1
 10
0.0
 20
0.0
 30
0.0
  3
*D1
  1

  0
LINE
  5
940
330
762
100
AcDbEntity
  8
0
 62
     0
440
 16777216
 48
10.0
370
    -2
100
AcDbLine
 10
518.8918270231834
 20
926.7565891578971
 30
0.0
 11
518.8918270231834
 21
932.8994991761355
 31
0.0
  0
LINE
  5
941
330
762
100
AcDbEntity
  8
0
 62
     0
440
 16777216
 48
10.0
370
    -2
100
AcDbLine
 10
741.8918270231833
 20
926.7565891578966
 30
0.0
 11
741.8918270231833
 21
932.8994991761355
 31
0.0
  0
LINE
  5
942
330
762
100
AcDbEntity
  8
0
 62
     0
440
 16777216
 48
10.0
370
    -2
100
AcDbLine
 10
520.3918270231834
 20
932.3994991761356
 30
0.0
 11
740.3918270231834
 21
932.3994991761356
 31
0.0
  0
SOLID
  5
943
330
762
100
AcDbEntity
  8
0
 62
     0
440
 16777216
 48
10.0
100
AcDbTrace
 10
520.3918270231834
 20
932.6494991761355
 30
0.0
 11
520.3918270231834
 21
932.1494991761355
 31
0.0
 12
518.8918270231834
 22
932.3994991761356
 32
0.0
 13
518.8918270231834
 23
932.3994991761356
 33
0.0
  0
SOLID
  5
944
330
762
100
AcDbEntity
  8
0
 62
     0
440
 16777216
 48
10.0
100
AcDbTrace
 10
740.3918270231834
 20
932.6494991761355
 30
0.0
 11
740.3918270231834
 21
932.1494991761355
 31
0.0
 12
741.8918270231833
 22
932.3994991761356
 32
0.0
 13
741.8918270231833
 23
932.3994991761356
 33
0.0
  0
MTEXT
  5
945
330
762
100
AcDbEntity
  8
0
 62
     0
440
 16777216
 48
10.0
100
AcDbMText
 10
630.3918270231833
 20
933.7667843057399
 30
0.0
 40
2.5
 41
0.0
 46
0.0
 71
     5
 72
     1
  1
\A1;223.0000
 73
     1
 44
1.0
  0
POINT
  5
946
330
762
100
AcDbEntity
  8
Defpoints
 62
     0
440
 16777216
 48
10.0
100
AcDbPoint
 10
518.8918270231834
 20
916.7565891578972
 30
0.0
  0
POINT
  5
947
330
762
100
AcDbEntity
  8
Defpoints
 62
     0
440
 16777216
 48
10.0
100
AcDbPoint
 10
741.8918270231833
 20
916.7565891578966
 30
0.0
  0
POINT
  5
948
330
762
100
AcDbEntity
  8
Defpoints
 62
     0
440
 16777216
 48
10.0
100
AcDbPoint
 10
741.8918270231833
 20
932.3994991761356
 30
0.0
  0
ENDBLK
  5
764
330
762
100
AcDbEntity
  8
0
 48
10.0
100
AcDbBlockEnd
  0
BLOCK
  5
7B7
330
7B6
100
AcDbEntity
  8
0
 48
10.0
100
AcDbBlockBegin
  2
*D2
 70
     1
 10
0.0
 20
0.0
 30
0.0
  3
*D2
  1

  0
LINE
  5
952
330
7B6
100
AcDbEntity
  8
0
 62
     0
440
 16777216
 48
10.0
370
    -2
100
AcDbLine
 10
356.4902455136354
 20
-148.52187373779
 30
0.0
 11
362.5237454716266
 21
-148.52187373779
 31
0.0
  0
LINE
  5
953
330
7B6
100
AcDbEntity
  8
0
 62
     0
440
 16777216
 48
10.0
370
    -2
100
AcDbLine
 10
356.4902455136354
 20
-178.52187373779
 30
0.0
 11
362.5237454716266
 21
-178.52187373779
 31
0.0
  0
LINE
  5
954
330
7B6
100
AcDbEntity
  8
0
 62
     0
440
 16777216
 48
10.0
370
    -2
100
AcDbLine
 10
362.0237454716266
 20
-150.02187373779
 30
0.0
 11
362.0237454716266
 21
-162.1545886081856
 31
0.0
  0
LINE
  5
955
330
7B6
100
AcDbEntity
  8
0
 62
     0
440
 16777216
 48
10.0
370
    -2
100
AcDbLine
 10
362.0237454716266
 20
-177.02187373779
 30
0.0
 11
362.0237454716266
 21
-164.8891588673944
 31
0.0
  0
SOLID
  5
956
330
7B6
100
AcDbEntity
  8
0
 62
     0
440
 16777216
 48
10.0
100
AcDbTrace
 10
361.7737454716266
 20
-150.02187373779
 30
0.0
 11
362.2737454716266
 21
-150.02187373779
 31
0.0
 12
362.0237454716266
 22
-148.52187373779
 32
0.0
 13
362.0237454716266
 23
-148.52187373779
 33
0.0
  0
SOLID
  5
957
330
7B6
100
AcDbEntity
  8
0
 62
     0
440
 16777216
 48
10.0
100
AcDbTrace
 10
361.7737454716266
 20
-177.02187373779
 30
0.0
 11
362.2737454716266
 21
-177.02187373779
 31
0.0
 12
362.0237454716266
 22
-178.52187373779
 32
0.0
 13
362.0237454716266
 23
-178.52187373779
 33
0.0
  0
MTEXT
  5
958
330
7B6
100
AcDbEntity
  8
0
 62
     0
440
 16777216
 48
10.0
100
AcDbMText
 10
362.0237454716265
 20
-163.5218737377901
 30
0.0
 40
2.5
 41
0.0
 46
0.0
 71
     5
 72
     1
  1
\A1;30.0000
 73
     1
 44
1.0
  0
POINT
  5
959
330
7B6
100
AcDbEntity
  8
Defpoints
 62
     0
440
 16777216
 48
10.0
100
AcDbPoint
 10
346.4902455136354
 20
-148.52187373779
 30
0.0
  0
POINT
  5
95A
330
7B6
100
AcDbEntity
  8
Defpoints
 62
     0
440
 16777216
 48
10.0
100
AcDbPoint
 10
346.4902455136354
 20
-178.52187373779
 30
0.0
  0
POINT
  5
95B
330
7B6
100
AcDbEntity
  8
Defpoints
 62
     0
440
 16777216
 48
10.0
100
AcDbPoint
 10
362.0237454716266
 20
-178.52187373779
 30
0.0
  0
ENDBLK
  5
7B8
330
7B6
100
AcDbEntity
  8
0
 48
10.0
100
AcDbBlockEnd
  0
BLOCK
  5
7EB
330
7EA
100
AcDbEntity
  8
0
 48
10.0
100
AcDbBlockBegin
  2
*D3
 70
     1
 10
0.0
 20
0.0
 30
0.0
  3
*D3
  1

  0
LINE
  5
95C
330
7EA
100
AcDbEntity
  8
0
 62
     0
440
 16777216
 48
10.0
370
    -2
100
AcDbLine
 10
-3.977317956989281
 20
301.4781262622101
 30
0.0
 11
4.894042083018563
 21
301.4781262622101
 31
0.0
  0
LINE
  5
95D
330
7EA
100
AcDbEntity
  8
0
 62
     0
440
 16777216
 48
10.0
370
    -2
100
AcDbLine
 10
-3.97731795698928
 20
211.4781262622102
 30
0.0
 11
4.894042083018582
 21
211.4781262622102
 31
0.0
  0
LINE
  5
95E
330
7EA
100
AcDbEntity
  8
0
 62
     0
440
 16777216
 48
10.0
370
    -2
100
AcDbLine
 10
5.394042083018563
 20
299.9781262622101
 30
0.0
 11
5.394042083018573
 21
257.8445587315144
 31
0.0
  0
LINE
  5
95F
330
7EA
100
AcDbEntity
  8
0
 62
     0
440
 16777216
 48
10.0
370
    -2
100
AcDbLine
 10
5.394042083018582
 20
212.9781262622102
 30
0.0
 11
5.394042083018573
 21
255.111693792906
 31
0.0
  0
SOLID
  5
960
330
7EA
100
AcDbEntity
  8
0
 62
     0
440
 16777216
 48
10.0
100
AcDbTrace
 10
5.144042083018563
 20
299.9781262622101
 30
0.0
 11
5.644042083018563
 21
299.9781262622101
 31
0.0
 12
5.394042083018563
 22
301.4781262622101
 32
0.0
 13
5.394042083018563
 23
301.4781262622101
 33
0.0
  0
SOLID
  5
961
330
7EA
100
AcDbEntity
  8
0
 62
     0
440
 16777216
 48
10.0
100
AcDbTrace
 10
5.144042083018582
 20
212.9781262622102
 30
0.0
 11
5.644042083018582
 21
212.9781262622102
 31
0.0
 12
5.394042083018582
 22
211.4781262622102
 32
0.0
 13
5.394042083018582
 23
211.4781262622102
 33
0.0
  0
MTEXT
  5
962
330
7EA
100
AcDbEntity
  8
0
 62
     0
440
 16777216
 48
10.0
100
AcDbMText
 10
5.394042083018645
 20
256.4781262622101
 30
0.0
 40
2.5
 41
0.0
 46
0.0
 71
     5
 72
     1
  1
\A1;90.0000
 73
     1
 44
1.0
  0
POINT
  5
963
330
7EA
100
AcDbEntity
  8
Defpoints
 62
     0
440
 16777216
 48
10.0
100
AcDbPoint
 10
6.022682043010721
 20
301.4781262622101
 30
0.0
  0
POINT
  5
964
330
7EA
100
AcDbEntity
  8
Defpoints
 62
     0
440
 16777216
 48
10.0
100
AcDbPoint
 10
6.022682043010721
 20
211.4781262622102
 30
0.0
  0
POINT
  5
965
330
7EA
100
AcDbEntity
  8
Defpoints
 62
     0
440
 16777216
 48
10.0
100
AcDbPoint
 10
5.394042083018582
 20
211.4781262622102
 30
0.0
  0
ENDBLK
  5
7EC
330
7EA
100
AcDbEntity
  8
0
 48
10.0
100
AcDbBlockEnd
  0
BLOCK
  5
98A
330
989
100
AcDbEntity
  8
0
 48
10.0
100
AcDbBlockBegin
  2
*D4
 70
     1
 10
0.0
 20
0.0
 30
0.0
  3
*D4
  1

  0
LINE
  5
996
330
989
100
AcDbEntity
  8
0
 62
     0
440
 16777216
 48
10.0
370
    -2
100
AcDbLine
 10
-31.50975448636473
 20
201.4781262622101
 30
0.0
 11
-31.50975448636473
 21
203.771655229415
 31
0.0
  0
LINE
  5
997
330
989
100
AcDbEntity
  8
0
 62
     0
440
 16777216
 48
10.0
370
    -2
100
AcDbLine
 10
-6.509754486364728
 20
201.4781262622101
 30
0.0
 11
-6.509754486364728
 21
203.771655229415
 31
0.0
  0
LINE
  5
998
330
989
100
AcDbEntity
  8
0
 62
     0
440
 16777216
 48
10.0
370
    -2
100
AcDbLine
 10
-30.00975448636473
 20
204.271655229415
 30
0.0
 11
-8.009754486364727
 21
204.271655229415
 31
0.0
  0
SOLID
  5
999
330
989
100
AcDbEntity
  8
0
 62
     0
440
 16777216
 48
10.0
100
AcDbTrace
 10
-30.00975448636473
 20
204.521655229415
 30
0.0
 11
-30.00975448636473
 21
204.021655229415
 31
0.0
 12
-31.50975448636473
 22
204.271655229415
 32
0.0
 13
-31.50975448636473
 23
204.271655229415
 33
0.0
  0
SOLID
  5
99A
330
989
100
AcDbEntity
  8
0
 62
     0
440
 16777216
 48
10.0
100
AcDbTrace
 10
-8.009754486364727
 20
204.521655229415
 30
0.0
 11
-8.009754486364727
 21
204.021655229415
 31
0.0
 12
-6.509754486364727
 22
204.271655229415
 32
0.0
 13
-6.509754486364727
 23
204.271655229415
 33
0.0
  0
MTEXT
  5
99B
330
989
100
AcDbEntity
  8
0
 62
     0
440
 16777216
 48
10.0
100
AcDbMText
 10
-19.00975448636472
 20
205.6380876987193
 30
0.0
 40
2.5
 41
0.0
 46
0.0
 71
     5
 72
     1
  1
\A1;25.0000
 73
     1
 44
1.0
  0
POINT
  5
99C
330
989
100
AcDbEntity
  8
Defpoints
 62
     0
440
 16777216
 48
10.0
100
AcDbPoint
 10
-31.50975448636473
 20
211.4781262622101
 30
0.0
  0
POINT
  5
99D
330
989
100
AcDbEntity
  8
Defpoints
 62
     0
440
 16777216
 48
10.0
100
AcDbPoint
 10
-6.509754486364727
 20
211.4781262622101
 30
0.0
  0
POINT
  5
99E
330
989
100
AcDbEntity
  8
Defpoints
 62
     0
440
 16777216
 48
10.0
100
AcDbPoint
 10
-6.509754486364727
 20
204.271655229415
 30
0.0
  0
ENDBLK
  5
98B
330
989
100
AcDbEntity
  8
0
 48
10.0
100
AcDbBlockEnd
  0
BLOCK
  5
9A8
330
9A7
100
AcDbEntity
  8
0
 48
10.0
100
AcDbBlockBegin
  2
*D5
 70
     1
 10
0.0
 20
0.0
 30
0.0
  3
*D5
  1

  0
LINE
  5
9B4
330
9A7
100
AcDbEntity
  8
0
 62
     0
440
 16777216
 48
10.0
370
    -2
100
AcDbLine
 10
46.49024551363527
 20
-218.52187373779
 30
0.0
 11
46.49024551363527
 21
-237.1402145816974
 31
0.0
  0
LINE
  5
9B5
330
9A7
100
AcDbEntity
  8
0
 62
     0
440
 16777216
 48
10.0
370
    -2
100
AcDbLine
 10
346.4902455136353
 20
-218.52187373779
 30
0.0
 11
346.4902455136353
 21
-237.1402145816974
 31
0.0
  0
LINE
  5
9B6
330
9A7
100
AcDbEntity
  8
0
 62
     0
440
 16777216
 48
10.0
370
    -2
100
AcDbLine
 10
47.99024551363527
 20
-236.6402145816973
 30
0.0
 11
344.9902455136353
 21
-236.6402145816973
 31
0.0
  0
SOLID
  5
9B7
330
9A7
100
AcDbEntity
  8
0
 62
     0
440
 16777216
 48
10.0
100
AcDbTrace
 10
47.99024551363527
 20
-236.3902145816973
 30
0.0
 11
47.99024551363527
 21
-236.8902145816974
 31
0.0
 12
46.49024551363527
 22
-236.6402145816973
 32
0.0
 13
46.49024551363527
 23
-236.6402145816973
 33
0.0
  0
SOLID
  5
9B8
330
9A7
100
AcDbEntity
  8
0
 62
     0
440
 16777216
 48
10.0
100
AcDbTrace
 10
344.9902455136353
 20
-236.3902145816973
 30
0.0
 11
344.9902455136353
 21
-236.8902145816974
 31
0.0
 12
346.4902455136353
 22
-236.6402145816973
 32
0.0
 13
346.4902455136353
 23
-236.6402145816973
 33
0.0
  0
MTEXT
  5
9B9
330
9A7
100
AcDbEntity
  8
0
 62
     0
440
 16777216
 48
10.0
100
AcDbMText
 10
196.4902455136352
 20
-235.272929452093
 30
0.0
 40
2.5
 41
0.0
 46
0.0
 71
     5
 72
     1
  1
\A1;300.0000
 73
     1
 44
1.0
  0
POINT
  5
9BA
330
9A7
100
AcDbEntity
  8
Defpoints
 62
     0
440
 16777216
 48
10.0
100
AcDbPoint
 10
46.49024551363527
 20
-208.52187373779
 30
0.0
  0
POINT
  5
9BB
330
9A7
100
AcDbEntity
  8
Defpoints
 62
     0
440
 16777216
 48
10.0
100
AcDbPoint
 10
346.4902455136353
 20
-208.52187373779
 30
0.0
  0
POINT
  5
9BC
330
9A7
100
AcDbEntity
  8
Defpoints
 62
     0
440
 16777216
 48
10.0
100
AcDbPoint
 10
346.4902455136353
 20
-236.6402145816973
 30
0.0
  0
ENDBLK
  5
9A9
330
9A7
100
AcDbEntity
  8
0
 48
10.0
100
AcDbBlockEnd
  0
BLOCK
  5
A8D
330
A8C
100
AcDbEntity
  8
0
 48
10.0
100
AcDbBlockBegin
  2
*D6
 70
     1
 10
0.0
 20
0.0
 30
0.0
  3
*D6
  1

  0
LINE
  5
A98
330
A8C
100
AcDbEntity
  8
0
 62
     0
440
 16777216
 48
10.0
370
    -2
100
AcDbLine
 10
1910.257561529538
 20
989.949946395097
 30
0.0
 11
1910.257561529538
 21
996.0928564133356
 31
0.0
  0
LINE
  5
A99
330
A8C
100
AcDbEntity
  8
0
 62
     0
440
 16777216
 48
10.0
370
    -2
100
AcDbLine
 10
2133.257561529538
 20
989.9499463950967
 30
0.0
 11
2133.257561529538
 21
996.0928564133356
 31
0.0
  0
LINE
  5
A9A
330
A8C
100
AcDbEntity
  8
0
 62
     0
440
 16777216
 48
10.0
370
    -2
100
AcDbLine
 10
1911.757561529538
 20
995.5928564133355
 30
0.0
 11
2131.757561529538
 21
995.5928564133355
 31
0.0
  0
SOLID
  5
A9B
330
A8C
100
AcDbEntity
  8
0
 62
     0
440
 16777216
 48
10.0
100
AcDbTrace
 10
1911.757561529538
 20
995.8428564133354
 30
0.0
 11
1911.757561529538
 21
995.3428564133355
 31
0.0
 12
1910.257561529538
 22
995.5928564133355
 32
0.0
 13
1910.257561529538
 23
995.5928564133355
 33
0.0
  0
SOLID
  5
A9C
330
A8C
100
AcDbEntity
  8
0
 62
     0
440
 16777216
 48
10.0
100
AcDbTrace
 10
2131.757561529538
 20
995.8428564133354
 30
0.0
 11
2131.757561529538
 21
995.3428564133355
 31
0.0
 12
2133.257561529538
 22
995.5928564133355
 32
0.0
 13
2133.257561529538
 23
995.5928564133355
 33
0.0
  0
MTEXT
  5
A9D
330
A8C
100
AcDbEntity
  8
0
 62
     0
440
 16777216
 48
10.0
100
AcDbMText
 10
2021.757561529538
 20
996.96014154294
 30
0.0
 40
2.5
 41
0.0
 46
0.0
 71
     5
 72
     1
  1
\A1;223.0000
 73
     1
 44
1.0
  0
POINT
  5
A9E
330
A8C
100
AcDbEntity
  8
Defpoints
 62
     0
440
 16777216
 48
10.0
100
AcDbPoint
 10
1910.257561529538
 20
979.949946395097
 30
0.0
  0
POINT
  5
A9F
330
A8C
100
AcDbEntity
  8
Defpoints
 62
     0
440
 16777216
 48
10.0
100
AcDbPoint
 10
2133.257561529538
 20
979.9499463950965
 30
0.0
  0
POINT
  5
AA0
330
A8C
100
AcDbEntity
  8
Defpoints
 62
     0
440
 16777216
 48
10.0
100
AcDbPoint
 10
2133.257561529538
 20
995.5928564133355
 30
0.0
  0
ENDBLK
  5
A8E
330
A8C
100
AcDbEntity
  8
0
 48
10.0
100
AcDbBlockEnd
  0
BLOCK
  5
AA2
330
AA1
100
AcDbEntity
  8
0
 48
10.0
100
AcDbBlockBegin
  2
*D7
 70
     1
 10
0.0
 20
0.0
 30
0.0
  3
*D7
  1

  0
LINE
  5
AA4
330
AA1
100
AcDbEntity
  8
0
 62
     0
440
 16777216
 48
10.0
370
    -2
100
AcDbLine
 10
1359.85598001999
 20
264.67148349941
 30
0.0
 11
1359.85598001999
 21
266.965012466615
 31
0.0
  0
LINE
  5
AA5
330
AA1
100
AcDbEntity
  8
0
 62
     0
440
 16777216
 48
10.0
370
    -2
100
AcDbLine
 10
1384.85598001999
 20
264.67148349941
 30
0.0
 11
1384.85598001999
 21
266.965012466615
 31
0.0
  0
LINE
  5
AA6
330
AA1
100
AcDbEntity
  8
0
 62
     0
440
 16777216
 48
10.0
370
    -2
100
AcDbLine
 10
1361.35598001999
 20
267.465012466615
 30
0.0
 11
1383.35598001999
 21
267.465012466615
 31
0.0
  0
SOLID
  5
AA7
330
AA1
100
AcDbEntity
  8
0
 62
     0
440
 16777216
 48
10.0
100
AcDbTrace
 10
1361.35598001999
 20
267.715012466615
 30
0.0
 11
1361.35598001999
 21
267.215012466615
 31
0.0
 12
1359.85598001999
 22
267.465012466615
 32
0.0
 13
1359.85598001999
 23
267.465012466615
 33
0.0
  0
SOLID
  5
AA8
330
AA1
100
AcDbEntity
  8
0
 62
     0
440
 16777216
 48
10.0
100
AcDbTrace
 10
1383.35598001999
 20
267.715012466615
 30
0.0
 11
1383.35598001999
 21
267.215012466615
 31
0.0
 12
1384.85598001999
 22
267.465012466615
 32
0.0
 13
1384.85598001999
 23
267.465012466615
 33
0.0
  0
MTEXT
  5
AA9
330
AA1
100
AcDbEntity
  8
0
 62
     0
440
 16777216
 48
10.0
100
AcDbMText
 10
1372.35598001999
 20
268.8314449359193
 30
0.0
 40
2.5
 41
0.0
 46
0.0
 71
     5
 72
     1
  1
\A1;25.0000
 73
     1
 44
1.0
  0
POINT
  5
AAA
330
AA1
100
AcDbEntity
  8
Defpoints
 62
     0
440
 16777216
 48
10.0
100
AcDbPoint
 10
1359.85598001999
 20
274.67148349941
 30
0.0
  0
POINT
  5
AAB
330
AA1
100
AcDbEntity
  8
Defpoints
 62
     0
440
 16777216
 48
10.0
100
AcDbPoint
 10
1384.85598001999
 20
274.67148349941
 30
0.0
  0
POINT
  5
AAC
330
AA1
100
AcDbEntity
  8
Defpoints
 62
     0
440
 16777216
 48
10.0
100
AcDbPoint
 10
1384.85598001999
 20
267.465012466615
 30
0.0
  0
ENDBLK
  5
AA3
330
AA1
100
AcDbEntity
  8
0
 48
10.0
100
AcDbBlockEnd
  0
BLOCK
  5
AAE
330
AAD
100
AcDbEntity
  8
0
 48
10.0
100
AcDbBlockBegin
  2
*D8
 70
     1
 10
0.0
 20
0.0
 30
0.0
  3
*D8
  1

  0
LINE
  5
AB0
330
AAD
100
AcDbEntity
  8
0
 62
     0
440
 16777216
 48
10.0
370
    -2
100
AcDbLine
 10
1437.85598001999
 20
-155.32851650059
 30
0.0
 11
1437.85598001999
 21
-173.9468573444974
 31
0.0
  0
LINE
  5
AB1
330
AAD
100
AcDbEntity
  8
0
 62
     0
440
 16777216
 48
10.0
370
    -2
100
AcDbLine
 10
1737.85598001999
 20
-155.32851650059
 30
0.0
 11
1737.85598001999
 21
-173.9468573444974
 31
0.0
  0
LINE
  5
AB2
330
AAD
100
AcDbEntity
  8
0
 62
     0
440
 16777216
 48
10.0
370
    -2
100
AcDbLine
 10
1439.35598001999
 20
-173.4468573444974
 30
0.0
 11
1736.35598001999
 21
-173.4468573444974
 31
0.0
  0
SOLID
  5
AB3
330
AAD
100
AcDbEntity
  8
0
 62
     0
440
 16777216
 48
10.0
100
AcDbTrace
 10
1439.35598001999
 20
-173.1968573444974
 30
0.0
 11
1439.35598001999
 21
-173.6968573444974
 31
0.0
 12
1437.85598001999
 22
-173.4468573444974
 32
0.0
 13
1437.85598001999
 23
-173.4468573444974
 33
0.0
  0
SOLID
  5
AB4
330
AAD
100
AcDbEntity
  8
0
 62
     0
440
 16777216
 48
10.0
100
AcDbTrace
 10
1736.35598001999
 20
-173.1968573444974
 30
0.0
 11
1736.35598001999
 21
-173.6968573444974
 31
0.0
 12
1737.85598001999
 22
-173.4468573444974
 32
0.0
 13
1737.85598001999
 23
-173.4468573444974
 33
0.0
  0
MTEXT
  5
AB5
330
AAD
100
AcDbEntity
  8
0
 62
     0
440
 16777216
 48
10.0
100
AcDbMText
 10
1587.85598001999
 20
-172.079572214893
 30
0.0
 40
2.5
 41
0.0
 46
0.0
 71
     5
 72
     1
  1
\A1;300.0000
 73
     1
 44
1.0
  0
POINT
  5
AB6
330
AAD
100
AcDbEntity
  8
Defpoints
 62
     0
440
 16777216
 48
10.0
100
AcDbPoint
 10
1437.85598001999
 20
-145.32851650059
 30
0.0
  0
POINT
  5
AB7
330
AAD
100
AcDbEntity
  8
Defpoints
 62
     0
440
 16777216
 48
10.0
100
AcDbPoint
 10
1737.85598001999
 20
-145.32851650059
 30
0.0
  0
POINT
  5
AB8
330
AAD
100
AcDbEntity
  8
Defpoints
 62
     0
440
 16777216
 48
10.0
100
AcDbPoint
 10
1737.85598001999
 20
-173.4468573444974
 30
0.0
  0
ENDBLK
  5
AAF
330
AAD
100
AcDbEntity
  8
0
 48
10.0
100
AcDbBlockEnd
  0
BLOCK
  5
ABA
330
AB9
100
AcDbEntity
  8
0
 48
10.0
100
AcDbBlockBegin
  2
*D9
 70
     1
 10
0.0
 20
0.0
 30
0.0
  3
*D9
  1

  0
LINE
  5
ABC
330
AB9
100
AcDbEntity
  8
0
 62
     0
440
 16777216
 48
10.0
370
    -2
100
AcDbLine
 10
1747.855980019991
 20
-85.32851650059004
 30
0.0
 11
1753.889479977982
 21
-85.32851650059004
 31
0.0
  0
LINE
  5
ABD
330
AB9
100
AcDbEntity
  8
0
 62
     0
440
 16777216
 48
10.0
370
    -2
100
AcDbLine
 10
1747.855980019991
 20
-115.32851650059
 30
0.0
 11
1753.889479977982
 21
-115.32851650059
 31
0.0
  0
LINE
  5
ABE
330
AB9
100
AcDbEntity
  8
0
 62
     0
440
 16777216
 48
10.0
370
    -2
100
AcDbLine
 10
1753.389479977982
 20
-86.82851650059005
 30
0.0
 11
1753.389479977982
 21
-98.9612313709857
 31
0.0
  0
LINE
  5
ABF
330
AB9
100
AcDbEntity
  8
0
 62
     0
440
 16777216
 48
10.0
370
    -2
100
AcDbLine
 10
1753.389479977982
 20
-113.82851650059
 30
0.0
 11
1753.389479977982
 21
-101.6958016301944
 31
0.0
  0
SOLID
  5
AC0
330
AB9
100
AcDbEntity
  8
0
 62
     0
440
 16777216
 48
10.0
100
AcDbTrace
 10
1753.139479977982
 20
-86.82851650059005
 30
0.0
 11
1753.639479977982
 21
-86.82851650059005
 31
0.0
 12
1753.389479977982
 22
-85.32851650059004
 32
0.0
 13
1753.389479977982
 23
-85.32851650059004
 33
0.0
  0
SOLID
  5
AC1
330
AB9
100
AcDbEntity
  8
0
 62
     0
440
 16777216
 48
10.0
100
AcDbTrace
 10
1753.139479977982
 20
-113.82851650059
 30
0.0
 11
1753.639479977982
 21
-113.82851650059
 31
0.0
 12
1753.389479977982
 22
-115.32851650059
 32
0.0
 13
1753.389479977982
 23
-115.32851650059
 33
0.0
  0
MTEXT
  5
AC2
330
AB9
100
AcDbEntity
  8
0
 62
     0
440
 16777216
 48
10.0
100
AcDbMText
 10
1753.389479977982
 20
-100.3285165005905
 30
0.0
 40
2.5
 41
0.0
 46
0.0
 71
     5
 72
     1
  1
\A1;30.0000
 73
     1
 44
1.0
  0
POINT
  5
AC3
330
AB9
100
AcDbEntity
  8
Defpoints
 62
     0
440
 16777216
 48
10.0
100
AcDbPoint
 10
1737.855980019991
 20
-85.32851650059004
 30
0.0
  0
POINT
  5
AC4
330
AB9
100
AcDbEntity
  8
Defpoints
 62
     0
440
 16777216
 48
10.0
100
AcDbPoint
 10
1737.855980019991
 20
-115.32851650059
 30
0.0
  0
POINT
  5
AC5
330
AB9
100
AcDbEntity
  8
Defpoints
 62
     0
440
 16777216
 48
10.0
100
AcDbPoint
 10
1753.389479977982
 20
-115.32851650059
 30
0.0
  0
ENDBLK
  5
ABB
330
AB9
100
AcDbEntity
  8
0
 48
10.0
100
AcDbBlockEnd
  0
BLOCK
  5
AC7
330
AC6
100
AcDbEntity
  8
0
 48
10.0
100
AcDbBlockBegin
  2
*D10
 70
     1
 10
0.0
 20
0.0
 30
0.0
  3
*D10
  1

  0
LINE
  5
AC9
330
AC6
100
AcDbEntity
  8
0
 62
     0
440
 16777216
 48
10.0
370
    -2
100
AcDbLine
 10
1387.388416549366
 20
364.6714834994101
 30
0.0
 11
1396.259776589374
 21
364.6714834994101
 31
0.0
  0
LINE
  5
ACA
330
AC6
100
AcDbEntity
  8
0
 62
     0
440
 16777216
 48
10.0
370
    -2
100
AcDbLine
 10
1387.388416549366
 20
274.6714834994102
 30
0.0
 11
1396.259776589374
 21
274.6714834994102
 31
0.0
  0
LINE
  5
ACB
330
AC6
100
AcDbEntity
  8
0
 62
     0
440
 16777216
 48
10.0
370
    -2
100
AcDbLine
 10
1396.759776589374
 20
363.1714834994101
 30
0.0
 11
1396.759776589374
 21
321.0379159687144
 31
0.0
  0
LINE
  5
ACC
330
AC6
100
AcDbEntity
  8
0
 62
     0
440
 16777216
 48
10.0
370
    -2
100
AcDbLine
 10
1396.759776589374
 20
276.1714834994101
 30
0.0
 11
1396.759776589374
 21
318.3050510301058
 31
0.0
  0
SOLID
  5
ACD
330
AC6
100
AcDbEntity
  8
0
 62
     0
440
 16777216
 48
10.0
100
AcDbTrace
 10
1396.509776589374
 20
363.1714834994101
 30
0.0
 11
1397.009776589374
 21
363.1714834994101
 31
0.0
 12
1396.759776589374
 22
364.6714834994101
 32
0.0
 13
1396.759776589374
 23
364.6714834994101
 33
0.0
  0
SOLID
  5
ACE
330
AC6
100
AcDbEntity
  8
0
 62
     0
440
 16777216
 48
10.0
100
AcDbTrace
 10
1396.509776589374
 20
276.1714834994101
 30
0.0
 11
1397.009776589374
 21
276.1714834994101
 31
0.0
 12
1396.759776589374
 22
274.6714834994102
 32
0.0
 13
1396.759776589374
 23
274.6714834994102
 33
0.0
  0
MTEXT
  5
ACF
330
AC6
100
AcDbEntity
  8
0
 62
     0
440
 16777216
 48
10.0
100
AcDbMText
 10
1396.759776589373
 20
319.6714834994097
 30
0.0
 40
2.5
 41
0.0
 46
0.0
 71
     5
 72
     1
  1
\A1;90.0000
 73
     1
 44
1.0
  0
POINT
  5
AD0
330
AC6
100
AcDbEntity
  8
Defpoints
 62
     0
440
 16777216
 48
10.0
100
AcDbPoint
 10
1397.388416549366
 20
364.6714834994101
 30
0.0
  0
POINT
  5
AD1
330
AC6
100
AcDbEntity
  8
Defpoints
 62
     0
440
 16777216
 48
10.0
100
AcDbPoint
 10
1397.388416549366
 20
274.6714834994102
 30
0.0
  0
POINT
  5
AD2
330
AC6
100
AcDbEntity
  8
Defpoints
 62
     0
440
 16777216
 48
10.0
100
AcDbPoint
 10
1396.759776589374
 20
274.6714834994102
 30
0.0
  0
ENDBLK
  5
AC8
330
AC6
100
AcDbEntity
  8
0
 48
10.0
100
AcDbBlockEnd
  0
BLOCK
  5
B7E
330
B7D
100
AcDbEntity
  8
0
 48
10.0
100
AcDbBlockBegin
  2
*D11
 70
     1
 10
0.0
 20
0.0
 30
0.0
  3
*D11
  1

  0
LINE
  5
B89
330
B7D
100
AcDbEntity
  8
0
 62
     0
440
 16777216
 48
10.0
370
    -2
100
AcDbLine
 10
-1278.869077840655
 20
908.2025021880445
 30
0.0
 11
-1278.869077840655
 21
914.3454122062831
 31
0.0
  0
LINE
  5
B8A
330
B7D
100
AcDbEntity
  8
0
 62
     0
440
 16777216
 48
10.0
370
    -2
100
AcDbLine
 10
-1055.869077840655
 20
908.2025021880442
 30
0.0
 11
-1055.869077840655
 21
914.3454122062831
 31
0.0
  0
LINE
  5
B8B
330
B7D
100
AcDbEntity
  8
0
 62
     0
440
 16777216
 48
10.0
370
    -2
100
AcDbLine
 10
-1277.369077840655
 20
913.845412206283
 30
0.0
 11
-1057.369077840655
 21
913.845412206283
 31
0.0
  0
SOLID
  5
B8C
330
B7D
100
AcDbEntity
  8
0
 62
     0
440
 16777216
 48
10.0
100
AcDbTrace
 10
-1277.369077840655
 20
914.0954122062831
 30
0.0
 11
-1277.369077840655
 21
913.595412206283
 31
0.0
 12
-1278.869077840655
 22
913.845412206283
 32
0.0
 13
-1278.869077840655
 23
913.845412206283
 33
0.0
  0
SOLID
  5
B8D
330
B7D
100
AcDbEntity
  8
0
 62
     0
440
 16777216
 48
10.0
100
AcDbTrace
 10
-1057.369077840655
 20
914.0954122062831
 30
0.0
 11
-1057.369077840655
 21
913.595412206283
 31
0.0
 12
-1055.869077840655
 22
913.845412206283
 32
0.0
 13
-1055.869077840655
 23
913.845412206283
 33
0.0
  0
MTEXT
  5
B8E
330
B7D
100
AcDbEntity
  8
0
 62
     0
440
 16777216
 48
10.0
100
AcDbMText
 10
-1167.369077840655
 20
915.2126973358875
 30
0.0
 40
2.5
 41
0.0
 46
0.0
 71
     5
 72
     1
  1
\A1;223.0000
 73
     1
 44
1.0
  0
POINT
  5
B8F
330
B7D
100
AcDbEntity
  8
Defpoints
 62
     0
440
 16777216
 48
10.0
100
AcDbPoint
 10
-1278.869077840655
 20
898.2025021880446
 30
0.0
  0
POINT
  5
B90
330
B7D
100
AcDbEntity
  8
Defpoints
 62
     0
440
 16777216
 48
10.0
100
AcDbPoint
 10
-1055.869077840655
 20
898.2025021880442
 30
0.0
  0
POINT
  5
B91
330
B7D
100
AcDbEntity
  8
Defpoints
 62
     0
440
 16777216
 48
10.0
100
AcDbPoint
 10
-1055.869077840655
 20
913.845412206283
 30
0.0
  0
ENDBLK
  5
B7F
330
B7D
100
AcDbEntity
  8
0
 48
10.0
100
AcDbBlockEnd
  0
BLOCK
  5
B93
330
B92
100
AcDbEntity
  8
0
 48
10.0
100
AcDbBlockBegin
  2
*D12
 70
     1
 10
0.0
 20
0.0
 30
0.0
  3
*D12
  1

  0
LINE
  5
B95
330
B92
100
AcDbEntity
  8
0
 62
     0
440
 16777216
 48
10.0
370
    -2
100
AcDbLine
 10
-1441.270659350204
 20
-167.0759607076425
 30
0.0
 11
-1435.237159392212
 21
-167.0759607076425
 31
0.0
  0
LINE
  5
B96
330
B92
100
AcDbEntity
  8
0
 62
     0
440
 16777216
 48
10.0
370
    -2
100
AcDbLine
 10
-1441.270659350204
 20
-197.0759607076426
 30
0.0
 11
-1435.237159392212
 21
-197.0759607076426
 31
0.0
  0
LINE
  5
B97
330
B92
100
AcDbEntity
  8
0
 62
     0
440
 16777216
 48
10.0
370
    -2
100
AcDbLine
 10
-1435.737159392212
 20
-168.5759607076425
 30
0.0
 11
-1435.737159392212
 21
-180.7086755780382
 31
0.0
  0
LINE
  5
B98
330
B92
100
AcDbEntity
  8
0
 62
     0
440
 16777216
 48
10.0
370
    -2
100
AcDbLine
 10
-1435.737159392212
 20
-195.5759607076426
 30
0.0
 11
-1435.737159392212
 21
-183.4432458372469
 31
0.0
  0
SOLID
  5
B99
330
B92
100
AcDbEntity
  8
0
 62
     0
440
 16777216
 48
10.0
100
AcDbTrace
 10
-1435.987159392212
 20
-168.5759607076425
 30
0.0
 11
-1435.487159392211
 21
-168.5759607076425
 31
0.0
 12
-1435.737159392212
 22
-167.0759607076425
 32
0.0
 13
-1435.737159392212
 23
-167.0759607076425
 33
0.0
  0
SOLID
  5
B9A
330
B92
100
AcDbEntity
  8
0
 62
     0
440
 16777216
 48
10.0
100
AcDbTrace
 10
-1435.987159392212
 20
-195.5759607076426
 30
0.0
 11
-1435.487159392211
 21
-195.5759607076426
 31
0.0
 12
-1435.737159392212
 22
-197.0759607076426
 32
0.0
 13
-1435.737159392212
 23
-197.0759607076426
 33
0.0
  0
MTEXT
  5
B9B
330
B92
100
AcDbEntity
  8
0
 62
     0
440
 16777216
 48
10.0
100
AcDbMText
 10
-1435.737159392211
 20
-182.0759607076421
 30
0.0
 40
2.5
 41
0.0
 46
0.0
 71
     5
 72
     1
  1
\A1;30.0000
 73
     1
 44
1.0
  0
POINT
  5
B9C
330
B92
100
AcDbEntity
  8
Defpoints
 62
     0
440
 16777216
 48
10.0
100
AcDbPoint
 10
-1451.270659350204
 20
-167.0759607076425
 30
0.0
  0
POINT
  5
B9D
330
B92
100
AcDbEntity
  8
Defpoints
 62
     0
440
 16777216
 48
10.0
100
AcDbPoint
 10
-1451.270659350204
 20
-197.0759607076426
 30
0.0
  0
POINT
  5
B9E
330
B92
100
AcDbEntity
  8
Defpoints
 62
     0
440
 16777216
 48
10.0
100
AcDbPoint
 10
-1435.737159392212
 20
-197.0759607076426
 30
0.0
  0
ENDBLK
  5
B94
330
B92
100
AcDbEntity
  8
0
 48
10.0
100
AcDbBlockEnd
  0
BLOCK
  5
BA0
330
B9F
100
AcDbEntity
  8
0
 48
10.0
100
AcDbBlockBegin
  2
*D13
 70
     1
 10
0.0
 20
0.0
 30
0.0
  3
*D13
  1

  0
LINE
  5
BA2
330
B9F
100
AcDbEntity
  8
0
 62
     0
440
 16777216
 48
10.0
370
    -2
100
AcDbLine
 10
-1801.738222820829
 20
282.9240392923576
 30
0.0
 11
-1792.866862780821
 21
282.9240392923576
 31
0.0
  0
LINE
  5
BA3
330
B9F
100
AcDbEntity
  8
0
 62
     0
440
 16777216
 48
10.0
370
    -2
100
AcDbLine
 10
-1801.738222820829
 20
192.9240392923577
 30
0.0
 11
-1792.866862780821
 21
192.9240392923577
 31
0.0
  0
LINE
  5
BA4
330
B9F
100
AcDbEntity
  8
0
 62
     0
440
 16777216
 48
10.0
370
    -2
100
AcDbLine
 10
-1792.366862780821
 20
281.4240392923576
 30
0.0
 11
-1792.366862780821
 21
239.2904717616619
 31
0.0
  0
LINE
  5
BA5
330
B9F
100
AcDbEntity
  8
0
 62
     0
440
 16777216
 48
10.0
370
    -2
100
AcDbLine
 10
-1792.366862780821
 20
194.4240392923577
 30
0.0
 11
-1792.366862780821
 21
236.5576068230534
 31
0.0
  0
SOLID
  5
BA6
330
B9F
100
AcDbEntity
  8
0
 62
     0
440
 16777216
 48
10.0
100
AcDbTrace
 10
-1792.61686278082
 20
281.4240392923576
 30
0.0
 11
-1792.116862780821
 21
281.4240392923576
 31
0.0
 12
-1792.366862780821
 22
282.9240392923576
 32
0.0
 13
-1792.366862780821
 23
282.9240392923576
 33
0.0
  0
SOLID
  5
BA7
330
B9F
100
AcDbEntity
  8
0
 62
     0
440
 16777216
 48
10.0
100
AcDbTrace
 10
-1792.61686278082
 20
194.4240392923577
 30
0.0
 11
-1792.116862780821
 21
194.4240392923577
 31
0.0
 12
-1792.366862780821
 22
192.9240392923577
 32
0.0
 13
-1792.366862780821
 23
192.9240392923577
 33
0.0
  0
MTEXT
  5
BA8
330
B9F
100
AcDbEntity
  8
0
 62
     0
440
 16777216
 48
10.0
100
AcDbMText
 10
-1792.36686278082
 20
237.9240392923581
 30
0.0
 40
2.5
 41
0.0
 46
0.0
 71
     5
 72
     1
  1
\A1;90.0000
 73
     1
 44
1.0
  0
POINT
  5
BA9
330
B9F
100
AcDbEntity
  8
Defpoints
 62
     0
440
 16777216
 48
10.0
100
AcDbPoint
 10
-1791.738222820829
 20
282.9240392923576
 30
0.0
  0
POINT
  5
BAA
330
B9F
100
AcDbEntity
  8
Defpoints
 62
     0
440
 16777216
 48
10.0
100
AcDbPoint
 10
-1791.738222820829
 20
192.9240392923577
 30
0.0
  0
POINT
  5
BAB
330
B9F
100
AcDbEntity
  8
Defpoints
 62
     0
440
 16777216
 48
10.0
100
AcDbPoint
 10
-1792.366862780821
 20
192.9240392923577
 30
0.0
  0
ENDBLK
  5
BA1
330
B9F
100
AcDbEntity
  8
0
 48
10.0
100
AcDbBlockEnd
  0
BLOCK
  5
BAD
330
BAC
100
AcDbEntity
  8
0
 48
10.0
100
AcDbBlockBegin
  2
*D14
 70
     1
 10
0.0
 20
0.0
 30
0.0
  3
*D14
  1

  0
LINE
  5
BAF
330
BAC
100
AcDbEntity
  8
0
 62
     0
440
 16777216
 48
10.0
370
    -2
100
AcDbLine
 10
-1829.270659350203
 20
182.9240392923575
 30
0.0
 11
-1829.270659350203
 21
185.2175682595625
 31
0.0
  0
LINE
  5
BB0
330
BAC
100
AcDbEntity
  8
0
 62
     0
440
 16777216
 48
10.0
370
    -2
100
AcDbLine
 10
-1804.270659350203
 20
182.9240392923575
 30
0.0
 11
-1804.270659350203
 21
185.2175682595625
 31
0.0
  0
LINE
  5
BB1
330
BAC
100
AcDbEntity
  8
0
 62
     0
440
 16777216
 48
10.0
370
    -2
100
AcDbLine
 10
-1827.770659350203
 20
185.7175682595625
 30
0.0
 11
-1805.770659350203
 21
185.7175682595625
 31
0.0
  0
SOLID
  5
BB2
330
BAC
100
AcDbEntity
  8
0
 62
     0
440
 16777216
 48
10.0
100
AcDbTrace
 10
-1827.770659350203
 20
185.9675682595625
 30
0.0
 11
-1827.770659350203
 21
185.4675682595625
 31
0.0
 12
-1829.270659350203
 22
185.7175682595625
 32
0.0
 13
-1829.270659350203
 23
185.7175682595625
 33
0.0
  0
SOLID
  5
BB3
330
BAC
100
AcDbEntity
  8
0
 62
     0
440
 16777216
 48
10.0
100
AcDbTrace
 10
-1805.770659350203
 20
185.9675682595625
 30
0.0
 11
-1805.770659350203
 21
185.4675682595625
 31
0.0
 12
-1804.270659350203
 22
185.7175682595625
 32
0.0
 13
-1804.270659350203
 23
185.7175682595625
 33
0.0
  0
MTEXT
  5
BB4
330
BAC
100
AcDbEntity
  8
0
 62
     0
440
 16777216
 48
10.0
100
AcDbMText
 10
-1816.770659350203
 20
187.0840007288668
 30
0.0
 40
2.5
 41
0.0
 46
0.0
 71
     5
 72
     1
  1
\A1;25.0000
 73
     1
 44
1.0
  0
POINT
  5
BB5
330
BAC
100
AcDbEntity
  8
Defpoints
 62
     0
440
 16777216
 48
10.0
100
AcDbPoint
 10
-1829.270659350203
 20
192.9240392923575
 30
0.0
  0
POINT
  5
BB6
330
BAC
100
AcDbEntity
  8
Defpoints
 62
     0
440
 16777216
 48
10.0
100
AcDbPoint
 10
-1804.270659350203
 20
192.9240392923575
 30
0.0
  0
POINT
  5
BB7
330
BAC
100
AcDbEntity
  8
Defpoints
 62
     0
440
 16777216
 48
10.0
100
AcDbPoint
 10
-1804.270659350203
 20
185.7175682595625
 30
0.0
  0
ENDBLK
  5
BAE
330
BAC
100
AcDbEntity
  8
0
 48
10.0
100
AcDbBlockEnd
  0
BLOCK
  5
BB9
330
BB8
100
AcDbEntity
  8
0
 48
10.0
100
AcDbBlockBegin
  2
*D15
 70
     1
 10
0.0
 20
0.0
 30
0.0
  3
*D15
  1

  0
LINE
  5
BBB
330
BB8
100
AcDbEntity
  8
0
 62
     0
440
 16777216
 48
10.0
370
    -2
100
AcDbLine
 10
-1751.270659350203
 20
-237.0759607076425
 30
0.0
 11
-1751.270659350203
 21
-255.6943015515499
 31
0.0
  0
LINE
  5
BBC
330
BB8
100
AcDbEntity
  8
0
 62
     0
440
 16777216
 48
10.0
370
    -2
100
AcDbLine
 10
-1451.270659350203
 20
-237.0759607076425
 30
0.0
 11
-1451.270659350203
 21
-255.6943015515499
 31
0.0
  0
LINE
  5
BBD
330
BB8
100
AcDbEntity
  8
0
 62
     0
440
 16777216
 48
10.0
370
    -2
100
AcDbLine
 10
-1749.770659350203
 20
-255.1943015515499
 30
0.0
 11
-1452.770659350203
 21
-255.1943015515499
 31
0.0
  0
SOLID
  5
BBE
330
BB8
100
AcDbEntity
  8
0
 62
     0
440
 16777216
 48
10.0
100
AcDbTrace
 10
-1749.770659350203
 20
-254.9443015515499
 30
0.0
 11
-1749.770659350203
 21
-255.4443015515499
 31
0.0
 12
-1751.270659350203
 22
-255.1943015515499
 32
0.0
 13
-1751.270659350203
 23
-255.1943015515499
 33
0.0
  0
SOLID
  5
BBF
330
BB8
100
AcDbEntity
  8
0
 62
     0
440
 16777216
 48
10.0
100
AcDbTrace
 10
-1452.770659350203
 20
-254.9443015515499
 30
0.0
 11
-1452.770659350203
 21
-255.4443015515499
 31
0.0
 12
-1451.270659350203
 22
-255.1943015515499
 32
0.0
 13
-1451.270659350203
 23
-255.1943015515499
 33
0.0
  0
MTEXT
  5
BC0
330
BB8
100
AcDbEntity
  8
0
 62
     0
440
 16777216
 48
10.0
100
AcDbMText
 10
-1601.270659350203
 20
-253.8270164219455
 30
0.0
 40
2.5
 41
0.0
 46
0.0
 71
     5
 72
     1
  1
\A1;300.0000
 73
     1
 44
1.0
  0
POINT
  5
BC1
330
BB8
100
AcDbEntity
  8
Defpoints
 62
     0
440
 16777216
 48
10.0
100
AcDbPoint
 10
-1751.270659350203
 20
-227.0759607076425
 30
0.0
  0
POINT
  5
BC2
330
BB8
100
AcDbEntity
  8
Defpoints
 62
     0
440
 16777216
 48
10.0
100
AcDbPoint
 10
-1451.270659350203
 20
-227.0759607076425
 30
0.0
  0
POINT
  5
BC3
330
BB8
100
AcDbEntity
  8
Defpoints
 62
     0
440
 16777216
 48
10.0
100
AcDbPoint
 10
-1451.270659350203
 20
-255.1943015515499
 30
0.0
  0
ENDBLK
  5
BBA
330
BB8
100
AcDbEntity
  8
0
 48
10.0
100
AcDbBlockEnd
  0
BLOCK
  5
BDA
330
BD3
100
AcDbEntity
  8
0
 48
10.0
100
AcDbBlockBegin
  2
9 X 9inc  (0.23x 0.23mm)
 70
     0
 10
0.0
 20
0.0
 30
0.0
  3
9 X 9inc  (0.23x 0.23mm)
  1

  0
HATCH
  5
BD4
330
BD3
100
AcDbEntity
  8
0
 62
   240
420
 15540004
100
AcDbHatch
 10
0.0
 20
0.0
 30
0.0
210
0.0
220
0.0
230
1.0
  2
SOLID
 70
     1
 71
     1
 91
        1
 92
        7
 72
     0
 73
     1
 93
        4
 10
4.5
 20
0.0
 10
4.5
 20
9.0
 10
-4.5
 20
9.0
 10
-4.5
 20
0.0
 97
        1
330
BD5
 75
     1
 76
     1
 47
0.0637198401286925
 98
        1
 10
0.2706234059342023
 20
2.102219116296964
450
        0
451
        0
460
0.0
461
0.0
452
        0
462
0.0
453
        2
463
0.0
 63
     5
421
      255
463
1.0
 63
     2
421
 16776960
470
LINEAR
1001
GradientColor1ACI
1070
     5
1001
GradientColor2ACI
1070
     2
1001
ACAD
1010
0.0
1020
0.0
1030
0.0
  0
LWPOLYLINE
  5
BD5
102
{ACAD_REACTORS
330
BD4
102
}
330
BD3
100
AcDbEntity
  8
0
100
AcDbPolyline
 90
        4
 70
     1
 43
0.0
 10
-4.5
 20
9.0
 10
4.5
 20
9.0
 10
4.5
 20
0.0
 10
-4.5
 20
0.0
  0
LINE
  5
BD6
330
BD3
100
AcDbEntity
  8
0
100
AcDbLine
 10
-4.5
 20
9.0
 30
0.0
 11
4.5
 21
0.0
 31
0.0
  0
LINE
  5
BD7
330
BD3
100
AcDbEntity
  8
0
100
AcDbLine
 10
4.5
 20
9.0
 30
0.0
 11
-4.5
 21
0.0
 31
0.0
  0
ENDBLK
  5
BDB
330
BD3
100
AcDbEntity
  8
0
 48
10.0
100
AcDbBlockEnd
  0
BLOCK
  5
BE5
330
BDD
100
AcDbEntity
  8
0
 48
10.0
100
AcDbBlockBegin
  2
9 x 12 inch
 70
     0
 10
0.0
 20
0.0
 30
0.0
  3
9 x 12 inch
  1

  0
HATCH
  5
BDE
330
BDD
100
AcDbEntity
  8
0
 62
   240
420
 15540004
100
AcDbHatch
 10
0.0
 20
0.0
 30
0.0
210
0.0
220
0.0
230
1.0
  2
SOLID
 70
     1
 71
     1
 91
        1
 92
        7
 72
     0
 73
     1
 93
        4
 10
4.500000000000056
 20
-0.0000000000000002
 10
4.500000000000056
 20
12.0
 10
-4.499999999999943
 20
12.0
 10
-4.499999999999943
 20
0.0
 97
        1
330
BDF
 75
     1
 76
     1
 47
0.0637198401286925
 98
        1
 10
0.8928062099076328
 20
1.921929803846524
450
        0
451
        0
460
0.0
461
0.0
452
        0
462
0.0
453
        2
463
0.0
 63
     5
421
      255
463
1.0
 63
     2
421
 16776960
470
LINEAR
1001
GradientColor1ACI
1070
     5
1001
GradientColor2ACI
1070
     2
1001
ACAD
1010
0.0
1020
0.0
1030
0.0
  0
LWPOLYLINE
  5
BDF
102
{ACAD_REACTORS
330
BDE
102
}
330
BDD
100
AcDbEntity
  8
0
100
AcDbPolyline
 90
        4
 70
     1
 43
0.0
 10
-4.499999999999943
 20
12.0
 10
4.500000000000056
 20
12.0
 10
4.500000000000056
 20
0.0
 10
-4.499999999999943
 20
0.0
  0
LINE
  5
BE0
330
BDD
100
AcDbEntity
  8
0
100
AcDbLine
 10
4.500000000000056
 20
12.0
 30
0.0
 11
-4.499999999999943
 21
0.0
 31
0.0
  0
LINE
  5
BE1
330
BDD
100
AcDbEntity
  8
0
100
AcDbLine
 10
-4.499999999999943
 20
0.0
 30
0.0
 11
4.500000000000056
 21
0.0
 31
0.0
  0
LINE
  5
BE2
330
BDD
100
AcDbEntity
  8
0
100
AcDbLine
 10
4.500000000000056
 20
0.0
 30
0.0
 11
-4.499999999999943
 21
12.0
 31
0.0
  0
ENDBLK
  5
BE6
330
BDD
100
AcDbEntity
  8
0
 48
10.0
100
AcDbBlockEnd
  0
ENDSEC
  0
SECTION
  2
ENTITIES
  0
LINE
  5
468
330
1F
100
AcDbEntity
  8
0
 48
10.0
100
AcDbLine
 10
69.49024551363527
 20
24.47812626221003
 30
0.0
 11
184.4902455136353
 21
24.47812626221003
 31
0.0
  0
LINE
  5
469
330
1F
100
AcDbEntity
  8
0
 48
10.0
100
AcDbLine
 10
389.4902455136353
 20
24.47812626221003
 30
0.0
 11
389.4902455136352
 21
299.47812626221
 31
0.0
  0
LINE
  5
46A
330
1F
100
AcDbEntity
  8
0
 48
10.0
100
AcDbLine
 10
742.4902455136352
 20
504.4781262622101
 30
0.0
 11
502.4902455136352
 21
504.47812626221
 31
0.0
  0
LINE
  5
46B
330
1F
100
AcDbEntity
  8
0
 48
10.0
100
AcDbLine
 10
69.49024551363527
 20
752.4781262622102
 30
0.0
 11
69.49024551363527
 21
414.47812626221
 31
0.0
  0
LINE
  5
470
330
1F
100
AcDbEntity
  8
0
 48
10.0
100
AcDbLine
 10
412.4902455136353
 20
1.478126262210025
 30
0.0
 11
412.4902455136353
 21
221.47812626221
 31
0.0
  0
LINE
  5
471
330
1F
100
AcDbEntity
  8
0
 48
10.0
100
AcDbLine
 10
46.49024551363527
 20
1.478126262210025
 30
0.0
 11
274.4902455136353
 21
1.478126262210025
 31
0.0
  0
LINE
  5
473
330
1F
100
AcDbEntity
  8
0
 48
10.0
100
AcDbLine
 10
742.4902455136352
 20
527.47812626221
 30
0.0
 11
502.4902455136353
 21
527.47812626221
 31
0.0
  0
LINE
  5
474
330
1F
100
AcDbEntity
  8
0
 48
10.0
100
AcDbLine
 10
652.4902455136352
 20
827.4781262622099
 30
0.0
 11
412.4902455136351
 21
827.4781262622099
 31
0.0
  0
LINE
  5
475
330
1F
100
AcDbEntity
  8
0
 48
10.0
100
AcDbLine
 10
765.4902455136352
 20
850.4781262622099
 30
0.0
 11
742.4902455136352
 21
850.4781262622099
 31
0.0
  0
LINE
  5
47E
330
1F
100
AcDbEntity
  8
0
 48
10.0
100
AcDbLine
 10
742.4902455136352
 20
244.47812626221
 30
0.0
 11
742.4902455136352
 21
504.47812626221
 31
0.0
  0
LINE
  5
47F
330
1F
100
AcDbEntity
  8
0
 48
10.0
100
AcDbLine
 10
765.4902455136352
 20
221.47812626221
 30
0.0
 11
765.4902455136352
 21
850.4781262622099
 31
0.0
  0
LINE
  5
483
330
1F
100
AcDbEntity
  8
0
 48
10.0
100
AcDbLine
 10
742.4902455136352
 20
244.47812626221
 30
0.0
 11
412.4902455136353
 21
244.47812626221
 31
0.0
  0
LINE
  5
484
330
1F
100
AcDbEntity
  8
0
 48
10.0
100
AcDbLine
 10
765.4902455136352
 20
221.47812626221
 30
0.0
 11
412.4902455136354
 21
221.47812626221
 31
0.0
  0
LINE
  5
48D
330
1F
100
AcDbEntity
  8
0
 48
10.0
100
AcDbLine
 10
-113.5097544863647
 20
827.47812626221
 30
0.0
 11
-113.5097544863647
 21
647.4781262622101
 31
0.0
  0
LINE
  5
48E
330
1F
100
AcDbEntity
  8
0
 48
10.0
100
AcDbLine
 10
-136.5097544863647
 20
827.47812626221
 30
0.0
 11
-136.5097544863646
 21
647.4781262622102
 31
0.0
  0
LINE
  5
48F
330
1F
100
AcDbEntity
  8
0
 48
10.0
100
AcDbLine
 10
-296.5097544863647
 20
827.47812626221
 30
0.0
 11
-296.5097544863646
 21
647.47812626221
 31
0.0
  0
LINE
  5
490
330
1F
100
AcDbEntity
  8
0
 48
10.0
100
AcDbLine
 10
-319.5097544863647
 20
850.4781262622099
 30
0.0
 11
-319.5097544863647
 21
1.478126262210025
 31
0.0
  0
LINE
  5
492
330
1F
100
AcDbEntity
  8
0
 48
10.0
100
AcDbLine
 10
46.49024551363527
 20
647.4781262622101
 30
0.0
 11
-113.5097544863647
 21
647.4781262622101
 31
0.0
  0
LINE
  5
494
330
1F
100
AcDbEntity
  8
0
 48
10.0
100
AcDbLine
 10
46.49024551363527
 20
624.4781262622101
 30
0.0
 11
-221.5097544863646
 21
624.47812626221
 31
0.0
  0
LINE
  5
49C
330
1F
100
AcDbEntity
  8
0
 48
10.0
100
AcDbLine
 10
69.49024551363527
 20
324.47812626221
 30
0.0
 11
-296.5097544863647
 21
324.47812626221
 31
0.0
  0
LINE
  5
49D
102
{ACAD_REACTORS
330
802
102
}
330
1F
100
AcDbEntity
  8
0
 48
10.0
100
AcDbLine
 10
46.49024551363527
 20
301.47812626221
 30
0.0
 11
-296.5097544863647
 21
301.47812626221
 31
0.0
  0
LINE
  5
4A0
330
1F
100
AcDbEntity
  8
0
 48
10.0
100
AcDbLine
 10
69.49024551363527
 20
1.478126262210025
 30
0.0
 11
-319.5097544863646
 21
1.478126262210025
 31
0.0
  0
LINE
  5
4A1
330
1F
100
AcDbEntity
  8
0
 48
10.0
100
AcDbLine
 10
46.49024551363527
 20
24.47812626221003
 30
0.0
 11
-296.5097544863647
 21
24.47812626221003
 31
0.0
  0
LINE
  5
4A3
330
1F
100
AcDbEntity
  8
0
 48
10.0
100
AcDbLine
 10
159.4902455136352
 20
527.4781262622099
 30
0.0
 11
159.4902455136353
 21
504.4781262622099
 31
0.0
  0
LINE
  5
4A5
330
1F
100
AcDbEntity
  8
0
 48
10.0
100
AcDbLine
 10
502.4902455136352
 20
504.4781262622099
 30
0.0
 11
502.4902455136352
 21
527.47812626221
 31
0.0
  0
LINE
  5
4A6
330
1F
100
AcDbEntity
  8
0
 48
10.0
100
AcDbLine
 10
389.4902455136353
 20
527.47812626221
 30
0.0
 11
159.4902455136353
 21
527.47812626221
 31
0.0
  0
LINE
  5
4A7
330
1F
100
AcDbEntity
  8
0
 48
10.0
100
AcDbLine
 10
389.4902455136353
 20
504.4781262622099
 30
0.0
 11
159.4902455136353
 21
504.4781262622099
 31
0.0
  0
LINE
  5
4AC
330
1F
100
AcDbEntity
  8
0
 48
10.0
100
AcDbLine
 10
69.49024551363527
 20
752.4781262622102
 30
0.0
 11
46.49024551363527
 21
752.4781262622103
 31
0.0
  0
LINE
  5
4B3
330
1F
100
AcDbEntity
  8
0
 48
10.0
100
AcDbLine
 10
46.49024551363527
 20
752.4781262622103
 30
0.0
 11
46.49024551363527
 21
647.4781262622101
 31
0.0
  0
LINE
  5
4B4
330
1F
100
AcDbEntity
  8
0
 48
10.0
100
AcDbLine
 10
69.49024551363527
 20
414.47812626221
 30
0.0
 11
46.49024551363527
 21
414.47812626221
 31
0.0
  0
LINE
  5
4B5
330
1F
100
AcDbEntity
  8
0
 48
10.0
100
AcDbLine
 10
69.49024551363527
 20
324.47812626221
 30
0.0
 11
69.49024551363527
 21
237.9781262622099
 31
0.0
  0
LINE
  5
4B6
330
1F
100
AcDbEntity
  8
0
 48
10.0
100
AcDbLine
 10
46.49024551363527
 20
301.47812626221
 30
0.0
 11
46.49024551363527
 21
237.97812626221
 31
0.0
  0
LINE
  5
4B8
330
1F
100
AcDbEntity
  8
0
 48
10.0
100
AcDbLine
 10
412.4902455136353
 20
449.47812626221
 30
0.0
 11
389.4902455136353
 21
449.47812626221
 31
0.0
  0
LINE
  5
4B9
330
1F
100
AcDbEntity
  8
0
 48
10.0
100
AcDbLine
 10
412.4902455136353
 20
299.47812626221
 30
0.0
 11
389.4902455136353
 21
299.47812626221
 31
0.0
  0
LINE
  5
4BA
330
1F
100
AcDbEntity
  8
0
 48
10.0
100
AcDbLine
 10
412.4902455136352
 20
449.47812626221
 30
0.0
 11
412.4902455136352
 21
827.4781262622099
 31
0.0
  0
LINE
  5
4BB
330
1F
100
AcDbEntity
  8
0
 48
10.0
100
AcDbLine
 10
389.4902455136353
 20
449.4781262622101
 30
0.0
 11
389.4902455136353
 21
504.47812626221
 31
0.0
  0
LINE
  5
4BE
330
1F
100
AcDbEntity
  8
0
 48
10.0
100
AcDbLine
 10
46.49024551363527
 20
237.97812626221
 30
0.0
 11
69.49024551363527
 21
237.97812626221
 31
0.0
  0
LINE
  5
4BF
330
1F
100
AcDbEntity
  8
0
 48
10.0
100
AcDbLine
 10
46.49024551363527
 20
87.97812626221
 30
0.0
 11
69.49024551363527
 21
87.97812626221
 31
0.0
  0
LINE
  5
4C0
330
1F
100
AcDbEntity
  8
0
 48
10.0
100
AcDbLine
 10
69.49024551363527
 20
87.97812626220999
 30
0.0
 11
69.49024551363527
 21
24.47812626221003
 31
0.0
  0
LINE
  5
4C1
330
1F
100
AcDbEntity
  8
0
 48
10.0
100
AcDbLine
 10
46.49024551363527
 20
87.97812626220999
 30
0.0
 11
46.49024551363527
 21
24.47812626221003
 31
0.0
  0
LINE
  5
4C2
330
1F
100
AcDbEntity
  8
0
 48
10.0
100
AcDbLine
 10
229.4902455136353
 20
24.47812626221003
 30
0.0
 11
229.4902455136353
 21
24.47812626221003
 31
0.0
  0
LINE
  5
4C5
330
1F
100
AcDbEntity
  8
0
 48
10.0
100
AcDbLine
 10
274.4902455136353
 20
24.47812626221003
 30
0.0
 11
274.4902455136353
 21
1.478126262210025
 31
0.0
  0
LINE
  5
4C6
330
1F
100
AcDbEntity
  8
0
 48
10.0
100
AcDbLine
 10
184.4902455136353
 20
24.47812626221003
 30
0.0
 11
184.4902455136353
 21
1.478126262210025
 31
0.0
  0
LINE
  5
4C7
330
1F
100
AcDbEntity
  8
0
 48
10.0
100
AcDbLine
 10
274.4902455136353
 20
24.47812626221003
 30
0.0
 11
389.4902455136353
 21
24.47812626221003
 31
0.0
  0
LINE
  5
4C8
330
1F
100
AcDbEntity
  8
0
 48
10.0
100
AcDbLine
 10
274.4902455136353
 20
1.478126262210025
 30
0.0
 11
412.4902455136353
 21
1.478126262210025
 31
0.0
  0
LINE
  5
4CA
330
1F
100
AcDbEntity
  8
0
 48
10.0
100
AcDbLine
 10
652.4902455136352
 20
827.47812626221
 30
0.0
 11
652.4902455136352
 21
850.4781262622099
 31
0.0
  0
LINE
  5
4CD
330
1F
100
AcDbEntity
  8
0
 48
10.0
100
AcDbLine
 10
652.4902455136352
 20
850.4781262622099
 30
0.0
 11
-319.5097544863647
 21
850.4781262622099
 31
0.0
  0
LINE
  5
4CF
330
1F
100
AcDbEntity
  8
0
 48
10.0
100
AcDbLine
 10
-136.5097544863646
 20
647.4781262622101
 30
0.0
 11
-221.5097544863647
 21
647.47812626221
 31
0.0
  0
LINE
  5
4D0
330
1F
100
AcDbEntity
  8
0
 48
10.0
100
AcDbLine
 10
-136.5097544863647
 20
827.4781262622099
 30
0.0
 11
-296.5097544863647
 21
827.47812626221
 31
0.0
  0
LINE
  5
4D1
330
1F
100
AcDbEntity
  8
0
 48
10.0
100
AcDbLine
 10
389.4902455136353
 20
827.4781262622099
 30
0.0
 11
-113.5097544863647
 21
827.47812626221
 31
0.0
  0
LINE
  5
4D2
330
1F
100
AcDbEntity
  8
0
 48
10.0
100
AcDbLine
 10
742.4902455136352
 20
527.47812626221
 30
0.0
 11
742.4902455136352
 21
850.4781262622099
 31
0.0
  0
LINE
  5
4D3
330
1F
100
AcDbEntity
  8
0
 48
10.0
100
AcDbLine
 10
46.49024551363527
 20
624.47812626221
 30
0.0
 11
46.49024551363527
 21
414.47812626221
 31
0.0
  0
LINE
  5
4D4
330
1F
100
AcDbEntity
  8
0
 48
10.0
100
AcDbLine
 10
-296.5097544863647
 20
301.4781262622101
 30
0.0
 11
-296.5097544863647
 21
24.47812626221003
 31
0.0
  0
LINE
  5
4D6
330
1F
100
AcDbEntity
  8
0
 48
10.0
100
AcDbLine
 10
-296.5097544863647
 20
222.97812626221
 30
0.0
 11
-319.5097544863647
 21
222.97812626221
 31
0.0
  0
LINE
  5
4D7
330
1F
100
AcDbEntity
  8
0
 48
10.0
100
AcDbLine
 10
-296.5097544863647
 20
102.97812626221
 30
0.0
 11
-319.5097544863647
 21
102.97812626221
 31
0.0
  0
LINE
  5
4D8
330
1F
100
AcDbEntity
  8
0
 48
10.0
100
AcDbLine
 10
-308.0097544863647
 20
202.5277196076731
 30
0.0
 11
-308.0097544863647
 21
222.97812626221
 31
0.0
  0
LINE
  5
4D9
330
1F
100
AcDbEntity
  8
0
 48
10.0
100
AcDbLine
 10
-308.0097544863647
 20
222.97812626221
 30
0.0
 11
-308.0097544863647
 21
102.97812626221
 31
0.0
  0
LINE
  5
4DA
330
1F
100
AcDbEntity
  8
0
 48
10.0
100
AcDbLine
 10
-296.5097544863647
 20
647.47812626221
 30
0.0
 11
-296.5097544863647
 21
324.47812626221
 31
0.0
  0
LINE
  5
4DB
330
1F
100
AcDbEntity
  8
0
 48
10.0
100
AcDbLine
 10
389.4902455136352
 20
527.47812626221
 30
0.0
 11
389.4902455136353
 21
827.47812626221
 31
0.0
  0
LINE
  5
4E6
330
1F
100
AcDbEntity
  8
0
 48
10.0
100
AcDbLine
 10
-221.5097544863646
 20
647.4781262622101
 30
0.0
 11
-221.5097544863646
 21
624.47812626221
 31
0.0
  0
LINE
  5
4ED
330
1F
100
AcDbEntity
  8
0
 48
10.0
100
AcDbLine
 10
-296.5097544863647
 20
534.47812626221
 30
0.0
 11
-319.5097544863646
 21
534.47812626221
 31
0.0
  0
LINE
  5
4EE
330
1F
100
AcDbEntity
  8
0
 48
10.0
100
AcDbLine
 10
-296.5097544863647
 20
414.4781262622101
 30
0.0
 11
-319.5097544863646
 21
414.47812626221
 31
0.0
  0
LINE
  5
4EF
330
1F
100
AcDbEntity
  8
0
 48
10.0
100
AcDbLine
 10
-308.4925189853038
 20
534.47812626221
 30
0.0
 11
-308.4925189853038
 21
414.4781262622101
 31
0.0
  0
LINE
  5
502
330
1F
100
AcDbEntity
  8
0
 48
10.0
100
AcDbLine
 10
289.4902455136353
 20
827.47812626221
 30
0.0
 11
289.4902455136353
 21
850.4781262622101
 31
0.0
  0
LINE
  5
503
330
1F
100
AcDbEntity
  8
0
 48
10.0
100
AcDbLine
 10
169.4902455136352
 20
827.47812626221
 30
0.0
 11
169.4902455136352
 21
850.4781262622101
 31
0.0
  0
LINE
  5
504
330
1F
100
AcDbEntity
  8
0
 48
10.0
100
AcDbLine
 10
289.4902455136353
 20
838.9781262622101
 30
0.0
 11
169.4902455136352
 21
838.9781262622101
 31
0.0
  0
LINE
  5
506
330
1F
100
AcDbEntity
  8
0
 48
10.0
100
AcDbLine
 10
592.4902455136352
 20
827.4781262622099
 30
0.0
 11
592.4902455136352
 21
850.4781262622099
 31
0.0
  0
LINE
  5
507
330
1F
100
AcDbEntity
  8
0
 48
10.0
100
AcDbLine
 10
472.4902455136352
 20
827.4781262622099
 30
0.0
 11
472.4902455136352
 21
850.4781262622099
 31
0.0
  0
LINE
  5
508
330
1F
100
AcDbEntity
  8
0
 48
10.0
100
AcDbLine
 10
592.4902455136352
 20
838.9781262622101
 30
0.0
 11
472.4902455136352
 21
838.9781262622101
 31
0.0
  0
LINE
  5
514
330
1F
100
AcDbEntity
  8
0
 48
10.0
100
AcDbLine
 10
742.4902455136352
 20
737.47812626221
 30
0.0
 11
765.4902455136352
 21
737.47812626221
 31
0.0
  0
LINE
  5
515
330
1F
100
AcDbEntity
  8
0
 48
10.0
100
AcDbLine
 10
742.4902455136352
 20
617.4781262622099
 30
0.0
 11
765.4902455136352
 21
617.47812626221
 31
0.0
  0
LINE
  5
516
330
1F
100
AcDbEntity
  8
0
 48
10.0
100
AcDbLine
 10
753.9902455136353
 20
617.47812626221
 30
0.0
 11
753.9902455136353
 21
737.47812626221
 31
0.0
  0
LINE
  5
518
330
1F
100
AcDbEntity
  8
0
 48
10.0
100
AcDbLine
 10
742.4902455136352
 20
434.47812626221
 30
0.0
 11
765.4902455136352
 21
434.47812626221
 31
0.0
  0
LINE
  5
519
330
1F
100
AcDbEntity
  8
0
 48
10.0
100
AcDbLine
 10
742.4902455136352
 20
314.47812626221
 30
0.0
 11
765.4902455136352
 21
314.47812626221
 31
0.0
  0
LINE
  5
51A
330
1F
100
AcDbEntity
  8
0
 48
10.0
100
AcDbLine
 10
753.9902455136353
 20
314.47812626221
 30
0.0
 11
753.9902455136353
 21
434.47812626221
 31
0.0
  0
LINE
  5
51C
330
1F
100
AcDbEntity
  8
0
 48
10.0
100
AcDbLine
 10
-191.5097544863647
 20
827.47812626221
 30
0.0
 11
-191.5097544863647
 21
850.4781262622099
 31
0.0
  0
LINE
  5
51D
330
1F
100
AcDbEntity
  8
0
 48
10.0
100
AcDbLine
 10
-241.5097544863647
 20
827.47812626221
 30
0.0
 11
-241.5097544863647
 21
850.4781262622099
 31
0.0
  0
LINE
  5
51E
330
1F
100
AcDbEntity
  8
0
 48
10.0
100
AcDbLine
 10
-191.5097544863647
 20
838.9781262622101
 30
0.0
 11
-241.5097544863647
 21
838.9781262622101
 31
0.0
  0
LINE
  5
520
330
1F
100
AcDbEntity
  8
0
 48
10.0
100
AcDbLine
 10
-8.509754486364727
 20
827.47812626221
 30
0.0
 11
-8.509754486364727
 21
850.4781262622099
 31
0.0
  0
LINE
  5
521
330
1F
100
AcDbEntity
  8
0
 48
10.0
100
AcDbLine
 10
-58.50975448636472
 20
827.47812626221
 30
0.0
 11
-58.50975448636472
 21
850.4781262622099
 31
0.0
  0
LINE
  5
522
330
1F
100
AcDbEntity
  8
0
 48
10.0
100
AcDbLine
 10
-8.509754486364727
 20
838.2658487597318
 30
0.0
 11
-58.50975448636472
 21
838.2658487597318
 31
0.0
  0
LINE
  5
524
330
1F
100
AcDbEntity
  8
0
 48
10.0
100
AcDbLine
 10
412.4902455136353
 20
244.47812626221
 30
0.0
 11
412.4902455136353
 21
299.4781262622101
 31
0.0
  0
LINE
  5
525
330
1F
100
AcDbEntity
  8
0
 48
10.0
100
AcDbLine
 10
589.4902455136352
 20
-148.5218737377899
 30
0.0
 11
589.4902455136352
 21
221.47812626221
 31
0.0
  0
LINE
  5
526
330
1F
100
AcDbEntity
  8
0
 48
10.0
100
AcDbLine
 10
46.49024551363527
 20
-148.5218737377899
 30
0.0
 11
589.4902455136352
 21
-148.5218737377899
 31
0.0
  0
LINE
  5
52B
330
1F
100
AcDbEntity
  8
0
 48
10.0
100
AcDbLine
 10
-319.5097544863647
 20
1.478126262210025
 30
0.0
 11
-319.5097544863647
 21
-298.52187373779
 31
0.0
  0
LINE
  5
52C
330
1F
100
AcDbEntity
  8
0
 48
10.0
100
AcDbLine
 10
-319.5097544863647
 20
-298.52187373779
 30
0.0
 11
-319.5097544863647
 21
-203.9737696049815
 31
0.0
  0
LINE
  5
52D
330
1F
100
AcDbEntity
  8
0
 48
10.0
100
AcDbLine
 10
-319.5097544863647
 20
-298.52187373779
 30
0.0
 11
46.49024551363527
 21
-298.52187373779
 31
0.0
  0
LINE
  5
52E
330
1F
100
AcDbEntity
  8
0
 48
10.0
100
AcDbLine
 10
46.49024551363527
 20
-298.52187373779
 30
0.0
 11
46.49024551363527
 21
1.478126262210025
 31
0.0
  0
LINE
  5
52F
330
1F
100
AcDbEntity
  8
0
 48
10.0
100
AcDbLine
 10
46.49024551363527
 20
-178.52187373779
 30
0.0
 11
346.4902455136353
 21
-178.52187373779
 31
0.0
  0
LINE
  5
530
330
1F
100
AcDbEntity
  8
0
 48
10.0
100
AcDbLine
 10
46.49024551363527
 20
-208.52187373779
 30
0.0
 11
346.4902455136353
 21
-208.52187373779
 31
0.0
  0
LINE
  5
531
102
{ACAD_REACTORS
330
7CE
330
9BD
102
}
330
1F
100
AcDbEntity
  8
0
 48
10.0
100
AcDbLine
 10
346.4902455136353
 20
-208.52187373779
 30
0.0
 11
346.4902455136352
 21
-148.5218737377899
 31
0.0
  0
LINE
  5
532
330
1F
100
AcDbEntity
  8
0
 48
10.0
100
AcDbLine
 10
742.4902455136353
 20
880.47812626221
 30
0.0
 11
519.4902455136352
 21
880.47812626221
 31
0.0
  0
LINE
  5
533
330
1F
100
AcDbEntity
  8
0
 48
10.0
100
AcDbLine
 10
742.4902455136353
 20
910.47812626221
 30
0.0
 11
519.4902455136352
 21
910.47812626221
 31
0.0
  0
LINE
  5
534
330
1F
100
AcDbEntity
  8
0
 48
10.0
100
AcDbLine
 10
742.4902455136352
 20
850.4781262622099
 30
0.0
 11
742.4902455136353
 21
910.4781262622102
 31
0.0
  0
LINE
  5
535
330
1F
100
AcDbEntity
  8
0
 48
10.0
100
AcDbLine
 10
519.4902455136352
 20
850.4781262622099
 30
0.0
 11
519.4902455136352
 21
910.47812626221
 31
0.0
  0
LINE
  5
536
330
1F
100
AcDbEntity
  8
0
 48
10.0
100
AcDbLine
 10
-206.5097544863647
 20
211.47812626221
 30
0.0
 11
-296.5097544863647
 21
211.47812626221
 31
0.0
  0
LINE
  5
537
330
1F
100
AcDbEntity
  8
0
 48
10.0
100
AcDbLine
 10
-206.5097544863647
 20
301.4781262622101
 30
0.0
 11
-206.5097544863647
 21
211.4781262622101
 31
0.0
  0
LINE
  5
538
330
1F
100
AcDbEntity
  8
0
 48
10.0
100
AcDbLine
 10
-181.5097544863647
 20
301.4781262622101
 30
0.0
 11
-181.5097544863647
 21
211.4781262622101
 31
0.0
  0
LINE
  5
539
330
1F
100
AcDbEntity
  8
0
 48
10.0
100
AcDbLine
 10
-156.5097544863647
 20
301.4781262622101
 30
0.0
 11
-156.5097544863647
 21
211.4781262622101
 31
0.0
  0
LINE
  5
53A
330
1F
100
AcDbEntity
  8
0
 48
10.0
100
AcDbLine
 10
-131.5097544863647
 20
301.4781262622101
 30
0.0
 11
-131.5097544863647
 21
211.4781262622101
 31
0.0
  0
LINE
  5
53B
330
1F
100
AcDbEntity
  8
0
 48
10.0
100
AcDbLine
 10
-106.5097544863647
 20
301.4781262622101
 30
0.0
 11
-106.5097544863647
 21
211.4781262622101
 31
0.0
  0
LINE
  5
53C
330
1F
100
AcDbEntity
  8
0
 48
10.0
100
AcDbLine
 10
-81.50975448636467
 20
301.4781262622101
 30
0.0
 11
-81.5097544863647
 21
211.4781262622101
 31
0.0
  0
LINE
  5
53D
330
1F
100
AcDbEntity
  8
0
 48
10.0
100
AcDbLine
 10
-106.5097544863647
 20
301.4781262622101
 30
0.0
 11
-106.5097544863647
 21
211.4781262622101
 31
0.0
  0
LINE
  5
53E
330
1F
100
AcDbEntity
  8
0
 48
10.0
100
AcDbLine
 10
-56.50975448636467
 20
301.4781262622101
 30
0.0
 11
-56.5097544863647
 21
211.4781262622101
 31
0.0
  0
LINE
  5
53F
102
{ACAD_REACTORS
330
99F
102
}
330
1F
100
AcDbEntity
  8
0
 48
10.0
100
AcDbLine
 10
-31.50975448636467
 20
301.4781262622101
 30
0.0
 11
-31.5097544863647
 21
211.4781262622101
 31
0.0
  0
LINE
  5
540
102
{ACAD_REACTORS
330
99F
102
}
330
1F
100
AcDbEntity
  8
0
 48
10.0
100
AcDbLine
 10
-6.50975448636467
 20
301.4781262622101
 30
0.0
 11
-6.509754486364698
 21
211.4781262622101
 31
0.0
  0
LINE
  5
541
330
1F
100
AcDbEntity
  8
0
 48
10.0
100
AcDbLine
 10
18.49024551363533
 20
301.4781262622101
 30
0.0
 11
18.4902455136353
 21
211.4781262622101
 31
0.0
  0
LINE
  5
542
102
{ACAD_REACTORS
330
802
102
}
330
1F
100
AcDbEntity
  8
0
 48
10.0
100
AcDbLine
 10
-206.5097544863647
 20
211.4781262622101
 30
0.0
 11
18.49024551363527
 21
211.4781262622101
 31
0.0
  0
LINE
  5
543
330
1F
100
AcDbEntity
  8
0
 48
10.0
100
AcDbLine
 10
-206.5097544863647
 20
186.47812626221
 30
0.0
 11
-296.5097544863647
 21
186.47812626221
 31
0.0
  0
LINE
  5
544
330
1F
100
AcDbEntity
  8
0
 48
10.0
100
AcDbLine
 10
-206.5097544863647
 20
161.47812626221
 30
0.0
 11
-296.5097544863647
 21
161.47812626221
 31
0.0
  0
LINE
  5
545
330
1F
100
AcDbEntity
  8
0
 48
10.0
100
AcDbLine
 10
-206.5097544863647
 20
136.47812626221
 30
0.0
 11
-296.5097544863647
 21
136.47812626221
 31
0.0
  0
LINE
  5
546
330
1F
100
AcDbEntity
  8
0
 48
10.0
100
AcDbLine
 10
-206.5097544863647
 20
111.47812626221
 30
0.0
 11
-296.5097544863647
 21
111.47812626221
 31
0.0
  0
LINE
  5
547
330
1F
100
AcDbEntity
  8
0
 48
10.0
100
AcDbLine
 10
-206.5097544863647
 20
86.47812626221002
 30
0.0
 11
-296.5097544863647
 21
86.47812626221002
 31
0.0
  0
LINE
  5
549
330
1F
100
AcDbEntity
  8
0
 48
10.0
100
AcDbLine
 10
-206.5097544863647
 20
86.47812626221002
 30
0.0
 11
-206.5097544863647
 21
211.47812626221
 31
0.0
  0
LINE
  5
54A
330
1F
100
AcDbEntity
  8
0
 48
10.0
100
AcDbLine
 10
-206.5097544863647
 20
211.47812626221
 30
0.0
 11
-296.5097544863647
 21
301.4781262622101
 31
0.0
  0
LINE
  5
54B
330
1F
100
AcDbEntity
  8
0
 48
10.0
100
AcDbLine
 10
-296.5097544863647
 20
301.47812626221
 30
0.0
 11
-296.5097544863647
 21
211.47812626221
 31
0.0
  0
LINE
  5
54D
330
1F
100
AcDbEntity
  8
0
 48
10.0
100
AcDbLine
 10
-206.5097544863647
 20
211.4781262622101
 30
0.0
 11
-296.5097544863647
 21
256.47812626221
 31
0.0
  0
LINE
  5
54E
330
1F
100
AcDbEntity
  8
0
 48
10.0
100
AcDbLine
 10
-296.5097544863646
 20
301.47812626221
 30
0.0
 11
-206.5097544863647
 21
301.47812626221
 31
0.0
  0
LINE
  5
550
330
1F
100
AcDbEntity
  8
0
 48
10.0
100
AcDbLine
 10
-206.5097544863648
 20
211.4781262622101
 30
0.0
 11
-251.5097544863646
 21
301.47812626221
 31
0.0
  0
LWPOLYLINE
  5
552
330
1F
100
AcDbEntity
  8
0
 48
10.0
100
AcDbPolyline
 90
        4
 70
     1
 43
0.0
 10
719.4902455136352
 20
244.47812626221
 10
742.4902455136352
 20
244.47812626221
 10
742.4902455136352
 20
267.47812626221
 10
719.4902455136352
 20
267.47812626221
  0
LWPOLYLINE
  5
555
330
1F
100
AcDbEntity
  8
0
 48
10.0
100
AcDbPolyline
 90
        4
 70
     1
 43
0.0
 10
719.4902455136352
 20
449.4781262622092
 10
742.4902455136352
 20
449.4781262622092
 10
742.4902455136352
 20
472.4781262622092
 10
719.4902455136352
 20
472.4781262622092
  0
LWPOLYLINE
  5
556
330
1F
100
AcDbEntity
  8
0
 48
10.0
100
AcDbPolyline
 90
        4
 70
     1
 43
0.0
 10
294.9902455136353
 20
-148.5218737377899
 10
317.9902455136353
 20
-148.5218737377899
 10
317.9902455136353
 20
-125.52187373779
 10
294.9902455136353
 20
-125.52187373779
  0
LWPOLYLINE
  5
557
330
1F
100
AcDbEntity
  8
0
 48
10.0
100
AcDbPolyline
 90
        4
 70
     1
 43
0.0
 10
566.4902455136353
 20
-148.5218737377899
 10
589.4902455136352
 20
-148.5218737377899
 10
589.4902455136352
 20
-125.52187373779
 10
566.4902455136353
 20
-125.52187373779
  0
LWPOLYLINE
  5
558
330
1F
100
AcDbEntity
  8
0
 48
10.0
100
AcDbPolyline
 90
        4
 70
     1
 43
0.0
 10
566.4902455136353
 20
5.063723292349095
 10
589.4902455136352
 20
5.063723292349095
 10
589.4902455136352
 20
28.0637232923491
 10
566.4902455136353
 20
28.0637232923491
  0
LWPOLYLINE
  5
55A
330
1F
100
AcDbEntity
  8
0
 48
10.0
100
AcDbPolyline
 90
        4
 70
     1
 43
0.0
 10
-318.3950608360028
 20
-298.52187373779
 10
-295.3950608360028
 20
-298.52187373779
 10
-295.3950608360028
 20
-275.52187373779
 10
-318.3950608360028
 20
-275.52187373779
  0
MTEXT
  5
55E
102
{ACAD_XDICTIONARY
360
C8B
102
}
330
1F
100
AcDbEntity
  8
0
 48
10.0
100
AcDbMText
 10
-224.6316396631883
 20
531.1233847996718
 30
0.0
 40
10.0
 41
210.2665747908977
 46
0.0
 71
     1
 72
     5
  1
\pi68.14147;BED ROOM\P\pi73.91228;343 X 300
 73
     1
 44
1.0
1001
ACAD
1000
ACAD_MTEXT_COLUMN_INFO_BEGIN
1070
    75
1070
     2
1070
    79
1070
     0
1070
    76
1070
     1
1070
    78
1070
     0
1070
    48
1040
210.2665747908977
1070
    49
1040
1.0
1070
    50
1070
     1
1040
0.0
1000
ACAD_MTEXT_COLUMN_INFO_END
  0
MTEXT
  5
55F
102
{ACAD_XDICTIONARY
360
C8D
102
}
330
1F
100
AcDbEntity
  8
0
 48
10.0
100
AcDbMText
 10
149.6332002355848
 20
693.150456873399
 30
0.0
 40
10.0
 41
210.2665747908977
 46
0.0
 71
     1
 72
     5
  1
\pi68.14147;BED ROOM\P\pi73.91228;320 X 300
 73
     1
 44
1.0
1001
ACAD
1000
ACAD_MTEXT_COLUMN_INFO_BEGIN
1070
    75
1070
     2
1070
    79
1070
     0
1070
    76
1070
     1
1070
    78
1070
     0
1070
    48
1040
210.2665747908977
1070
    49
1040
1.0
1070
    50
1070
     1
1040
0.0
1000
ACAD_MTEXT_COLUMN_INFO_END
  0
MTEXT
  5
560
102
{ACAD_XDICTIONARY
360
C8F
102
}
330
1F
100
AcDbEntity
  8
0
 48
10.0
100
AcDbMText
 10
-323.7763292772624
 20
747.1089741848178
 30
0.0
 40
10.0
 41
210.2665747908977
 46
0.0
 71
     1
 72
     5
  1
\pi80.98595;TOILET\P\pi74.37954;160 X 160
 73
     1
 44
1.0
1001
ACAD
1000
ACAD_MTEXT_COLUMN_INFO_BEGIN
1070
    75
1070
     2
1070
    79
1070
     0
1070
    76
1070
     1
1070
    78
1070
     0
1070
    48
1040
210.2665747908977
1070
    49
1040
1.0
1070
    50
1070
     1
1040
0.0
1000
ACAD_MTEXT_COLUMN_INFO_END
  0
MTEXT
  5
562
102
{ACAD_XDICTIONARY
360
C91
102
}
330
1F
100
AcDbEntity
  8
0
 48
10.0
100
AcDbMText
 10
466.306582267889
 20
696.1861003626578
 30
0.0
 40
10.0
 41
210.2665747908977
 46
0.0
 71
     1
 72
     5
  1
\pi75.55962;KITCHEN\P\pi73.91228;330 X 300
 73
     1
 44
1.0
1001
ACAD
1000
ACAD_MTEXT_COLUMN_INFO_BEGIN
1070
    75
1070
     2
1070
    79
1070
     0
1070
    76
1070
     1
1070
    78
1070
     0
1070
    48
1040
210.2665747908977
1070
    49
1040
1.0
1070
    50
1070
     1
1040
0.0
1000
ACAD_MTEXT_COLUMN_INFO_END
  0
MTEXT
  5
563
102
{ACAD_XDICTIONARY
360
C93
102
}
330
1F
100
AcDbEntity
  8
0
 48
10.0
100
AcDbMText
 10
484.5190422101004
 20
371.0731456178188
 30
0.0
 40
10.0
 41
210.2665747908977
 46
0.0
 71
     1
 72
     5
  1
\pi76.61692,t216.61692;DINNING\P\pi73.91228,tz;320 X 460
 73
     1
 44
1.0
1001
ACAD
1000
ACAD_MTEXT_COLUMN_INFO_BEGIN
1070
    75
1070
     2
1070
    79
1070
     0
1070
    76
1070
     1
1070
    78
1070
     0
1070
    48
1040
210.2665747908977
1070
    49
1040
1.0
1070
    50
1070
     1
1040
0.0
1000
ACAD_MTEXT_COLUMN_INFO_END
  0
MTEXT
  5
564
102
{ACAD_XDICTIONARY
360
C95
102
}
330
1F
100
AcDbEntity
  8
0
 48
10.0
100
AcDbMText
 10
127.1647981926144
 20
254.7602130638576
 30
0.0
 40
10.0
 41
210.2665747908977
 46
0.0
 71
     1
 72
     5
  1
\pi59.60123;LIVING ROOM\P\pi73.91228;320 X 460
 73
     1
 44
1.0
1001
ACAD
1000
ACAD_MTEXT_COLUMN_INFO_BEGIN
1070
    75
1070
     2
1070
    79
1070
     0
1070
    76
1070
     1
1070
    78
1070
     0
1070
    48
1040
210.2665747908977
1070
    49
1040
1.0
1070
    50
1070
     1
1040
0.0
1000
ACAD_MTEXT_COLUMN_INFO_END
  0
MTEXT
  5
566
102
{ACAD_XDICTIONARY
360
C97
102
}
330
1F
100
AcDbEntity
  8
0
 48
10.0
100
AcDbMText
 10
-242.2110803230107
 20
-126.6368524795192
 30
0.0
 40
10.0
 41
210.2665747908977
 46
0.0
 71
     1
 72
     5
  1
\pi81.00982,t231.00982;PORCH\P\pi73.91228,tz;366 X 300
 73
     1
 44
1.0
1001
ACAD
1000
ACAD_MTEXT_COLUMN_INFO_BEGIN
1070
    75
1070
     2
1070
    79
1070
     0
1070
    76
1070
     1
1070
    78
1070
     0
1070
    48
1040
210.2665747908977
1070
    49
1040
1.0
1070
    50
1070
     1
1040
0.0
1000
ACAD_MTEXT_COLUMN_INFO_END
  0
MTEXT
  5
568
102
{ACAD_XDICTIONARY
360
C99
102
}
330
1F
100
AcDbEntity
  8
0
 48
10.0
100
AcDbMText
 10
246.4287509831447
 20
-15.10766658802038
 30
0.0
 40
10.0
 41
210.2665747908977
 46
0.0
 71
     1
 72
     5
  1
\pi78.03574;SIT OUT
 73
     1
 44
1.0
1001
ACAD
1000
ACAD_MTEXT_COLUMN_INFO_BEGIN
1070
    75
1070
     2
1070
    79
1070
     0
1070
    76
1070
     1
1070
    78
1070
     0
1070
    48
1040
210.2665747908977
1070
    49
1040
1.0
1070
    50
1070
     1
1040
0.0
1000
ACAD_MTEXT_COLUMN_INFO_END
  0
MTEXT
  5
569
102
{ACAD_XDICTIONARY
360
C9B
102
}
330
1F
100
AcDbEntity
  8
0
 48
10.0
100
AcDbMText
 10
-140.7763292772624
 20
747.1089741848178
 30
0.0
 40
10.0
 41
210.2665747908977
 46
0.0
 71
     1
 72
     5
  1
\pi80.98595;TOILET\P\pi74.37954;160 X 160
 73
     1
 44
1.0
1001
ACAD
1000
ACAD_MTEXT_COLUMN_INFO_BEGIN
1070
    75
1070
     2
1070
    79
1070
     0
1070
    76
1070
     1
1070
    78
1070
     0
1070
    48
1040
210.2665747908977
1070
    49
1040
1.0
1070
    50
1070
     1
1040
0.0
1000
ACAD_MTEXT_COLUMN_INFO_END
  0
MTEXT
  5
56A
102
{ACAD_XDICTIONARY
360
C9D
102
}
330
1F
100
AcDbEntity
  8
0
 48
10.0
100
AcDbMText
 10
-249.7768232337339
 20
149.8323901729496
 30
0.0
 40
10.0
 41
210.2665747908977
 46
0.0
 71
     1
 72
     5
  1
\pi72.3502,t222.3502;DRAWING\P\pi73.89522,tz;343 X 257
 73
     1
 44
1.0
1001
ACAD
1000
ACAD_MTEXT_COLUMN_INFO_BEGIN
1070
    75
1070
     2
1070
    79
1070
     0
1070
    76
1070
     1
1070
    78
1070
     0
1070
    48
1040
210.2665747908977
1070
    49
1040
1.0
1070
    50
1070
     1
1040
0.0
1000
ACAD_MTEXT_COLUMN_INFO_END
  0
MTEXT
  5
56B
102
{ACAD_XDICTIONARY
360
C9F
102
}
330
1F
100
AcDbEntity
  8
0
 48
10.0
100
AcDbMText
 10
-45.66416863227277
 20
778.049832055639
 30
0.0
 40
10.0
 41
210.2665747908977
 46
0.0
 71
     1
 72
     5
  1
\pi98.02551;D1
 73
     1
 44
1.0
1001
ACAD
1000
ACAD_MTEXT_COLUMN_INFO_BEGIN
1070
    75
1070
     2
1070
    79
1070
     0
1070
    76
1070
     1
1070
    78
1070
     0
1070
    48
1040
210.2665747908977
1070
    49
1040
1.0
1070
    50
1070
     1
1040
0.0
1000
ACAD_MTEXT_COLUMN_INFO_END
  0
MTEXT
  5
56C
102
{ACAD_XDICTIONARY
360
CA1
102
}
330
1F
100
AcDbEntity
  8
0
 48
10.0
100
AcDbMText
 10
-45.909877811554
 20
392.2441069681518
 30
0.0
 40
10.0
 41
210.2665747908977
 46
0.0
 71
     1
 72
     5
  1
\pi100.99959;D
 73
     1
 44
1.0
1001
ACAD
1000
ACAD_MTEXT_COLUMN_INFO_BEGIN
1070
    75
1070
     2
1070
    79
1070
     0
1070
    76
1070
     1
1070
    78
1070
     0
1070
    48
1040
210.2665747908977
1070
    49
1040
1.0
1070
    50
1070
     1
1040
0.0
1000
ACAD_MTEXT_COLUMN_INFO_END
  0
MTEXT
  5
56D
102
{ACAD_XDICTIONARY
360
CA3
102
}
330
1F
100
AcDbEntity
  8
0
 48
10.0
100
AcDbMText
 10
30.31720529409085
 20
518.7782827026031
 30
0.0
 40
10.0
 41
210.2665747908977
 46
0.0
 71
     1
 72
     5
  1
\pi100.99959;D
 73
     1
 44
1.0
1001
ACAD
1000
ACAD_MTEXT_COLUMN_INFO_BEGIN
1070
    75
1070
     2
1070
    79
1070
     0
1070
    76
1070
     1
1070
    78
1070
     0
1070
    48
1040
210.2665747908977
1070
    49
1040
1.0
1070
    50
1070
     1
1040
0.0
1000
ACAD_MTEXT_COLUMN_INFO_END
  0
MTEXT
  5
56E
102
{ACAD_XDICTIONARY
360
CA5
102
}
330
1F
100
AcDbEntity
  8
0
 48
10.0
100
AcDbMText
 10
373.3391295017691
 20
520.0067685374524
 30
0.0
 40
10.0
 41
210.2665747908977
 46
0.0
 71
     1
 72
     5
  1
\pi100.99959;D
 73
     1
 44
1.0
1001
ACAD
1000
ACAD_MTEXT_COLUMN_INFO_BEGIN
1070
    75
1070
     2
1070
    79
1070
     0
1070
    76
1070
     1
1070
    78
1070
     0
1070
    48
1040
210.2665747908977
1070
    49
1040
1.0
1070
    50
1070
     1
1040
0.0
1000
ACAD_MTEXT_COLUMN_INFO_END
  0
MTEXT
  5
56F
102
{ACAD_XDICTIONARY
360
CA7
102
}
330
1F
100
AcDbEntity
  8
0
 48
10.0
100
AcDbMText
 10
289.7352169943852
 20
327.1342943117397
 30
0.0
 40
10.0
 41
210.2665747908977
 46
0.0
 71
     1
 72
     5
  1
\pi98.02551;D1
 73
     1
 44
1.0
1001
ACAD
1000
ACAD_MTEXT_COLUMN_INFO_BEGIN
1070
    75
1070
     2
1070
    79
1070
     0
1070
    76
1070
     1
1070
    78
1070
     0
1070
    48
1040
210.2665747908977
1070
    49
1040
1.0
1070
    50
1070
     1
1040
0.0
1000
ACAD_MTEXT_COLUMN_INFO_END
  0
MTEXT
  5
570
102
{ACAD_XDICTIONARY
360
CA9
102
}
330
1F
100
AcDbEntity
  8
0
 48
10.0
100
AcDbMText
 10
-348.3593206813157
 20
635.4845559059103
 30
0.0
 40
10.0
 41
210.2665747908977
 46
0.0
 71
     1
 72
     5
  1
\pi98.02551;D1
 73
     1
 44
1.0
1001
ACAD
1000
ACAD_MTEXT_COLUMN_INFO_BEGIN
1070
    75
1070
     2
1070
    79
1070
     0
1070
    76
1070
     1
1070
    78
1070
     0
1070
    48
1040
210.2665747908977
1070
    49
1040
1.0
1070
    50
1070
     1
1040
0.0
1000
ACAD_MTEXT_COLUMN_INFO_END
  0
MTEXT
  5
571
102
{ACAD_XDICTIONARY
360
CAB
102
}
330
1F
100
AcDbEntity
  8
0
 48
10.0
100
AcDbMText
 10
-44.68041294223349
 20
220.2559157134019
 30
0.0
 40
10.0
 41
210.2665747908977
 46
0.0
 71
     1
 72
     5
  1
\pi98.02551;D1
 73
     1
 44
1.0
1001
ACAD
1000
ACAD_MTEXT_COLUMN_INFO_BEGIN
1070
    75
1070
     2
1070
    79
1070
     0
1070
    76
1070
     1
1070
    78
1070
     0
1070
    48
1040
210.2665747908977
1070
    49
1040
1.0
1070
    50
1070
     1
1040
0.0
1000
ACAD_MTEXT_COLUMN_INFO_END
  0
MTEXT
  5
572
102
{ACAD_XDICTIONARY
360
CAD
102
}
330
1F
100
AcDbEntity
  8
0
 48
10.0
100
AcDbMText
 10
137.3358313677272
 20
34.51905395661652
 30
0.0
 40
10.0
 41
210.2665747908977
 46
0.0
 71
     1
 72
     5
  1
\pi98.02551;D1
 73
     1
 44
1.0
1001
ACAD
1000
ACAD_MTEXT_COLUMN_INFO_BEGIN
1070
    75
1070
     2
1070
    79
1070
     0
1070
    76
1070
     1
1070
    78
1070
     0
1070
    48
1040
210.2665747908977
1070
    49
1040
1.0
1070
    50
1070
     1
1040
0.0
1000
ACAD_MTEXT_COLUMN_INFO_END
  0
MTEXT
  5
576
102
{ACAD_XDICTIONARY
360
CAF
102
}
330
1F
100
AcDbEntity
  8
0
 48
10.0
100
AcDbMText
 10
572.145991150327
 20
845.2997880380712
 30
0.0
 40
10.0
 41
210.2665747908977
 46
0.0
 71
     1
 72
     5
  1
\pi100.99959;D
 73
     1
 44
1.0
1001
ACAD
1000
ACAD_MTEXT_COLUMN_INFO_BEGIN
1070
    75
1070
     2
1070
    79
1070
     0
1070
    76
1070
     1
1070
    78
1070
     0
1070
    48
1040
210.2665747908977
1070
    49
1040
1.0
1070
    50
1070
     1
1040
0.0
1000
ACAD_MTEXT_COLUMN_INFO_END
  0
LWPOLYLINE
  5
577
330
1F
100
AcDbEntity
  8
0
 48
10.0
100
AcDbPolyline
 90
        4
 70
     1
 43
0.0
 10
23.49024551363527
 20
-298.52187373779
 10
46.49024551363527
 20
-298.52187373779
 10
46.49024551363527
 20
-275.52187373779
 10
23.49024551363527
 20
-275.52187373779
  0
LINE
  5
579
330
1F
100
AcDbEntity
  8
0
 48
10.0
100
AcDbLine
 10
-65.00975448636467
 20
1.478126262210174
 30
0.0
 11
-65.00975448636473
 21
24.47812626221018
 31
0.0
  0
LINE
  5
57A
330
1F
100
AcDbEntity
  8
0
 48
10.0
100
AcDbLine
 10
-185.0097544863647
 20
1.478126262209877
 30
0.0
 11
-185.0097544863647
 21
24.47812626220988
 31
0.0
  0
LINE
  5
57B
330
1F
100
AcDbEntity
  8
0
 48
10.0
100
AcDbLine
 10
-65.00975448636473
 20
12.97812626221017
 30
0.0
 11
-185.0097544863647
 21
12.97812626221019
 31
0.0
  0
MTEXT
  5
57C
102
{ACAD_XDICTIONARY
360
CB1
102
}
330
1F
100
AcDbEntity
  8
0
 48
10.0
100
AcDbMText
 10
-447.2513417675645
 20
470.6326753743605
 30
0.0
 40
10.0
 41
210.2665747908977
 46
0.0
 71
     1
 72
     5
  1
\pi98.70423;W
 73
     1
 44
1.0
1001
ACAD
1000
ACAD_MTEXT_COLUMN_INFO_BEGIN
1070
    75
1070
     2
1070
    79
1070
     0
1070
    76
1070
     1
1070
    78
1070
     0
1070
    48
1040
210.2665747908977
1070
    49
1040
1.0
1070
    50
1070
     1
1040
0.0
1000
ACAD_MTEXT_COLUMN_INFO_END
  0
MTEXT
  5
57D
102
{ACAD_XDICTIONARY
360
CB3
102
}
330
1F
100
AcDbEntity
  8
0
 48
10.0
100
AcDbMText
 10
116.3723238928159
 20
871.7001261300202
 30
0.0
 40
10.0
 41
210.2665747908977
 46
0.0
 71
     1
 72
     5
  1
\pi98.70423;W
 73
     1
 44
1.0
1001
ACAD
1000
ACAD_MTEXT_COLUMN_INFO_BEGIN
1070
    75
1070
     2
1070
    79
1070
     0
1070
    76
1070
     1
1070
    78
1070
     0
1070
    48
1040
210.2665747908977
1070
    49
1040
1.0
1070
    50
1070
     1
1040
0.0
1000
ACAD_MTEXT_COLUMN_INFO_END
  0
MTEXT
  5
57E
102
{ACAD_XDICTIONARY
360
CB5
102
}
330
1F
100
AcDbEntity
  8
0
 48
10.0
100
AcDbMText
 10
685.0598425862972
 20
671.7730830129485
 30
0.0
 40
10.0
 41
210.2665747908977
 46
0.0
 71
     1
 72
     5
  1
\pi98.70423;W
 73
     1
 44
1.0
1001
ACAD
1000
ACAD_MTEXT_COLUMN_INFO_BEGIN
1070
    75
1070
     2
1070
    79
1070
     0
1070
    76
1070
     1
1070
    78
1070
     0
1070
    48
1040
210.2665747908977
1070
    49
1040
1.0
1070
    50
1070
     1
1040
0.0
1000
ACAD_MTEXT_COLUMN_INFO_END
  0
MTEXT
  5
57F
102
{ACAD_XDICTIONARY
360
CB7
102
}
330
1F
100
AcDbEntity
  8
0
 48
10.0
100
AcDbMText
 10
693.6763327043354
 20
372.5896784425295
 30
0.0
 40
10.0
 41
210.2665747908977
 46
0.0
 71
     1
 72
     5
  1
\pi98.70423;W
 73
     1
 44
1.0
1001
ACAD
1000
ACAD_MTEXT_COLUMN_INFO_BEGIN
1070
    75
1070
     2
1070
    79
1070
     0
1070
    76
1070
     1
1070
    78
1070
     0
1070
    48
1040
210.2665747908977
1070
    49
1040
1.0
1070
    50
1070
     1
1040
0.0
1000
ACAD_MTEXT_COLUMN_INFO_END
  0
MTEXT
  5
580
102
{ACAD_XDICTIONARY
360
CB9
102
}
330
1F
100
AcDbEntity
  8
0
 48
10.0
100
AcDbMText
 10
-231.2903981853297
 20
-14.13528372168002
 30
0.0
 40
10.0
 41
210.2665747908977
 46
0.0
 71
     1
 72
     5
  1
\pi98.70423;W
 73
     1
 44
1.0
1001
ACAD
1000
ACAD_MTEXT_COLUMN_INFO_BEGIN
1070
    75
1070
     2
1070
    79
1070
     0
1070
    76
1070
     1
1070
    78
1070
     0
1070
    48
1040
210.2665747908977
1070
    49
1040
1.0
1070
    50
1070
     1
1040
0.0
1000
ACAD_MTEXT_COLUMN_INFO_END
  0
MTEXT
  5
581
102
{ACAD_XDICTIONARY
360
CBB
102
}
330
1F
100
AcDbEntity
  8
0
 48
10.0
100
AcDbMText
 10
-447.2513417675645
 20
161.654618956828
 30
0.0
 40
10.0
 41
210.2665747908977
 46
0.0
 71
     1
 72
     5
  1
\pi98.70423;W
 73
     1
 44
1.0
1001
ACAD
1000
ACAD_MTEXT_COLUMN_INFO_BEGIN
1070
    75
1070
     2
1070
    79
1070
     0
1070
    76
1070
     1
1070
    78
1070
     0
1070
    48
1040
210.2665747908977
1070
    49
1040
1.0
1070
    50
1070
     1
1040
0.0
1000
ACAD_MTEXT_COLUMN_INFO_END
  0
MTEXT
  5
582
102
{ACAD_XDICTIONARY
360
CBD
102
}
330
1F
100
AcDbEntity
  8
0
 48
10.0
100
AcDbMText
 10
433.7781171708866
 20
816.3472537436845
 30
0.0
 40
10.0
 41
210.2665747908977
 46
0.0
 71
     1
 72
     5
  1
\pi98.70423;W
 73
     1
 44
1.0
1001
ACAD
1000
ACAD_MTEXT_COLUMN_INFO_BEGIN
1070
    75
1070
     2
1070
    79
1070
     0
1070
    76
1070
     1
1070
    78
1070
     0
1070
    48
1040
210.2665747908977
1070
    49
1040
1.0
1070
    50
1070
     1
1040
0.0
1000
ACAD_MTEXT_COLUMN_INFO_END
  0
LINE
  5
669
102
{ACAD_REACTORS
330
9BD
102
}
330
1F
100
AcDbEntity
  8
0
 48
10.0
100
AcDbLine
 10
46.49024551363527
 20
-208.52187373779
 30
0.0
 11
346.4902455136353
 21
-208.5218737377897
 31
0.0
  0
DIMENSION
  5
761
330
1F
100
AcDbEntity
  8
0
 48
10.0
100
AcDbDimension
280
     0
  2
*D1
 10
741.8918270231833
 20
932.3994991761356
 30
0.0
 11
630.3918270231833
 21
933.7667843057399
 31
0.0
 70
    32
 71
     5
 42
223.0
 73
     0
 74
     0
 75
     0
  3
Standard
100
AcDbAlignedDimension
 13
518.8918270231834
 23
916.7565891578972
 33
0.0
 14
741.8918270231833
 24
916.7565891578966
 34
0.0
100
AcDbRotatedDimension
  0
DIMENSION
  5
7B5
102
{ACAD_XDICTIONARY
360
7C3
102
}
102
{ACAD_REACTORS
330
7CE
102
}
330
1F
100
AcDbEntity
  8
0
 48
10.0
100
AcDbDimension
280
     0
  2
*D2
 10
362.0237454716266
 20
-178.52187373779
 30
0.0
 11
362.0237454716265
 21
-163.5218737377901
 31
0.0
 70
    32
 71
     5
 42
30.0
 73
     0
 74
     0
 75
     0
  3
Standard
100
AcDbAlignedDimension
 13
346.4902455136353
 23
-148.5218737377899
 33
0.0
 14
346.4902455136353
 24
-178.52187373779
 34
0.0
 50
90.0
100
AcDbRotatedDimension
  0
DIMENSION
  5
7E9
102
{ACAD_XDICTIONARY
360
7F7
102
}
102
{ACAD_REACTORS
330
802
102
}
330
1F
100
AcDbEntity
  8
0
 48
10.0
100
AcDbDimension
280
     0
  2
*D3
 10
5.394042083018582
 20
211.4781262622102
 30
0.0
 11
5.394042083018645
 21
256.4781262622101
 31
0.0
 70
    32
 71
     5
 42
89.99999999999994
 73
     0
 74
     0
 75
     0
  3
Standard
100
AcDbAlignedDimension
 13
6.022682043010718
 23
301.47812626221
 33
0.0
 14
6.022682043010718
 24
211.4781262622101
 34
0.0
 50
90.0
100
AcDbRotatedDimension
  0
DIMENSION
  5
988
102
{ACAD_XDICTIONARY
360
995
102
}
102
{ACAD_REACTORS
330
99F
102
}
330
1F
100
AcDbEntity
  8
0
 48
10.0
100
AcDbDimension
280
     0
  2
*D4
 10
-6.509754486364727
 20
204.271655229415
 30
0.0
 11
-19.00975448636472
 21
205.6380876987193
 31
0.0
 70
    32
 71
     5
 42
25.0
 73
     0
 74
     0
 75
     0
  3
Standard
100
AcDbAlignedDimension
 13
-31.50975448636473
 23
211.4781262622101
 33
0.0
 14
-6.509754486364727
 24
211.4781262622101
 34
0.0
100
AcDbRotatedDimension
  0
MTEXT
  5
9A4
102
{ACAD_XDICTIONARY
360
CBF
102
}
330
1F
100
AcDbEntity
  8
0
 48
10.0
100
AcDbMText
 10
-76.35384875893487
 20
263.5083979277624
 30
0.0
 40
10.0
 41
210.2665747908977
 46
0.0
 71
     1
 72
     5
  1
\pi96.28267;UP
 73
     1
 44
1.0
1001
ACAD
1000
ACAD_MTEXT_COLUMN_INFO_BEGIN
1070
    75
1070
     2
1070
    79
1070
     0
1070
    76
1070
     1
1070
    78
1070
     0
1070
    48
1040
210.2665747908977
1070
    49
1040
1.0
1070
    50
1070
     1
1040
0.0
1000
ACAD_MTEXT_COLUMN_INFO_END
  0
DIMENSION
  5
9A6
102
{ACAD_XDICTIONARY
360
9B3
102
}
102
{ACAD_REACTORS
330
9BD
102
}
330
1F
100
AcDbEntity
  8
0
 48
10.0
100
AcDbDimension
280
     0
  2
*D5
 10
346.4902455136353
 20
-236.6402145816973
 30
0.0
 11
196.4902455136352
 21
-235.272929452093
 31
0.0
 70
    32
 71
     5
 42
300.0
 73
     0
 74
     0
 75
     0
  3
Standard
100
AcDbAlignedDimension
 13
46.49024551363527
 23
-208.52187373779
 33
0.0
 14
346.4902455136353
 24
-208.52187373779
 34
0.0
100
AcDbRotatedDimension
  0
LINE
  5
9E2
330
1F
100
AcDbEntity
  8
0
 48
10.0
100
AcDbLine
 10
1460.85598001999
 20
87.67148349940999
 30
0.0
 11
1575.85598001999
 21
87.67148349940999
 31
0.0
  0
LINE
  5
9E3
330
1F
100
AcDbEntity
  8
0
 48
10.0
100
AcDbLine
 10
1665.85598001999
 20
87.67148349940999
 30
0.0
 11
1780.85598001999
 21
87.67148349940999
 31
0.0
  0
LINE
  5
9E4
330
1F
100
AcDbEntity
  8
0
 48
10.0
100
AcDbLine
 10
1437.85598001999
 20
64.67148349940998
 30
0.0
 11
1665.85598001999
 21
64.67148349940998
 31
0.0
  0
LINE
  5
9E5
330
1F
100
AcDbEntity
  8
0
 48
10.0
100
AcDbLine
 10
1665.85598001999
 20
64.67148349940998
 30
0.0
 11
1803.85598001999
 21
64.67148349940998
 31
0.0
  0
LINE
  5
9E6
330
1F
100
AcDbEntity
  8
0
 48
10.0
100
AcDbLine
 10
1437.85598001999
 20
-85.32851650059001
 30
0.0
 11
1980.85598001999
 21
-85.32851650059001
 31
0.0
  0
LINE
  5
9E7
330
1F
100
AcDbEntity
  8
0
 48
10.0
100
AcDbLine
 10
1437.85598001999
 20
-115.32851650059
 30
0.0
 11
1737.85598001999
 21
-115.32851650059
 31
0.0
  0
LINE
  5
9E8
330
1F
100
AcDbEntity
  8
0
 48
10.0
100
AcDbLine
 10
1437.85598001999
 20
-145.32851650059
 30
0.0
 11
1737.85598001999
 21
-145.32851650059
 31
0.0
  0
LINE
  5
9E9
330
1F
100
AcDbEntity
  8
0
 48
10.0
100
AcDbLine
 10
1780.85598001999
 20
87.67148349940999
 30
0.0
 11
1780.85598001999
 21
362.67148349941
 31
0.0
  0
LINE
  5
9EA
330
1F
100
AcDbEntity
  8
0
 48
10.0
100
AcDbLine
 10
1780.85598001999
 20
512.6714834994101
 30
0.0
 11
1780.85598001999
 21
567.67148349941
 31
0.0
  0
LINE
  5
9EB
330
1F
100
AcDbEntity
  8
0
 48
10.0
100
AcDbLine
 10
1780.85598001999
 20
590.6714834994099
 30
0.0
 11
1780.85598001999
 21
890.6714834994099
 31
0.0
  0
LINE
  5
9EC
330
1F
100
AcDbEntity
  8
0
 48
10.0
100
AcDbLine
 10
1803.85598001999
 20
64.67148349940998
 30
0.0
 11
1803.85598001999
 21
284.67148349941
 31
0.0
  0
LINE
  5
9ED
330
1F
100
AcDbEntity
  8
0
 48
10.0
100
AcDbLine
 10
1980.85598001999
 20
-85.32851650059001
 30
0.0
 11
1980.85598001999
 21
284.6714834994099
 31
0.0
  0
LINE
  5
9EE
330
1F
100
AcDbEntity
  8
0
 48
10.0
100
AcDbLine
 10
1803.85598001999
 20
307.67148349941
 30
0.0
 11
1803.85598001999
 21
362.67148349941
 31
0.0
  0
LINE
  5
9EF
330
1F
100
AcDbEntity
  8
0
 48
10.0
100
AcDbLine
 10
1803.85598001999
 20
512.67148349941
 30
0.0
 11
1803.85598001999
 21
890.6714834994099
 31
0.0
  0
LINE
  5
9F0
330
1F
100
AcDbEntity
  8
0
 48
10.0
100
AcDbLine
 10
1893.85598001999
 20
567.67148349941
 30
0.0
 11
1893.85598001999
 21
590.6714834994099
 31
0.0
  0
LINE
  5
9F1
330
1F
100
AcDbEntity
  8
0
 48
10.0
100
AcDbLine
 10
2133.85598001999
 20
307.67148349941
 30
0.0
 11
2133.85598001999
 21
567.67148349941
 31
0.0
  0
LINE
  5
9F2
330
1F
100
AcDbEntity
  8
0
 48
10.0
100
AcDbLine
 10
2133.85598001999
 20
590.6714834994099
 30
0.0
 11
2133.85598001999
 21
913.6714834994098
 31
0.0
  0
LINE
  5
9F3
330
1F
100
AcDbEntity
  8
0
 48
10.0
100
AcDbLine
 10
2043.85598001999
 20
890.6714834994099
 30
0.0
 11
2043.85598001999
 21
913.6714834994098
 31
0.0
  0
LINE
  5
9F4
330
1F
100
AcDbEntity
  8
0
 48
10.0
100
AcDbLine
 10
2156.85598001999
 20
284.67148349941
 30
0.0
 11
2156.85598001999
 21
913.6714834994098
 31
0.0
  0
LINE
  5
9F5
330
1F
100
AcDbEntity
  8
0
 48
10.0
100
AcDbLine
 10
2133.85598001999
 20
567.67148349941
 30
0.0
 11
1893.85598001999
 21
567.67148349941
 31
0.0
  0
LINE
  5
9F6
330
1F
100
AcDbEntity
  8
0
 48
10.0
100
AcDbLine
 10
1780.85598001999
 20
567.67148349941
 30
0.0
 11
1550.85598001999
 21
567.67148349941
 31
0.0
  0
LINE
  5
9F7
330
1F
100
AcDbEntity
  8
0
 48
10.0
100
AcDbLine
 10
1803.85598001999
 20
362.67148349941
 30
0.0
 11
1780.85598001999
 21
362.67148349941
 31
0.0
  0
LINE
  5
9F8
330
1F
100
AcDbEntity
  8
0
 48
10.0
100
AcDbLine
 10
1803.85598001999
 20
512.67148349941
 30
0.0
 11
1780.85598001999
 21
512.67148349941
 31
0.0
  0
LINE
  5
9F9
330
1F
100
AcDbEntity
  8
0
 48
10.0
100
AcDbLine
 10
2133.85598001999
 20
307.67148349941
 30
0.0
 11
1803.85598001999
 21
307.67148349941
 31
0.0
  0
LINE
  5
9FA
330
1F
100
AcDbEntity
  8
0
 48
10.0
100
AcDbLine
 10
2156.85598001999
 20
284.67148349941
 30
0.0
 11
1803.85598001999
 21
284.67148349941
 31
0.0
  0
LINE
  5
9FB
330
1F
100
AcDbEntity
  8
0
 48
10.0
100
AcDbLine
 10
2133.85598001999
 20
590.6714834994099
 30
0.0
 11
1893.85598001999
 21
590.6714834994099
 31
0.0
  0
LINE
  5
9FC
330
1F
100
AcDbEntity
  8
0
 48
10.0
100
AcDbLine
 10
1780.85598001999
 20
590.6714834994099
 30
0.0
 11
1550.85598001999
 21
590.6714834994099
 31
0.0
  0
LINE
  5
9FD
330
1F
100
AcDbEntity
  8
0
 48
10.0
100
AcDbLine
 10
2043.85598001999
 20
890.6714834994099
 30
0.0
 11
1803.85598001999
 21
890.6714834994099
 31
0.0
  0
LINE
  5
9FE
330
1F
100
AcDbEntity
  8
0
 48
10.0
100
AcDbLine
 10
1780.85598001999
 20
890.6714834994099
 30
0.0
 11
1277.85598001999
 21
890.6714834994099
 31
0.0
  0
LINE
  5
9FF
330
1F
100
AcDbEntity
  8
0
 48
10.0
100
AcDbLine
 10
1254.85598001999
 20
890.6714834994099
 30
0.0
 11
1094.85598001999
 21
890.6714834994099
 31
0.0
  0
LINE
  5
A00
330
1F
100
AcDbEntity
  8
0
 48
10.0
100
AcDbLine
 10
1460.85598001999
 20
815.6714834994101
 30
0.0
 11
1437.85598001999
 21
815.6714834994103
 31
0.0
  0
LINE
  5
A01
330
1F
100
AcDbEntity
  8
0
 48
10.0
100
AcDbLine
 10
1437.85598001999
 20
710.67148349941
 30
0.0
 11
1277.85598001999
 21
710.67148349941
 31
0.0
  0
LINE
  5
A02
330
1F
100
AcDbEntity
  8
0
 48
10.0
100
AcDbLine
 10
1254.85598001999
 20
710.67148349941
 30
0.0
 11
1169.85598001999
 21
710.6714834994099
 31
0.0
  0
LINE
  5
A03
330
1F
100
AcDbEntity
  8
0
 48
10.0
100
AcDbLine
 10
1437.85598001999
 20
687.6714834994101
 30
0.0
 11
1169.85598001999
 21
687.67148349941
 31
0.0
  0
LINE
  5
A04
330
1F
100
AcDbEntity
  8
0
 48
10.0
100
AcDbLine
 10
1460.85598001999
 20
387.67148349941
 30
0.0
 11
1094.85598001999
 21
387.67148349941
 31
0.0
  0
LINE
  5
A05
330
1F
100
AcDbEntity
  8
0
 48
10.0
100
AcDbLine
 10
1460.85598001999
 20
477.6714834994099
 30
0.0
 11
1437.85598001999
 21
477.6714834994099
 31
0.0
  0
LINE
  5
A06
102
{ACAD_REACTORS
330
A84
102
}
330
1F
100
AcDbEntity
  8
0
 48
10.0
100
AcDbLine
 10
1437.85598001999
 20
364.67148349941
 30
0.0
 11
1094.85598001999
 21
364.67148349941
 31
0.0
  0
LINE
  5
A07
330
1F
100
AcDbEntity
  8
0
 48
10.0
100
AcDbLine
 10
1184.85598001999
 20
274.67148349941
 30
0.0
 11
1094.85598001999
 21
274.67148349941
 31
0.0
  0
LINE
  5
A08
330
1F
100
AcDbEntity
  8
0
 48
10.0
100
AcDbLine
 10
1184.85598001999
 20
249.67148349941
 30
0.0
 11
1094.85598001999
 21
249.67148349941
 31
0.0
  0
LINE
  5
A09
330
1F
100
AcDbEntity
  8
0
 48
10.0
100
AcDbLine
 10
1184.85598001999
 20
224.67148349941
 30
0.0
 11
1094.85598001999
 21
224.67148349941
 31
0.0
  0
LINE
  5
A0A
330
1F
100
AcDbEntity
  8
0
 48
10.0
100
AcDbLine
 10
1184.85598001999
 20
199.67148349941
 30
0.0
 11
1094.85598001999
 21
199.67148349941
 31
0.0
  0
LINE
  5
A0B
330
1F
100
AcDbEntity
  8
0
 48
10.0
100
AcDbLine
 10
1184.85598001999
 20
174.67148349941
 30
0.0
 11
1094.85598001999
 21
174.67148349941
 31
0.0
  0
LINE
  5
A0C
330
1F
100
AcDbEntity
  8
0
 48
10.0
100
AcDbLine
 10
1184.85598001999
 20
149.67148349941
 30
0.0
 11
1094.85598001999
 21
149.67148349941
 31
0.0
  0
LINE
  5
A0D
330
1F
100
AcDbEntity
  8
0
 48
10.0
100
AcDbLine
 10
1460.85598001999
 20
64.67148349940998
 30
0.0
 11
1071.85598001999
 21
64.67148349940998
 31
0.0
  0
LINE
  5
A0E
330
1F
100
AcDbEntity
  8
0
 48
10.0
100
AcDbLine
 10
1437.85598001999
 20
87.67148349940999
 30
0.0
 11
1094.85598001999
 21
87.67148349940999
 31
0.0
  0
LINE
  5
A0F
330
1F
100
AcDbEntity
  8
0
 48
10.0
100
AcDbLine
 10
2156.85598001999
 20
913.67148349941
 30
0.0
 11
2133.85598001999
 21
913.67148349941
 31
0.0
  0
LINE
  5
A10
330
1F
100
AcDbEntity
  8
0
 48
10.0
100
AcDbLine
 10
2043.85598001999
 20
913.67148349941
 30
0.0
 11
1071.85598001999
 21
913.67148349941
 31
0.0
  0
LINE
  5
A11
330
1F
100
AcDbEntity
  8
0
 48
10.0
100
AcDbLine
 10
2133.85598001999
 20
943.67148349941
 30
0.0
 11
1910.85598001999
 21
943.67148349941
 31
0.0
  0
LINE
  5
A12
330
1F
100
AcDbEntity
  8
0
 48
10.0
100
AcDbLine
 10
2133.85598001999
 20
973.6714834994101
 30
0.0
 11
1910.85598001999
 21
973.6714834994099
 31
0.0
  0
LINE
  5
A13
330
1F
100
AcDbEntity
  8
0
 48
10.0
100
AcDbLine
 10
1460.85598001999
 20
815.6714834994101
 30
0.0
 11
1460.85598001999
 21
477.6714834994099
 31
0.0
  0
LINE
  5
A14
330
1F
100
AcDbEntity
  8
0
 48
10.0
100
AcDbLine
 10
1460.85598001999
 20
387.67148349941
 30
0.0
 11
1460.85598001999
 21
301.1714834994099
 31
0.0
  0
LINE
  5
A15
330
1F
100
AcDbEntity
  8
0
 48
10.0
100
AcDbLine
 10
1460.85598001999
 20
151.1714834994099
 30
0.0
 11
1460.85598001999
 21
87.67148349940999
 31
0.0
  0
LINE
  5
A16
330
1F
100
AcDbEntity
  8
0
 48
10.0
100
AcDbLine
 10
1550.85598001999
 20
590.6714834994098
 30
0.0
 11
1550.85598001999
 21
567.67148349941
 31
0.0
  0
LINE
  5
A17
330
1F
100
AcDbEntity
  8
0
 48
10.0
100
AcDbLine
 10
1437.85598001999
 20
815.6714834994103
 30
0.0
 11
1437.85598001999
 21
710.67148349941
 31
0.0
  0
LINE
  5
A18
330
1F
100
AcDbEntity
  8
0
 48
10.0
100
AcDbLine
 10
1437.85598001999
 20
687.67148349941
 30
0.0
 11
1437.85598001999
 21
477.6714834994099
 31
0.0
  0
LINE
  5
A19
330
1F
100
AcDbEntity
  8
0
 48
10.0
100
AcDbLine
 10
1437.85598001999
 20
364.6714834994099
 30
0.0
 11
1437.85598001999
 21
301.17148349941
 31
0.0
  0
LINE
  5
A1A
330
1F
100
AcDbEntity
  8
0
 48
10.0
100
AcDbLine
 10
1437.85598001999
 20
151.1714834994099
 30
0.0
 11
1437.85598001999
 21
87.67148349940999
 31
0.0
  0
LINE
  5
A1B
330
1F
100
AcDbEntity
  8
0
 48
10.0
100
AcDbLine
 10
1277.85598001999
 20
890.6714834994099
 30
0.0
 11
1277.85598001999
 21
710.67148349941
 31
0.0
  0
LINE
  5
A1C
330
1F
100
AcDbEntity
  8
0
 48
10.0
100
AcDbLine
 10
1254.85598001999
 20
890.6714834994099
 30
0.0
 11
1254.85598001999
 21
710.6714834994102
 31
0.0
  0
LINE
  5
A1D
330
1F
100
AcDbEntity
  8
0
 48
10.0
100
AcDbLine
 10
1094.85598001999
 20
890.6714834994099
 30
0.0
 11
1094.85598001999
 21
710.6714834994099
 31
0.0
  0
LINE
  5
A1E
330
1F
100
AcDbEntity
  8
0
 48
10.0
100
AcDbLine
 10
1169.85598001999
 20
710.67148349941
 30
0.0
 11
1169.85598001999
 21
687.67148349941
 31
0.0
  0
LINE
  5
A1F
330
1F
100
AcDbEntity
  8
0
 48
10.0
100
AcDbLine
 10
1094.85598001999
 20
710.6714834994099
 30
0.0
 11
1094.85598001999
 21
387.67148349941
 31
0.0
  0
LINE
  5
A20
330
1F
100
AcDbEntity
  8
0
 48
10.0
100
AcDbLine
 10
1094.85598001999
 20
364.67148349941
 30
0.0
 11
1094.85598001999
 21
87.67148349940999
 31
0.0
  0
LINE
  5
A21
330
1F
100
AcDbEntity
  8
0
 48
10.0
100
AcDbLine
 10
1184.85598001999
 20
364.67148349941
 30
0.0
 11
1184.85598001999
 21
274.67148349941
 31
0.0
  0
LINE
  5
A22
330
1F
100
AcDbEntity
  8
0
 48
10.0
100
AcDbLine
 10
1209.85598001999
 20
364.67148349941
 30
0.0
 11
1209.85598001999
 21
274.67148349941
 31
0.0
  0
LINE
  5
A23
330
1F
100
AcDbEntity
  8
0
 48
10.0
100
AcDbLine
 10
1234.85598001999
 20
364.67148349941
 30
0.0
 11
1234.85598001999
 21
274.67148349941
 31
0.0
  0
LINE
  5
A24
330
1F
100
AcDbEntity
  8
0
 48
10.0
100
AcDbLine
 10
1259.85598001999
 20
364.67148349941
 30
0.0
 11
1259.85598001999
 21
274.67148349941
 31
0.0
  0
LINE
  5
A25
330
1F
100
AcDbEntity
  8
0
 48
10.0
100
AcDbLine
 10
1284.85598001999
 20
364.67148349941
 30
0.0
 11
1284.85598001999
 21
274.67148349941
 31
0.0
  0
LINE
  5
A26
330
1F
100
AcDbEntity
  8
0
 48
10.0
100
AcDbLine
 10
1309.85598001999
 20
364.67148349941
 30
0.0
 11
1309.85598001999
 21
274.67148349941
 31
0.0
  0
LINE
  5
A27
330
1F
100
AcDbEntity
  8
0
 48
10.0
100
AcDbLine
 10
1334.85598001999
 20
364.67148349941
 30
0.0
 11
1334.85598001999
 21
274.67148349941
 31
0.0
  0
LINE
  5
A28
102
{ACAD_REACTORS
330
A87
102
}
330
1F
100
AcDbEntity
  8
0
 48
10.0
100
AcDbLine
 10
1359.85598001999
 20
364.67148349941
 30
0.0
 11
1359.85598001999
 21
274.67148349941
 31
0.0
  0
LINE
  5
A29
102
{ACAD_REACTORS
330
A87
102
}
330
1F
100
AcDbEntity
  8
0
 48
10.0
100
AcDbLine
 10
1384.85598001999
 20
364.67148349941
 30
0.0
 11
1384.85598001999
 21
274.67148349941
 31
0.0
  0
LINE
  5
A2A
330
1F
100
AcDbEntity
  8
0
 48
10.0
100
AcDbLine
 10
1409.85598001999
 20
364.67148349941
 30
0.0
 11
1409.85598001999
 21
274.67148349941
 31
0.0
  0
LINE
  5
A2B
330
1F
100
AcDbEntity
  8
0
 48
10.0
100
AcDbLine
 10
1284.85598001999
 20
364.67148349941
 30
0.0
 11
1284.85598001999
 21
274.67148349941
 31
0.0
  0
LINE
  5
A2C
330
1F
100
AcDbEntity
  8
0
 48
10.0
100
AcDbLine
 10
1071.85598001999
 20
913.67148349941
 30
0.0
 11
1071.85598001999
 21
64.67148349940998
 31
0.0
  0
LINE
  5
A2D
330
1F
100
AcDbEntity
  8
0
 48
10.0
100
AcDbLine
 10
1437.85598001999
 20
151.1714834994099
 30
0.0
 11
1460.85598001999
 21
151.1714834994099
 31
0.0
  0
LINE
  5
A2E
330
1F
100
AcDbEntity
  8
0
 48
10.0
100
AcDbLine
 10
1437.85598001999
 20
301.17148349941
 30
0.0
 11
1460.85598001999
 21
301.17148349941
 31
0.0
  0
LINE
  5
A2F
330
1F
100
AcDbEntity
  8
0
 48
10.0
100
AcDbLine
 10
1620.85598001999
 20
87.67148349940999
 30
0.0
 11
1620.85598001999
 21
87.67148349940999
 31
0.0
  0
LINE
  5
A30
330
1F
100
AcDbEntity
  8
0
 48
10.0
100
AcDbLine
 10
1575.85598001999
 20
87.67148349940999
 30
0.0
 11
1575.85598001999
 21
64.67148349940998
 31
0.0
  0
LINE
  5
A31
330
1F
100
AcDbEntity
  8
0
 48
10.0
100
AcDbLine
 10
1665.85598001999
 20
87.67148349940999
 30
0.0
 11
1665.85598001999
 21
64.67148349940998
 31
0.0
  0
LINE
  5
A32
330
1F
100
AcDbEntity
  8
0
 48
10.0
100
AcDbLine
 10
1094.85598001999
 20
166.17148349941
 30
0.0
 11
1071.85598001999
 21
166.17148349941
 31
0.0
  0
LINE
  5
A33
330
1F
100
AcDbEntity
  8
0
 48
10.0
100
AcDbLine
 10
1094.85598001999
 20
286.17148349941
 30
0.0
 11
1071.85598001999
 21
286.17148349941
 31
0.0
  0
LINE
  5
A34
330
1F
100
AcDbEntity
  8
0
 48
10.0
100
AcDbLine
 10
1083.35598001999
 20
265.7210768448731
 30
0.0
 11
1083.35598001999
 21
286.17148349941
 31
0.0
  0
LINE
  5
A35
330
1F
100
AcDbEntity
  8
0
 48
10.0
100
AcDbLine
 10
1083.35598001999
 20
286.17148349941
 30
0.0
 11
1083.35598001999
 21
166.17148349941
 31
0.0
  0
LINE
  5
A36
330
1F
100
AcDbEntity
  8
0
 48
10.0
100
AcDbLine
 10
1094.85598001999
 20
477.67148349941
 30
0.0
 11
1071.85598001999
 21
477.6714834994099
 31
0.0
  0
LINE
  5
A37
330
1F
100
AcDbEntity
  8
0
 48
10.0
100
AcDbLine
 10
1094.85598001999
 20
597.6714834994099
 30
0.0
 11
1071.85598001999
 21
597.6714834994099
 31
0.0
  0
LINE
  5
A38
330
1F
100
AcDbEntity
  8
0
 48
10.0
100
AcDbLine
 10
1082.873215521051
 20
597.6714834994099
 30
0.0
 11
1082.873215521051
 21
477.67148349941
 31
0.0
  0
LINE
  5
A39
330
1F
100
AcDbEntity
  8
0
 48
10.0
100
AcDbLine
 10
1560.85598001999
 20
890.6714834994099
 30
0.0
 11
1560.85598001999
 21
913.6714834994101
 31
0.0
  0
LINE
  5
A3A
330
1F
100
AcDbEntity
  8
0
 48
10.0
100
AcDbLine
 10
1680.85598001999
 20
890.6714834994099
 30
0.0
 11
1680.85598001999
 21
913.6714834994101
 31
0.0
  0
LINE
  5
A3B
330
1F
100
AcDbEntity
  8
0
 48
10.0
100
AcDbLine
 10
1680.85598001999
 20
902.1714834994099
 30
0.0
 11
1560.85598001999
 21
902.1714834994099
 31
0.0
  0
LINE
  5
A3C
330
1F
100
AcDbEntity
  8
0
 48
10.0
100
AcDbLine
 10
1863.85598001999
 20
890.6714834994099
 30
0.0
 11
1863.85598001999
 21
913.67148349941
 31
0.0
  0
LINE
  5
A3D
330
1F
100
AcDbEntity
  8
0
 48
10.0
100
AcDbLine
 10
1983.85598001999
 20
890.6714834994099
 30
0.0
 11
1983.85598001999
 21
913.67148349941
 31
0.0
  0
LINE
  5
A3E
330
1F
100
AcDbEntity
  8
0
 48
10.0
100
AcDbLine
 10
1983.85598001999
 20
902.1714834994099
 30
0.0
 11
1863.85598001999
 21
902.1714834994099
 31
0.0
  0
LINE
  5
A3F
330
1F
100
AcDbEntity
  8
0
 48
10.0
100
AcDbLine
 10
2133.85598001999
 20
680.6714834994099
 30
0.0
 11
2156.85598001999
 21
680.67148349941
 31
0.0
  0
LINE
  5
A40
330
1F
100
AcDbEntity
  8
0
 48
10.0
100
AcDbLine
 10
2133.85598001999
 20
800.6714834994099
 30
0.0
 11
2156.85598001999
 21
800.6714834994099
 31
0.0
  0
LINE
  5
A41
330
1F
100
AcDbEntity
  8
0
 48
10.0
100
AcDbLine
 10
2145.35598001999
 20
680.67148349941
 30
0.0
 11
2145.35598001999
 21
800.6714834994099
 31
0.0
  0
LINE
  5
A42
330
1F
100
AcDbEntity
  8
0
 48
10.0
100
AcDbLine
 10
2133.85598001999
 20
377.67148349941
 30
0.0
 11
2156.85598001999
 21
377.67148349941
 31
0.0
  0
LINE
  5
A43
330
1F
100
AcDbEntity
  8
0
 48
10.0
100
AcDbLine
 10
2133.85598001999
 20
497.6714834994099
 30
0.0
 11
2156.85598001999
 21
497.6714834994099
 31
0.0
  0
LINE
  5
A44
330
1F
100
AcDbEntity
  8
0
 48
10.0
100
AcDbLine
 10
2145.35598001999
 20
377.67148349941
 30
0.0
 11
2145.35598001999
 21
497.6714834994099
 31
0.0
  0
LINE
  5
A45
330
1F
100
AcDbEntity
  8
0
 48
10.0
100
AcDbLine
 10
1149.85598001999
 20
890.6714834994099
 30
0.0
 11
1149.85598001999
 21
913.67148349941
 31
0.0
  0
LINE
  5
A46
330
1F
100
AcDbEntity
  8
0
 48
10.0
100
AcDbLine
 10
1199.85598001999
 20
890.6714834994099
 30
0.0
 11
1199.85598001999
 21
913.67148349941
 31
0.0
  0
LINE
  5
A47
330
1F
100
AcDbEntity
  8
0
 48
10.0
100
AcDbLine
 10
1199.85598001999
 20
902.1714834994099
 30
0.0
 11
1149.85598001999
 21
902.1714834994099
 31
0.0
  0
LINE
  5
A48
330
1F
100
AcDbEntity
  8
0
 48
10.0
100
AcDbLine
 10
1332.85598001999
 20
890.6714834994099
 30
0.0
 11
1332.85598001999
 21
913.67148349941
 31
0.0
  0
LINE
  5
A49
330
1F
100
AcDbEntity
  8
0
 48
10.0
100
AcDbLine
 10
1382.85598001999
 20
890.6714834994099
 30
0.0
 11
1382.85598001999
 21
913.67148349941
 31
0.0
  0
LINE
  5
A4A
330
1F
100
AcDbEntity
  8
0
 48
10.0
100
AcDbLine
 10
1382.85598001999
 20
901.4592059969318
 30
0.0
 11
1332.85598001999
 21
901.4592059969318
 31
0.0
  0
LINE
  5
A4B
330
1F
100
AcDbEntity
  8
0
 48
10.0
100
AcDbLine
 10
1071.85598001999
 20
64.67148349940998
 30
0.0
 11
1071.85598001999
 21
-235.32851650059
 31
0.0
  0
LINE
  5
A4C
330
1F
100
AcDbEntity
  8
0
 48
10.0
100
AcDbLine
 10
1071.85598001999
 20
-235.32851650059
 30
0.0
 11
1071.85598001999
 21
-140.7804123677815
 31
0.0
  0
LINE
  5
A4D
330
1F
100
AcDbEntity
  8
0
 48
10.0
100
AcDbLine
 10
1071.85598001999
 20
-235.32851650059
 30
0.0
 11
1437.85598001999
 21
-235.32851650059
 31
0.0
  0
LINE
  5
A4E
330
1F
100
AcDbEntity
  8
0
 48
10.0
100
AcDbLine
 10
1437.85598001999
 20
-235.32851650059
 30
0.0
 11
1437.85598001999
 21
64.67148349940998
 31
0.0
  0
LINE
  5
A4F
102
{ACAD_REACTORS
330
A81
330
A8B
102
}
330
1F
100
AcDbEntity
  8
0
 48
10.0
100
AcDbLine
 10
1737.85598001999
 20
-145.32851650059
 30
0.0
 11
1737.85598001999
 21
-85.32851650059001
 31
0.0
  0
LINE
  5
A50
330
1F
100
AcDbEntity
  8
0
 48
10.0
100
AcDbLine
 10
2133.85598001999
 20
913.6714834994098
 30
0.0
 11
2133.85598001999
 21
973.6714834994101
 31
0.0
  0
LINE
  5
A51
330
1F
100
AcDbEntity
  8
0
 48
10.0
100
AcDbLine
 10
1910.85598001999
 20
913.6714834994098
 30
0.0
 11
1910.85598001999
 21
973.6714834994101
 31
0.0
  0
LINE
  5
A52
102
{ACAD_REACTORS
330
A84
102
}
330
1F
100
AcDbEntity
  8
0
 48
10.0
100
AcDbLine
 10
1184.85598001999
 20
274.67148349941
 30
0.0
 11
1409.85598001999
 21
274.67148349941
 31
0.0
  0
LINE
  5
A53
330
1F
100
AcDbEntity
  8
0
 48
10.0
100
AcDbLine
 10
1184.85598001999
 20
149.67148349941
 30
0.0
 11
1184.85598001999
 21
274.67148349941
 31
0.0
  0
LINE
  5
A54
330
1F
100
AcDbEntity
  8
0
 48
10.0
100
AcDbLine
 10
1184.85598001999
 20
274.67148349941
 30
0.0
 11
1094.85598001999
 21
364.67148349941
 31
0.0
  0
LINE
  5
A55
330
1F
100
AcDbEntity
  8
0
 48
10.0
100
AcDbLine
 10
1094.85598001999
 20
364.67148349941
 30
0.0
 11
1094.85598001999
 21
274.67148349941
 31
0.0
  0
LINE
  5
A56
330
1F
100
AcDbEntity
  8
0
 48
10.0
100
AcDbLine
 10
1184.85598001999
 20
274.67148349941
 30
0.0
 11
1094.85598001999
 21
319.67148349941
 31
0.0
  0
LINE
  5
A57
330
1F
100
AcDbEntity
  8
0
 48
10.0
100
AcDbLine
 10
1094.85598001999
 20
364.67148349941
 30
0.0
 11
1184.85598001999
 21
364.67148349941
 31
0.0
  0
LINE
  5
A58
330
1F
100
AcDbEntity
  8
0
 48
10.0
100
AcDbLine
 10
1184.85598001999
 20
274.67148349941
 30
0.0
 11
1139.85598001999
 21
364.67148349941
 31
0.0
  0
LWPOLYLINE
  5
A59
330
1F
100
AcDbEntity
  8
0
 48
10.0
100
AcDbPolyline
 90
        4
 70
     1
 43
0.0
 10
2110.85598001999
 20
307.67148349941
 10
2133.85598001999
 20
307.67148349941
 10
2133.85598001999
 20
330.67148349941
 10
2110.85598001999
 20
330.67148349941
  0
LWPOLYLINE
  5
A5A
330
1F
100
AcDbEntity
  8
0
 48
10.0
100
AcDbPolyline
 90
        4
 70
     1
 43
0.0
 10
2110.85598001999
 20
512.6714834994092
 10
2133.85598001999
 20
512.6714834994092
 10
2133.85598001999
 20
535.6714834994091
 10
2110.85598001999
 20
535.6714834994091
  0
LWPOLYLINE
  5
A5B
330
1F
100
AcDbEntity
  8
0
 48
10.0
100
AcDbPolyline
 90
        4
 70
     1
 43
0.0
 10
1686.35598001999
 20
-85.32851650059001
 10
1709.35598001999
 20
-85.32851650059001
 10
1709.35598001999
 20
-62.32851650059001
 10
1686.35598001999
 20
-62.32851650059001
  0
LWPOLYLINE
  5
A5C
330
1F
100
AcDbEntity
  8
0
 48
10.0
100
AcDbPolyline
 90
        4
 70
     1
 43
0.0
 10
1957.85598001999
 20
-85.32851650059001
 10
1980.85598001999
 20
-85.32851650059001
 10
1980.85598001999
 20
-62.32851650059001
 10
1957.85598001999
 20
-62.32851650059001
  0
LWPOLYLINE
  5
A5D
330
1F
100
AcDbEntity
  8
0
 48
10.0
100
AcDbPolyline
 90
        4
 70
     1
 43
0.0
 10
1957.85598001999
 20
68.25708052954905
 10
1980.85598001999
 20
68.25708052954905
 10
1980.85598001999
 20
91.25708052954905
 10
1957.85598001999
 20
91.25708052954905
  0
LWPOLYLINE
  5
A5E
330
1F
100
AcDbEntity
  8
0
 48
10.0
100
AcDbPolyline
 90
        4
 70
     1
 43
0.0
 10
1072.970673670352
 20
-235.32851650059
 10
1095.970673670352
 20
-235.32851650059
 10
1095.970673670352
 20
-212.32851650059
 10
1072.970673670352
 20
-212.32851650059
  0
MTEXT
  5
A5F
102
{ACAD_XDICTIONARY
360
CC1
102
}
330
1F
100
AcDbEntity
  8
0
 48
10.0
100
AcDbMText
 10
1166.734094843166
 20
594.3167420368718
 30
0.0
 40
10.0
 41
210.2665747908977
 46
0.0
 71
     1
 72
     5
  1
\pi68.14147;BED ROOM\P\pi73.91228;343 X 300
 73
     1
 44
1.0
1001
ACAD
1000
ACAD_MTEXT_COLUMN_INFO_BEGIN
1070
    75
1070
     2
1070
    79
1070
     0
1070
    76
1070
     1
1070
    78
1070
     0
1070
    48
1040
210.2665747908977
1070
    49
1040
1.0
1070
    50
1070
     1
1040
0.0
1000
ACAD_MTEXT_COLUMN_INFO_END
  0
MTEXT
  5
A60
102
{ACAD_XDICTIONARY
360
CC3
102
}
330
1F
100
AcDbEntity
  8
0
 48
10.0
100
AcDbMText
 10
1540.998934741939
 20
756.343814110599
 30
0.0
 40
10.0
 41
210.2665747908977
 46
0.0
 71
     1
 72
     5
  1
\pi68.14147;BED ROOM\P\pi73.91228;320 X 300
 73
     1
 44
1.0
1001
ACAD
1000
ACAD_MTEXT_COLUMN_INFO_BEGIN
1070
    75
1070
     2
1070
    79
1070
     0
1070
    76
1070
     1
1070
    78
1070
     0
1070
    48
1040
210.2665747908977
1070
    49
1040
1.0
1070
    50
1070
     1
1040
0.0
1000
ACAD_MTEXT_COLUMN_INFO_END
  0
MTEXT
  5
A61
102
{ACAD_XDICTIONARY
360
CC5
102
}
330
1F
100
AcDbEntity
  8
0
 48
10.0
100
AcDbMText
 10
1067.589405229092
 20
810.3023314220177
 30
0.0
 40
10.0
 41
210.2665747908977
 46
0.0
 71
     1
 72
     5
  1
\pi80.98595;TOILET\P\pi74.37954;160 X 160
 73
     1
 44
1.0
1001
ACAD
1000
ACAD_MTEXT_COLUMN_INFO_BEGIN
1070
    75
1070
     2
1070
    79
1070
     0
1070
    76
1070
     1
1070
    78
1070
     0
1070
    48
1040
210.2665747908977
1070
    49
1040
1.0
1070
    50
1070
     1
1040
0.0
1000
ACAD_MTEXT_COLUMN_INFO_END
  0
MTEXT
  5
A62
102
{ACAD_XDICTIONARY
360
CC7
102
}
330
1F
100
AcDbEntity
  8
0
 48
10.0
100
AcDbMText
 10
1857.672316774244
 20
759.3794575998578
 30
0.0
 40
10.0
 41
210.2665747908977
 46
0.0
 71
     1
 72
     5
  1
\pi75.55962;KITCHEN\P\pi73.91228;330 X 300
 73
     1
 44
1.0
1001
ACAD
1000
ACAD_MTEXT_COLUMN_INFO_BEGIN
1070
    75
1070
     2
1070
    79
1070
     0
1070
    76
1070
     1
1070
    78
1070
     0
1070
    48
1040
210.2665747908977
1070
    49
1040
1.0
1070
    50
1070
     1
1040
0.0
1000
ACAD_MTEXT_COLUMN_INFO_END
  0
MTEXT
  5
A63
102
{ACAD_XDICTIONARY
360
CC9
102
}
330
1F
100
AcDbEntity
  8
0
 48
10.0
100
AcDbMText
 10
1875.884776716455
 20
434.2665028550187
 30
0.0
 40
10.0
 41
210.2665747908977
 46
0.0
 71
     1
 72
     5
  1
\pi76.61692,t216.61692;DINNING\P\pi73.91228,tz;320 X 460
 73
     1
 44
1.0
1001
ACAD
1000
ACAD_MTEXT_COLUMN_INFO_BEGIN
1070
    75
1070
     2
1070
    79
1070
     0
1070
    76
1070
     1
1070
    78
1070
     0
1070
    48
1040
210.2665747908977
1070
    49
1040
1.0
1070
    50
1070
     1
1040
0.0
1000
ACAD_MTEXT_COLUMN_INFO_END
  0
MTEXT
  5
A64
102
{ACAD_XDICTIONARY
360
CCB
102
}
330
1F
100
AcDbEntity
  8
0
 48
10.0
100
AcDbMText
 10
1518.530532698969
 20
317.9535703010575
 30
0.0
 40
10.0
 41
210.2665747908977
 46
0.0
 71
     1
 72
     5
  1
\pi59.60123;LIVING ROOM\P\pi73.91228;320 X 460
 73
     1
 44
1.0
1001
ACAD
1000
ACAD_MTEXT_COLUMN_INFO_BEGIN
1070
    75
1070
     2
1070
    79
1070
     0
1070
    76
1070
     1
1070
    78
1070
     0
1070
    48
1040
210.2665747908977
1070
    49
1040
1.0
1070
    50
1070
     1
1040
0.0
1000
ACAD_MTEXT_COLUMN_INFO_END
  0
MTEXT
  5
A65
102
{ACAD_XDICTIONARY
360
CCD
102
}
330
1F
100
AcDbEntity
  8
0
 48
10.0
100
AcDbMText
 10
1149.154654183344
 20
-63.44349524231927
 30
0.0
 40
10.0
 41
210.2665747908977
 46
0.0
 71
     1
 72
     5
  1
\pi81.00982,t231.00982;PORCH\P\pi73.91228,tz;366 X 300
 73
     1
 44
1.0
1001
ACAD
1000
ACAD_MTEXT_COLUMN_INFO_BEGIN
1070
    75
1070
     2
1070
    79
1070
     0
1070
    76
1070
     1
1070
    78
1070
     0
1070
    48
1040
210.2665747908977
1070
    49
1040
1.0
1070
    50
1070
     1
1040
0.0
1000
ACAD_MTEXT_COLUMN_INFO_END
  0
MTEXT
  5
A66
102
{ACAD_XDICTIONARY
360
CCF
102
}
330
1F
100
AcDbEntity
  8
0
 48
10.0
100
AcDbMText
 10
1637.794485489499
 20
48.08569064917958
 30
0.0
 40
10.0
 41
210.2665747908977
 46
0.0
 71
     1
 72
     5
  1
\pi78.03574;SIT OUT
 73
     1
 44
1.0
1001
ACAD
1000
ACAD_MTEXT_COLUMN_INFO_BEGIN
1070
    75
1070
     2
1070
    79
1070
     0
1070
    76
1070
     1
1070
    78
1070
     0
1070
    48
1040
210.2665747908977
1070
    49
1040
1.0
1070
    50
1070
     1
1040
0.0
1000
ACAD_MTEXT_COLUMN_INFO_END
  0
MTEXT
  5
A67
102
{ACAD_XDICTIONARY
360
CD1
102
}
330
1F
100
AcDbEntity
  8
0
 48
10.0
100
AcDbMText
 10
1250.589405229092
 20
810.3023314220177
 30
0.0
 40
10.0
 41
210.2665747908977
 46
0.0
 71
     1
 72
     5
  1
\pi80.98595;TOILET\P\pi74.37954;160 X 160
 73
     1
 44
1.0
1001
ACAD
1000
ACAD_MTEXT_COLUMN_INFO_BEGIN
1070
    75
1070
     2
1070
    79
1070
     0
1070
    76
1070
     1
1070
    78
1070
     0
1070
    48
1040
210.2665747908977
1070
    49
1040
1.0
1070
    50
1070
     1
1040
0.0
1000
ACAD_MTEXT_COLUMN_INFO_END
  0
MTEXT
  5
A68
102
{ACAD_XDICTIONARY
360
CD3
102
}
330
1F
100
AcDbEntity
  8
0
 48
10.0
100
AcDbMText
 10
1141.588911272621
 20
213.0257474101496
 30
0.0
 40
10.0
 41
210.2665747908977
 46
0.0
 71
     1
 72
     5
  1
\pi72.3502,t222.3502;DRAWING\P\pi73.89522,tz;343 X 257
 73
     1
 44
1.0
1001
ACAD
1000
ACAD_MTEXT_COLUMN_INFO_BEGIN
1070
    75
1070
     2
1070
    79
1070
     0
1070
    76
1070
     1
1070
    78
1070
     0
1070
    48
1040
210.2665747908977
1070
    49
1040
1.0
1070
    50
1070
     1
1040
0.0
1000
ACAD_MTEXT_COLUMN_INFO_END
  0
MTEXT
  5
A69
102
{ACAD_XDICTIONARY
360
CD5
102
}
330
1F
100
AcDbEntity
  8
0
 48
10.0
100
AcDbMText
 10
1345.701565874082
 20
841.2431892928388
 30
0.0
 40
10.0
 41
210.2665747908977
 46
0.0
 71
     1
 72
     5
  1
\pi98.02551;D1
 73
     1
 44
1.0
1001
ACAD
1000
ACAD_MTEXT_COLUMN_INFO_BEGIN
1070
    75
1070
     2
1070
    79
1070
     0
1070
    76
1070
     1
1070
    78
1070
     0
1070
    48
1040
210.2665747908977
1070
    49
1040
1.0
1070
    50
1070
     1
1040
0.0
1000
ACAD_MTEXT_COLUMN_INFO_END
  0
MTEXT
  5
A6A
102
{ACAD_XDICTIONARY
360
CD7
102
}
330
1F
100
AcDbEntity
  8
0
 48
10.0
100
AcDbMText
 10
1345.455856694801
 20
455.4374642053517
 30
0.0
 40
10.0
 41
210.2665747908977
 46
0.0
 71
     1
 72
     5
  1
\pi100.99959;D
 73
     1
 44
1.0
1001
ACAD
1000
ACAD_MTEXT_COLUMN_INFO_BEGIN
1070
    75
1070
     2
1070
    79
1070
     0
1070
    76
1070
     1
1070
    78
1070
     0
1070
    48
1040
210.2665747908977
1070
    49
1040
1.0
1070
    50
1070
     1
1040
0.0
1000
ACAD_MTEXT_COLUMN_INFO_END
  0
MTEXT
  5
A6B
102
{ACAD_XDICTIONARY
360
CD9
102
}
330
1F
100
AcDbEntity
  8
0
 48
10.0
100
AcDbMText
 10
1421.682939800446
 20
581.971639939803
 30
0.0
 40
10.0
 41
210.2665747908977
 46
0.0
 71
     1
 72
     5
  1
\pi100.99959;D
 73
     1
 44
1.0
1001
ACAD
1000
ACAD_MTEXT_COLUMN_INFO_BEGIN
1070
    75
1070
     2
1070
    79
1070
     0
1070
    76
1070
     1
1070
    78
1070
     0
1070
    48
1040
210.2665747908977
1070
    49
1040
1.0
1070
    50
1070
     1
1040
0.0
1000
ACAD_MTEXT_COLUMN_INFO_END
  0
MTEXT
  5
A6C
102
{ACAD_XDICTIONARY
360
CDB
102
}
330
1F
100
AcDbEntity
  8
0
 48
10.0
100
AcDbMText
 10
1764.704864008123
 20
583.2001257746524
 30
0.0
 40
10.0
 41
210.2665747908977
 46
0.0
 71
     1
 72
     5
  1
\pi100.99959;D
 73
     1
 44
1.0
1001
ACAD
1000
ACAD_MTEXT_COLUMN_INFO_BEGIN
1070
    75
1070
     2
1070
    79
1070
     0
1070
    76
1070
     1
1070
    78
1070
     0
1070
    48
1040
210.2665747908977
1070
    49
1040
1.0
1070
    50
1070
     1
1040
0.0
1000
ACAD_MTEXT_COLUMN_INFO_END
  0
MTEXT
  5
A6D
102
{ACAD_XDICTIONARY
360
CDD
102
}
330
1F
100
AcDbEntity
  8
0
 48
10.0
100
AcDbMText
 10
1681.10095150074
 20
390.3276515489397
 30
0.0
 40
10.0
 41
210.2665747908977
 46
0.0
 71
     1
 72
     5
  1
\pi98.02551;D1
 73
     1
 44
1.0
1001
ACAD
1000
ACAD_MTEXT_COLUMN_INFO_BEGIN
1070
    75
1070
     2
1070
    79
1070
     0
1070
    76
1070
     1
1070
    78
1070
     0
1070
    48
1040
210.2665747908977
1070
    49
1040
1.0
1070
    50
1070
     1
1040
0.0
1000
ACAD_MTEXT_COLUMN_INFO_END
  0
MTEXT
  5
A6E
102
{ACAD_XDICTIONARY
360
CDF
102
}
330
1F
100
AcDbEntity
  8
0
 48
10.0
100
AcDbMText
 10
1043.006413825039
 20
698.6779131431103
 30
0.0
 40
10.0
 41
210.2665747908977
 46
0.0
 71
     1
 72
     5
  1
\pi98.02551;D1
 73
     1
 44
1.0
1001
ACAD
1000
ACAD_MTEXT_COLUMN_INFO_BEGIN
1070
    75
1070
     2
1070
    79
1070
     0
1070
    76
1070
     1
1070
    78
1070
     0
1070
    48
1040
210.2665747908977
1070
    49
1040
1.0
1070
    50
1070
     1
1040
0.0
1000
ACAD_MTEXT_COLUMN_INFO_END
  0
MTEXT
  5
A6F
102
{ACAD_XDICTIONARY
360
CE1
102
}
330
1F
100
AcDbEntity
  8
0
 48
10.0
100
AcDbMText
 10
1346.685321564121
 20
283.4492729506019
 30
0.0
 40
10.0
 41
210.2665747908977
 46
0.0
 71
     1
 72
     5
  1
\pi98.02551;D1
 73
     1
 44
1.0
1001
ACAD
1000
ACAD_MTEXT_COLUMN_INFO_BEGIN
1070
    75
1070
     2
1070
    79
1070
     0
1070
    76
1070
     1
1070
    78
1070
     0
1070
    48
1040
210.2665747908977
1070
    49
1040
1.0
1070
    50
1070
     1
1040
0.0
1000
ACAD_MTEXT_COLUMN_INFO_END
  0
MTEXT
  5
A70
102
{ACAD_XDICTIONARY
360
CE3
102
}
330
1F
100
AcDbEntity
  8
0
 48
10.0
100
AcDbMText
 10
1528.701565874082
 20
97.71241119381649
 30
0.0
 40
10.0
 41
210.2665747908977
 46
0.0
 71
     1
 72
     5
  1
\pi98.02551;D1
 73
     1
 44
1.0
1001
ACAD
1000
ACAD_MTEXT_COLUMN_INFO_BEGIN
1070
    75
1070
     2
1070
    79
1070
     0
1070
    76
1070
     1
1070
    78
1070
     0
1070
    48
1040
210.2665747908977
1070
    49
1040
1.0
1070
    50
1070
     1
1040
0.0
1000
ACAD_MTEXT_COLUMN_INFO_END
  0
MTEXT
  5
A71
102
{ACAD_XDICTIONARY
360
CE5
102
}
330
1F
100
AcDbEntity
  8
0
 48
10.0
100
AcDbMText
 10
1963.511725656682
 20
908.4931452752712
 30
0.0
 40
10.0
 41
210.2665747908977
 46
0.0
 71
     1
 72
     5
  1
\pi100.99959;D
 73
     1
 44
1.0
1001
ACAD
1000
ACAD_MTEXT_COLUMN_INFO_BEGIN
1070
    75
1070
     2
1070
    79
1070
     0
1070
    76
1070
     1
1070
    78
1070
     0
1070
    48
1040
210.2665747908977
1070
    49
1040
1.0
1070
    50
1070
     1
1040
0.0
1000
ACAD_MTEXT_COLUMN_INFO_END
  0
LWPOLYLINE
  5
A72
330
1F
100
AcDbEntity
  8
0
 48
10.0
100
AcDbPolyline
 90
        4
 70
     1
 43
0.0
 10
1414.85598001999
 20
-235.3285165005901
 10
1437.85598001999
 20
-235.3285165005901
 10
1437.85598001999
 20
-212.3285165005901
 10
1414.85598001999
 20
-212.3285165005901
  0
LINE
  5
A73
330
1F
100
AcDbEntity
  8
0
 48
10.0
100
AcDbLine
 10
1206.35598001999
 20
64.67148349940984
 30
0.0
 11
1206.35598001999
 21
87.67148349940985
 31
0.0
  0
LINE
  5
A74
330
1F
100
AcDbEntity
  8
0
 48
10.0
100
AcDbLine
 10
1326.35598001999
 20
64.67148349941012
 30
0.0
 11
1326.35598001999
 21
87.67148349941013
 31
0.0
  0
LINE
  5
A75
330
1F
100
AcDbEntity
  8
0
 48
10.0
100
AcDbLine
 10
1326.35598001999
 20
76.17148349941013
 30
0.0
 11
1206.35598001999
 21
76.17148349941015
 31
0.0
  0
MTEXT
  5
A76
102
{ACAD_XDICTIONARY
360
CE7
102
}
330
1F
100
AcDbEntity
  8
0
 48
10.0
100
AcDbMText
 10
944.1143927387901
 20
533.8260326115605
 30
0.0
 40
10.0
 41
210.2665747908977
 46
0.0
 71
     1
 72
     5
  1
\pi98.70423;W
 73
     1
 44
1.0
1001
ACAD
1000
ACAD_MTEXT_COLUMN_INFO_BEGIN
1070
    75
1070
     2
1070
    79
1070
     0
1070
    76
1070
     1
1070
    78
1070
     0
1070
    48
1040
210.2665747908977
1070
    49
1040
1.0
1070
    50
1070
     1
1040
0.0
1000
ACAD_MTEXT_COLUMN_INFO_END
  0
MTEXT
  5
A77
102
{ACAD_XDICTIONARY
360
CE9
102
}
330
1F
100
AcDbEntity
  8
0
 48
10.0
100
AcDbMText
 10
1507.738058399171
 20
934.8934833672201
 30
0.0
 40
10.0
 41
210.2665747908977
 46
0.0
 71
     1
 72
     5
  1
\pi98.70423;W
 73
     1
 44
1.0
1001
ACAD
1000
ACAD_MTEXT_COLUMN_INFO_BEGIN
1070
    75
1070
     2
1070
    79
1070
     0
1070
    76
1070
     1
1070
    78
1070
     0
1070
    48
1040
210.2665747908977
1070
    49
1040
1.0
1070
    50
1070
     1
1040
0.0
1000
ACAD_MTEXT_COLUMN_INFO_END
  0
MTEXT
  5
A78
102
{ACAD_XDICTIONARY
360
CEB
102
}
330
1F
100
AcDbEntity
  8
0
 48
10.0
100
AcDbMText
 10
2076.425577092652
 20
734.9664402501485
 30
0.0
 40
10.0
 41
210.2665747908977
 46
0.0
 71
     1
 72
     5
  1
\pi98.70423;W
 73
     1
 44
1.0
1001
ACAD
1000
ACAD_MTEXT_COLUMN_INFO_BEGIN
1070
    75
1070
     2
1070
    79
1070
     0
1070
    76
1070
     1
1070
    78
1070
     0
1070
    48
1040
210.2665747908977
1070
    49
1040
1.0
1070
    50
1070
     1
1040
0.0
1000
ACAD_MTEXT_COLUMN_INFO_END
  0
MTEXT
  5
A79
102
{ACAD_XDICTIONARY
360
CED
102
}
330
1F
100
AcDbEntity
  8
0
 48
10.0
100
AcDbMText
 10
2085.04206721069
 20
435.7830356797294
 30
0.0
 40
10.0
 41
210.2665747908977
 46
0.0
 71
     1
 72
     5
  1
\pi98.70423;W
 73
     1
 44
1.0
1001
ACAD
1000
ACAD_MTEXT_COLUMN_INFO_BEGIN
1070
    75
1070
     2
1070
    79
1070
     0
1070
    76
1070
     1
1070
    78
1070
     0
1070
    48
1040
210.2665747908977
1070
    49
1040
1.0
1070
    50
1070
     1
1040
0.0
1000
ACAD_MTEXT_COLUMN_INFO_END
  0
MTEXT
  5
A7A
102
{ACAD_XDICTIONARY
360
CEF
102
}
330
1F
100
AcDbEntity
  8
0
 48
10.0
100
AcDbMText
 10
1160.075336321025
 20
49.05807351551993
 30
0.0
 40
10.0
 41
210.2665747908977
 46
0.0
 71
     1
 72
     5
  1
\pi98.70423;W
 73
     1
 44
1.0
1001
ACAD
1000
ACAD_MTEXT_COLUMN_INFO_BEGIN
1070
    75
1070
     2
1070
    79
1070
     0
1070
    76
1070
     1
1070
    78
1070
     0
1070
    48
1040
210.2665747908977
1070
    49
1040
1.0
1070
    50
1070
     1
1040
0.0
1000
ACAD_MTEXT_COLUMN_INFO_END
  0
MTEXT
  5
A7B
102
{ACAD_XDICTIONARY
360
CF1
102
}
330
1F
100
AcDbEntity
  8
0
 48
10.0
100
AcDbMText
 10
944.1143927387901
 20
224.847976194028
 30
0.0
 40
10.0
 41
210.2665747908977
 46
0.0
 71
     1
 72
     5
  1
\pi98.70423;W
 73
     1
 44
1.0
1001
ACAD
1000
ACAD_MTEXT_COLUMN_INFO_BEGIN
1070
    75
1070
     2
1070
    79
1070
     0
1070
    76
1070
     1
1070
    78
1070
     0
1070
    48
1040
210.2665747908977
1070
    49
1040
1.0
1070
    50
1070
     1
1040
0.0
1000
ACAD_MTEXT_COLUMN_INFO_END
  0
MTEXT
  5
A7C
102
{ACAD_XDICTIONARY
360
CF3
102
}
330
1F
100
AcDbEntity
  8
0
 48
10.0
100
AcDbMText
 10
1825.143851677241
 20
879.5406109808846
 30
0.0
 40
10.0
 41
210.2665747908977
 46
0.0
 71
     1
 72
     5
  1
\pi98.70423;W
 73
     1
 44
1.0
1001
ACAD
1000
ACAD_MTEXT_COLUMN_INFO_BEGIN
1070
    75
1070
     2
1070
    79
1070
     0
1070
    76
1070
     1
1070
    78
1070
     0
1070
    48
1040
210.2665747908977
1070
    49
1040
1.0
1070
    50
1070
     1
1040
0.0
1000
ACAD_MTEXT_COLUMN_INFO_END
  0
LINE
  5
A7D
102
{ACAD_REACTORS
330
A8B
102
}
330
1F
100
AcDbEntity
  8
0
 48
10.0
100
AcDbLine
 10
1437.85598001999
 20
-145.32851650059
 30
0.0
 11
1737.85598001999
 21
-145.3285165005897
 31
0.0
  0
DIMENSION
  5
A7E
330
1F
100
AcDbEntity
  8
0
 48
10.0
100
AcDbDimension
280
     0
  2
*D6
 10
2133.257561529538
 20
995.5928564133355
 30
0.0
 11
2021.757561529538
 21
996.96014154294
 31
0.0
 70
    32
 71
     5
 42
223.0
 73
     0
 74
     0
 75
     0
  3
Standard
100
AcDbAlignedDimension
 13
1910.257561529538
 23
979.949946395097
 33
0.0
 14
2133.257561529538
 24
979.9499463950965
 34
0.0
100
AcDbRotatedDimension
  0
DIMENSION
  5
A7F
102
{ACAD_XDICTIONARY
360
A80
102
}
102
{ACAD_REACTORS
330
A81
102
}
330
1F
100
AcDbEntity
  8
0
 48
10.0
100
AcDbDimension
280
     0
  2
*D9
 10
1753.389479977982
 20
-115.32851650059
 30
0.0
 11
1753.389479977982
 21
-100.3285165005905
 31
0.0
 70
    32
 71
     5
 42
30.00000000000002
 73
     0
 74
     0
 75
     0
  3
Standard
100
AcDbAlignedDimension
 13
1737.85598001999
 23
-85.32851650059001
 33
0.0
 14
1737.85598001999
 24
-115.32851650059
 34
0.0
 50
90.0
100
AcDbRotatedDimension
  0
DIMENSION
  5
A82
102
{ACAD_XDICTIONARY
360
A83
102
}
102
{ACAD_REACTORS
330
A84
102
}
330
1F
100
AcDbEntity
  8
0
 48
10.0
100
AcDbDimension
280
     0
  2
*D10
 10
1396.759776589374
 20
274.6714834994102
 30
0.0
 11
1396.759776589373
 21
319.6714834994097
 31
0.0
 70
    32
 71
     5
 42
89.99999999999994
 73
     0
 74
     0
 75
     0
  3
Standard
100
AcDbAlignedDimension
 13
1397.388416549365
 23
364.67148349941
 33
0.0
 14
1397.388416549365
 24
274.67148349941
 34
0.0
 50
90.0
100
AcDbRotatedDimension
  0
DIMENSION
  5
A85
102
{ACAD_XDICTIONARY
360
A86
102
}
102
{ACAD_REACTORS
330
A87
102
}
330
1F
100
AcDbEntity
  8
0
 48
10.0
100
AcDbDimension
280
     0
  2
*D7
 10
1384.85598001999
 20
267.465012466615
 30
0.0
 11
1372.35598001999
 21
268.8314449359193
 31
0.0
 70
    32
 71
     5
 42
25.0
 73
     0
 74
     0
 75
     0
  3
Standard
100
AcDbAlignedDimension
 13
1359.85598001999
 23
274.67148349941
 33
0.0
 14
1384.85598001999
 24
274.67148349941
 34
0.0
100
AcDbRotatedDimension
  0
MTEXT
  5
A88
102
{ACAD_XDICTIONARY
360
CF5
102
}
330
1F
100
AcDbEntity
  8
0
 48
10.0
100
AcDbMText
 10
1315.01188574742
 20
326.7017551649624
 30
0.0
 40
10.0
 41
210.2665747908977
 46
0.0
 71
     1
 72
     5
  1
\pi96.28267;UP
 73
     1
 44
1.0
1001
ACAD
1000
ACAD_MTEXT_COLUMN_INFO_BEGIN
1070
    75
1070
     2
1070
    79
1070
     0
1070
    76
1070
     1
1070
    78
1070
     0
1070
    48
1040
210.2665747908977
1070
    49
1040
1.0
1070
    50
1070
     1
1040
0.0
1000
ACAD_MTEXT_COLUMN_INFO_END
  0
DIMENSION
  5
A89
102
{ACAD_XDICTIONARY
360
A8A
102
}
102
{ACAD_REACTORS
330
A8B
102
}
330
1F
100
AcDbEntity
  8
0
 48
10.0
100
AcDbDimension
280
     0
  2
*D8
 10
1737.85598001999
 20
-173.4468573444974
 30
0.0
 11
1587.85598001999
 21
-172.079572214893
 31
0.0
 70
    32
 71
     5
 42
300.0
 73
     0
 74
     0
 75
     0
  3
Standard
100
AcDbAlignedDimension
 13
1437.85598001999
 23
-145.32851650059
 33
0.0
 14
1737.85598001999
 24
-145.32851650059
 34
0.0
100
AcDbRotatedDimension
  0
LINE
  5
AD3
330
1F
100
AcDbEntity
  8
0
 48
10.0
100
AcDbLine
 10
-1728.270659350203
 20
5.92403929235752
 30
0.0
 11
-1613.270659350203
 21
5.92403929235752
 31
0.0
  0
LINE
  5
AD4
330
1F
100
AcDbEntity
  8
0
 48
10.0
100
AcDbLine
 10
-1523.270659350203
 20
5.92403929235752
 30
0.0
 11
-1408.270659350203
 21
5.92403929235752
 31
0.0
  0
LINE
  5
AD5
330
1F
100
AcDbEntity
  8
0
 48
10.0
100
AcDbLine
 10
-1751.270659350203
 20
-17.07596070764248
 30
0.0
 11
-1523.270659350203
 21
-17.07596070764248
 31
0.0
  0
LINE
  5
AD6
330
1F
100
AcDbEntity
  8
0
 48
10.0
100
AcDbLine
 10
-1523.270659350203
 20
-17.07596070764248
 30
0.0
 11
-1385.270659350203
 21
-17.07596070764248
 31
0.0
  0
LINE
  5
AD7
330
1F
100
AcDbEntity
  8
0
 48
10.0
100
AcDbLine
 10
-1751.270659350203
 20
-167.0759607076425
 30
0.0
 11
-1208.270659350203
 21
-167.0759607076425
 31
0.0
  0
LINE
  5
AD8
330
1F
100
AcDbEntity
  8
0
 48
10.0
100
AcDbLine
 10
-1751.270659350203
 20
-197.0759607076425
 30
0.0
 11
-1451.270659350203
 21
-197.0759607076425
 31
0.0
  0
LINE
  5
AD9
330
1F
100
AcDbEntity
  8
0
 48
10.0
100
AcDbLine
 10
-1751.270659350203
 20
-227.0759607076425
 30
0.0
 11
-1451.270659350203
 21
-227.0759607076425
 31
0.0
  0
LINE
  5
ADA
330
1F
100
AcDbEntity
  8
0
 48
10.0
100
AcDbLine
 10
-1408.270659350203
 20
5.92403929235752
 30
0.0
 11
-1408.270659350203
 21
280.9240392923575
 31
0.0
  0
LINE
  5
ADB
330
1F
100
AcDbEntity
  8
0
 48
10.0
100
AcDbLine
 10
-1408.270659350203
 20
430.9240392923576
 30
0.0
 11
-1408.270659350203
 21
485.9240392923575
 31
0.0
  0
LINE
  5
ADC
330
1F
100
AcDbEntity
  8
0
 48
10.0
100
AcDbLine
 10
-1408.270659350203
 20
508.9240392923575
 30
0.0
 11
-1408.270659350203
 21
808.9240392923574
 31
0.0
  0
LINE
  5
ADD
330
1F
100
AcDbEntity
  8
0
 48
10.0
100
AcDbLine
 10
-1385.270659350203
 20
-17.07596070764248
 30
0.0
 11
-1385.270659350203
 21
202.9240392923575
 31
0.0
  0
LINE
  5
ADE
330
1F
100
AcDbEntity
  8
0
 48
10.0
100
AcDbLine
 10
-1208.270659350203
 20
-167.0759607076425
 30
0.0
 11
-1208.270659350203
 21
202.9240392923575
 31
0.0
  0
LINE
  5
ADF
330
1F
100
AcDbEntity
  8
0
 48
10.0
100
AcDbLine
 10
-1385.270659350203
 20
225.9240392923575
 30
0.0
 11
-1385.270659350203
 21
280.9240392923576
 31
0.0
  0
LINE
  5
AE0
330
1F
100
AcDbEntity
  8
0
 48
10.0
100
AcDbLine
 10
-1385.270659350203
 20
430.9240392923575
 30
0.0
 11
-1385.270659350203
 21
808.9240392923574
 31
0.0
  0
LINE
  5
AE1
330
1F
100
AcDbEntity
  8
0
 48
10.0
100
AcDbLine
 10
-1295.270659350203
 20
485.9240392923575
 30
0.0
 11
-1295.270659350203
 21
508.9240392923575
 31
0.0
  0
LINE
  5
AE2
330
1F
100
AcDbEntity
  8
0
 48
10.0
100
AcDbLine
 10
-1055.270659350203
 20
225.9240392923575
 30
0.0
 11
-1055.270659350203
 21
485.9240392923575
 31
0.0
  0
LINE
  5
AE3
330
1F
100
AcDbEntity
  8
0
 48
10.0
100
AcDbLine
 10
-1055.270659350203
 20
508.9240392923575
 30
0.0
 11
-1055.270659350203
 21
831.9240392923573
 31
0.0
  0
LINE
  5
AE4
330
1F
100
AcDbEntity
  8
0
 48
10.0
100
AcDbLine
 10
-1145.270659350203
 20
808.9240392923574
 30
0.0
 11
-1145.270659350203
 21
831.9240392923573
 31
0.0
  0
LINE
  5
AE5
330
1F
100
AcDbEntity
  8
0
 48
10.0
100
AcDbLine
 10
-1032.270659350203
 20
202.9240392923575
 30
0.0
 11
-1032.270659350203
 21
831.9240392923573
 31
0.0
  0
LINE
  5
AE6
330
1F
100
AcDbEntity
  8
0
 48
10.0
100
AcDbLine
 10
-1055.270659350203
 20
485.9240392923575
 30
0.0
 11
-1295.270659350203
 21
485.9240392923575
 31
0.0
  0
LINE
  5
AE7
330
1F
100
AcDbEntity
  8
0
 48
10.0
100
AcDbLine
 10
-1408.270659350203
 20
485.9240392923575
 30
0.0
 11
-1638.270659350203
 21
485.9240392923575
 31
0.0
  0
LINE
  5
AE8
330
1F
100
AcDbEntity
  8
0
 48
10.0
100
AcDbLine
 10
-1385.270659350203
 20
280.9240392923575
 30
0.0
 11
-1408.270659350203
 21
280.9240392923575
 31
0.0
  0
LINE
  5
AE9
330
1F
100
AcDbEntity
  8
0
 48
10.0
100
AcDbLine
 10
-1385.270659350203
 20
430.9240392923575
 30
0.0
 11
-1408.270659350203
 21
430.9240392923575
 31
0.0
  0
LINE
  5
AEA
330
1F
100
AcDbEntity
  8
0
 48
10.0
100
AcDbLine
 10
-1055.270659350203
 20
225.9240392923575
 30
0.0
 11
-1385.270659350203
 21
225.9240392923575
 31
0.0
  0
LINE
  5
AEB
330
1F
100
AcDbEntity
  8
0
 48
10.0
100
AcDbLine
 10
-1032.270659350203
 20
202.9240392923575
 30
0.0
 11
-1385.270659350203
 21
202.9240392923575
 31
0.0
  0
LINE
  5
AEC
330
1F
100
AcDbEntity
  8
0
 48
10.0
100
AcDbLine
 10
-1055.270659350203
 20
508.9240392923575
 30
0.0
 11
-1295.270659350203
 21
508.9240392923575
 31
0.0
  0
LINE
  5
AED
330
1F
100
AcDbEntity
  8
0
 48
10.0
100
AcDbLine
 10
-1408.270659350203
 20
508.9240392923575
 30
0.0
 11
-1638.270659350203
 21
508.9240392923575
 31
0.0
  0
LINE
  5
AEE
330
1F
100
AcDbEntity
  8
0
 48
10.0
100
AcDbLine
 10
-1145.270659350203
 20
808.9240392923574
 30
0.0
 11
-1385.270659350203
 21
808.9240392923574
 31
0.0
  0
LINE
  5
AEF
330
1F
100
AcDbEntity
  8
0
 48
10.0
100
AcDbLine
 10
-1408.270659350203
 20
808.9240392923574
 30
0.0
 11
-1911.270659350203
 21
808.9240392923574
 31
0.0
  0
LINE
  5
AF0
330
1F
100
AcDbEntity
  8
0
 48
10.0
100
AcDbLine
 10
-1934.270659350204
 20
808.9240392923574
 30
0.0
 11
-2094.270659350204
 21
808.9240392923574
 31
0.0
  0
LINE
  5
AF1
330
1F
100
AcDbEntity
  8
0
 48
10.0
100
AcDbLine
 10
-1728.270659350203
 20
733.9240392923577
 30
0.0
 11
-1751.270659350203
 21
733.9240392923578
 31
0.0
  0
LINE
  5
AF2
330
1F
100
AcDbEntity
  8
0
 48
10.0
100
AcDbLine
 10
-1751.270659350203
 20
628.9240392923576
 30
0.0
 11
-1911.270659350203
 21
628.9240392923576
 31
0.0
  0
LINE
  5
AF3
330
1F
100
AcDbEntity
  8
0
 48
10.0
100
AcDbLine
 10
-1934.270659350204
 20
628.9240392923576
 30
0.0
 11
-2019.270659350203
 21
628.9240392923574
 31
0.0
  0
LINE
  5
AF4
330
1F
100
AcDbEntity
  8
0
 48
10.0
100
AcDbLine
 10
-1751.270659350203
 20
605.9240392923576
 30
0.0
 11
-2019.270659350203
 21
605.9240392923575
 31
0.0
  0
LINE
  5
AF5
330
1F
100
AcDbEntity
  8
0
 48
10.0
100
AcDbLine
 10
-1728.270659350203
 20
305.9240392923575
 30
0.0
 11
-2094.270659350204
 21
305.9240392923575
 31
0.0
  0
LINE
  5
AF6
330
1F
100
AcDbEntity
  8
0
 48
10.0
100
AcDbLine
 10
-1728.270659350203
 20
395.9240392923575
 30
0.0
 11
-1751.270659350203
 21
395.9240392923575
 31
0.0
  0
LINE
  5
AF7
102
{ACAD_REACTORS
330
B75
102
}
330
1F
100
AcDbEntity
  8
0
 48
10.0
100
AcDbLine
 10
-1751.270659350203
 20
282.9240392923575
 30
0.0
 11
-2094.270659350204
 21
282.9240392923575
 31
0.0
  0
LINE
  5
AF8
330
1F
100
AcDbEntity
  8
0
 48
10.0
100
AcDbLine
 10
-2004.270659350204
 20
192.9240392923575
 30
0.0
 11
-2094.270659350204
 21
192.9240392923575
 31
0.0
  0
LINE
  5
AF9
330
1F
100
AcDbEntity
  8
0
 48
10.0
100
AcDbLine
 10
-2004.270659350204
 20
167.9240392923575
 30
0.0
 11
-2094.270659350204
 21
167.9240392923575
 31
0.0
  0
LINE
  5
AFA
330
1F
100
AcDbEntity
  8
0
 48
10.0
100
AcDbLine
 10
-2004.270659350204
 20
142.9240392923575
 30
0.0
 11
-2094.270659350204
 21
142.9240392923575
 31
0.0
  0
LINE
  5
AFB
330
1F
100
AcDbEntity
  8
0
 48
10.0
100
AcDbLine
 10
-2004.270659350204
 20
117.9240392923575
 30
0.0
 11
-2094.270659350204
 21
117.9240392923575
 31
0.0
  0
LINE
  5
AFC
330
1F
100
AcDbEntity
  8
0
 48
10.0
100
AcDbLine
 10
-2004.270659350204
 20
92.92403929235751
 30
0.0
 11
-2094.270659350204
 21
92.92403929235751
 31
0.0
  0
LINE
  5
AFD
330
1F
100
AcDbEntity
  8
0
 48
10.0
100
AcDbLine
 10
-2004.270659350204
 20
67.92403929235752
 30
0.0
 11
-2094.270659350204
 21
67.92403929235752
 31
0.0
  0
LINE
  5
AFE
330
1F
100
AcDbEntity
  8
0
 48
10.0
100
AcDbLine
 10
-1728.270659350203
 20
-17.07596070764248
 30
0.0
 11
-2117.270659350204
 21
-17.07596070764248
 31
0.0
  0
LINE
  5
AFF
330
1F
100
AcDbEntity
  8
0
 48
10.0
100
AcDbLine
 10
-1751.270659350203
 20
5.92403929235752
 30
0.0
 11
-2094.270659350204
 21
5.92403929235752
 31
0.0
  0
LINE
  5
B00
330
1F
100
AcDbEntity
  8
0
 48
10.0
100
AcDbLine
 10
-1032.270659350203
 20
831.9240392923575
 30
0.0
 11
-1055.270659350203
 21
831.9240392923575
 31
0.0
  0
LINE
  5
B01
330
1F
100
AcDbEntity
  8
0
 48
10.0
100
AcDbLine
 10
-1145.270659350203
 20
831.9240392923575
 30
0.0
 11
-2117.270659350204
 21
831.9240392923575
 31
0.0
  0
LINE
  5
B02
330
1F
100
AcDbEntity
  8
0
 48
10.0
100
AcDbLine
 10
-1055.270659350203
 20
861.9240392923575
 30
0.0
 11
-1278.270659350203
 21
861.9240392923575
 31
0.0
  0
LINE
  5
B03
330
1F
100
AcDbEntity
  8
0
 48
10.0
100
AcDbLine
 10
-1055.270659350203
 20
891.9240392923576
 30
0.0
 11
-1278.270659350203
 21
891.9240392923574
 31
0.0
  0
LINE
  5
B04
330
1F
100
AcDbEntity
  8
0
 48
10.0
100
AcDbLine
 10
-1728.270659350203
 20
733.9240392923577
 30
0.0
 11
-1728.270659350203
 21
395.9240392923575
 31
0.0
  0
LINE
  5
B05
330
1F
100
AcDbEntity
  8
0
 48
10.0
100
AcDbLine
 10
-1728.270659350203
 20
305.9240392923575
 30
0.0
 11
-1728.270659350203
 21
219.4240392923575
 31
0.0
  0
LINE
  5
B06
330
1F
100
AcDbEntity
  8
0
 48
10.0
100
AcDbLine
 10
-1728.270659350203
 20
69.42403929235746
 30
0.0
 11
-1728.270659350203
 21
5.92403929235752
 31
0.0
  0
LINE
  5
B07
330
1F
100
AcDbEntity
  8
0
 48
10.0
100
AcDbLine
 10
-1638.270659350203
 20
508.9240392923573
 30
0.0
 11
-1638.270659350203
 21
485.9240392923575
 31
0.0
  0
LINE
  5
B08
330
1F
100
AcDbEntity
  8
0
 48
10.0
100
AcDbLine
 10
-1751.270659350203
 20
733.9240392923578
 30
0.0
 11
-1751.270659350203
 21
628.9240392923576
 31
0.0
  0
LINE
  5
B09
330
1F
100
AcDbEntity
  8
0
 48
10.0
100
AcDbLine
 10
-1751.270659350203
 20
605.9240392923575
 30
0.0
 11
-1751.270659350203
 21
395.9240392923575
 31
0.0
  0
LINE
  5
B0A
330
1F
100
AcDbEntity
  8
0
 48
10.0
100
AcDbLine
 10
-1751.270659350203
 20
282.9240392923574
 30
0.0
 11
-1751.270659350203
 21
219.4240392923575
 31
0.0
  0
LINE
  5
B0B
330
1F
100
AcDbEntity
  8
0
 48
10.0
100
AcDbLine
 10
-1751.270659350203
 20
69.42403929235746
 30
0.0
 11
-1751.270659350203
 21
5.92403929235752
 31
0.0
  0
LINE
  5
B0C
330
1F
100
AcDbEntity
  8
0
 48
10.0
100
AcDbLine
 10
-1911.270659350203
 20
808.9240392923574
 30
0.0
 11
-1911.270659350203
 21
628.9240392923576
 31
0.0
  0
LINE
  5
B0D
330
1F
100
AcDbEntity
  8
0
 48
10.0
100
AcDbLine
 10
-1934.270659350204
 20
808.9240392923574
 30
0.0
 11
-1934.270659350204
 21
628.9240392923577
 31
0.0
  0
LINE
  5
B0E
330
1F
100
AcDbEntity
  8
0
 48
10.0
100
AcDbLine
 10
-2094.270659350204
 20
808.9240392923574
 30
0.0
 11
-2094.270659350204
 21
628.9240392923574
 31
0.0
  0
LINE
  5
B0F
330
1F
100
AcDbEntity
  8
0
 48
10.0
100
AcDbLine
 10
-2019.270659350203
 20
628.9240392923576
 30
0.0
 11
-2019.270659350203
 21
605.9240392923575
 31
0.0
  0
LINE
  5
B10
330
1F
100
AcDbEntity
  8
0
 48
10.0
100
AcDbLine
 10
-2094.270659350204
 20
628.9240392923574
 30
0.0
 11
-2094.270659350204
 21
305.9240392923575
 31
0.0
  0
LINE
  5
B11
330
1F
100
AcDbEntity
  8
0
 48
10.0
100
AcDbLine
 10
-2094.270659350204
 20
282.9240392923576
 30
0.0
 11
-2094.270659350204
 21
5.92403929235752
 31
0.0
  0
LINE
  5
B12
330
1F
100
AcDbEntity
  8
0
 48
10.0
100
AcDbLine
 10
-2004.270659350204
 20
282.9240392923576
 30
0.0
 11
-2004.270659350204
 21
192.9240392923575
 31
0.0
  0
LINE
  5
B13
330
1F
100
AcDbEntity
  8
0
 48
10.0
100
AcDbLine
 10
-1979.270659350203
 20
282.9240392923576
 30
0.0
 11
-1979.270659350203
 21
192.9240392923575
 31
0.0
  0
LINE
  5
B14
330
1F
100
AcDbEntity
  8
0
 48
10.0
100
AcDbLine
 10
-1954.270659350203
 20
282.9240392923576
 30
0.0
 11
-1954.270659350203
 21
192.9240392923575
 31
0.0
  0
LINE
  5
B15
330
1F
100
AcDbEntity
  8
0
 48
10.0
100
AcDbLine
 10
-1929.270659350203
 20
282.9240392923576
 30
0.0
 11
-1929.270659350203
 21
192.9240392923575
 31
0.0
  0
LINE
  5
B16
330
1F
100
AcDbEntity
  8
0
 48
10.0
100
AcDbLine
 10
-1904.270659350203
 20
282.9240392923576
 30
0.0
 11
-1904.270659350203
 21
192.9240392923575
 31
0.0
  0
LINE
  5
B17
330
1F
100
AcDbEntity
  8
0
 48
10.0
100
AcDbLine
 10
-1879.270659350203
 20
282.9240392923576
 30
0.0
 11
-1879.270659350203
 21
192.9240392923575
 31
0.0
  0
LINE
  5
B18
330
1F
100
AcDbEntity
  8
0
 48
10.0
100
AcDbLine
 10
-1854.270659350203
 20
282.9240392923576
 30
0.0
 11
-1854.270659350203
 21
192.9240392923575
 31
0.0
  0
LINE
  5
B19
102
{ACAD_REACTORS
330
B78
102
}
330
1F
100
AcDbEntity
  8
0
 48
10.0
100
AcDbLine
 10
-1829.270659350203
 20
282.9240392923576
 30
0.0
 11
-1829.270659350203
 21
192.9240392923575
 31
0.0
  0
LINE
  5
B1A
102
{ACAD_REACTORS
330
B78
102
}
330
1F
100
AcDbEntity
  8
0
 48
10.0
100
AcDbLine
 10
-1804.270659350203
 20
282.9240392923576
 30
0.0
 11
-1804.270659350203
 21
192.9240392923575
 31
0.0
  0
LINE
  5
B1B
330
1F
100
AcDbEntity
  8
0
 48
10.0
100
AcDbLine
 10
-1779.270659350203
 20
282.9240392923576
 30
0.0
 11
-1779.270659350203
 21
192.9240392923575
 31
0.0
  0
LINE
  5
B1C
330
1F
100
AcDbEntity
  8
0
 48
10.0
100
AcDbLine
 10
-1904.270659350203
 20
282.9240392923576
 30
0.0
 11
-1904.270659350203
 21
192.9240392923575
 31
0.0
  0
LINE
  5
B1D
330
1F
100
AcDbEntity
  8
0
 48
10.0
100
AcDbLine
 10
-2117.270659350204
 20
831.9240392923575
 30
0.0
 11
-2117.270659350204
 21
-17.07596070764248
 31
0.0
  0
LINE
  5
B1E
330
1F
100
AcDbEntity
  8
0
 48
10.0
100
AcDbLine
 10
-1751.270659350203
 20
69.42403929235749
 30
0.0
 11
-1728.270659350203
 21
69.42403929235749
 31
0.0
  0
LINE
  5
B1F
330
1F
100
AcDbEntity
  8
0
 48
10.0
100
AcDbLine
 10
-1751.270659350203
 20
219.4240392923575
 30
0.0
 11
-1728.270659350203
 21
219.4240392923575
 31
0.0
  0
LINE
  5
B20
330
1F
100
AcDbEntity
  8
0
 48
10.0
100
AcDbLine
 10
-1568.270659350203
 20
5.92403929235752
 30
0.0
 11
-1568.270659350203
 21
5.92403929235752
 31
0.0
  0
LINE
  5
B21
330
1F
100
AcDbEntity
  8
0
 48
10.0
100
AcDbLine
 10
-1613.270659350203
 20
5.92403929235752
 30
0.0
 11
-1613.270659350203
 21
-17.07596070764248
 31
0.0
  0
LINE
  5
B22
330
1F
100
AcDbEntity
  8
0
 48
10.0
100
AcDbLine
 10
-1523.270659350203
 20
5.92403929235752
 30
0.0
 11
-1523.270659350203
 21
-17.07596070764248
 31
0.0
  0
LINE
  5
B23
330
1F
100
AcDbEntity
  8
0
 48
10.0
100
AcDbLine
 10
-2094.270659350204
 20
84.42403929235755
 30
0.0
 11
-2117.270659350204
 21
84.42403929235755
 31
0.0
  0
LINE
  5
B24
330
1F
100
AcDbEntity
  8
0
 48
10.0
100
AcDbLine
 10
-2094.270659350204
 20
204.4240392923575
 30
0.0
 11
-2117.270659350204
 21
204.4240392923575
 31
0.0
  0
LINE
  5
B25
330
1F
100
AcDbEntity
  8
0
 48
10.0
100
AcDbLine
 10
-2105.770659350204
 20
183.9736326378206
 30
0.0
 11
-2105.770659350204
 21
204.4240392923575
 31
0.0
  0
LINE
  5
B26
330
1F
100
AcDbEntity
  8
0
 48
10.0
100
AcDbLine
 10
-2105.770659350204
 20
204.4240392923575
 30
0.0
 11
-2105.770659350204
 21
84.42403929235755
 31
0.0
  0
LINE
  5
B27
330
1F
100
AcDbEntity
  8
0
 48
10.0
100
AcDbLine
 10
-2094.270659350204
 20
395.9240392923576
 30
0.0
 11
-2117.270659350204
 21
395.9240392923575
 31
0.0
  0
LINE
  5
B28
330
1F
100
AcDbEntity
  8
0
 48
10.0
100
AcDbLine
 10
-2094.270659350204
 20
515.9240392923575
 30
0.0
 11
-2117.270659350204
 21
515.9240392923575
 31
0.0
  0
LINE
  5
B29
330
1F
100
AcDbEntity
  8
0
 48
10.0
100
AcDbLine
 10
-2106.253423849143
 20
515.9240392923575
 30
0.0
 11
-2106.253423849143
 21
395.9240392923576
 31
0.0
  0
LINE
  5
B2A
330
1F
100
AcDbEntity
  8
0
 48
10.0
100
AcDbLine
 10
-1628.270659350203
 20
808.9240392923574
 30
0.0
 11
-1628.270659350203
 21
831.9240392923576
 31
0.0
  0
LINE
  5
B2B
330
1F
100
AcDbEntity
  8
0
 48
10.0
100
AcDbLine
 10
-1508.270659350203
 20
808.9240392923574
 30
0.0
 11
-1508.270659350203
 21
831.9240392923576
 31
0.0
  0
LINE
  5
B2C
330
1F
100
AcDbEntity
  8
0
 48
10.0
100
AcDbLine
 10
-1508.270659350203
 20
820.4240392923574
 30
0.0
 11
-1628.270659350203
 21
820.4240392923574
 31
0.0
  0
LINE
  5
B2D
330
1F
100
AcDbEntity
  8
0
 48
10.0
100
AcDbLine
 10
-1325.270659350203
 20
808.9240392923574
 30
0.0
 11
-1325.270659350203
 21
831.9240392923575
 31
0.0
  0
LINE
  5
B2E
330
1F
100
AcDbEntity
  8
0
 48
10.0
100
AcDbLine
 10
-1205.270659350203
 20
808.9240392923574
 30
0.0
 11
-1205.270659350203
 21
831.9240392923575
 31
0.0
  0
LINE
  5
B2F
330
1F
100
AcDbEntity
  8
0
 48
10.0
100
AcDbLine
 10
-1205.270659350203
 20
820.4240392923574
 30
0.0
 11
-1325.270659350203
 21
820.4240392923574
 31
0.0
  0
LINE
  5
B30
330
1F
100
AcDbEntity
  8
0
 48
10.0
100
AcDbLine
 10
-1055.270659350203
 20
598.9240392923574
 30
0.0
 11
-1032.270659350203
 21
598.9240392923575
 31
0.0
  0
LINE
  5
B31
330
1F
100
AcDbEntity
  8
0
 48
10.0
100
AcDbLine
 10
-1055.270659350203
 20
718.9240392923575
 30
0.0
 11
-1032.270659350203
 21
718.9240392923575
 31
0.0
  0
LINE
  5
B32
330
1F
100
AcDbEntity
  8
0
 48
10.0
100
AcDbLine
 10
-1043.770659350203
 20
598.9240392923575
 30
0.0
 11
-1043.770659350203
 21
718.9240392923575
 31
0.0
  0
LINE
  5
B33
330
1F
100
AcDbEntity
  8
0
 48
10.0
100
AcDbLine
 10
-1055.270659350203
 20
295.9240392923575
 30
0.0
 11
-1032.270659350203
 21
295.9240392923575
 31
0.0
  0
LINE
  5
B34
330
1F
100
AcDbEntity
  8
0
 48
10.0
100
AcDbLine
 10
-1055.270659350203
 20
415.9240392923575
 30
0.0
 11
-1032.270659350203
 21
415.9240392923575
 31
0.0
  0
LINE
  5
B35
330
1F
100
AcDbEntity
  8
0
 48
10.0
100
AcDbLine
 10
-1043.770659350203
 20
295.9240392923575
 30
0.0
 11
-1043.770659350203
 21
415.9240392923575
 31
0.0
  0
LINE
  5
B36
330
1F
100
AcDbEntity
  8
0
 48
10.0
100
AcDbLine
 10
-2039.270659350203
 20
808.9240392923574
 30
0.0
 11
-2039.270659350203
 21
831.9240392923575
 31
0.0
  0
LINE
  5
B37
330
1F
100
AcDbEntity
  8
0
 48
10.0
100
AcDbLine
 10
-1989.270659350203
 20
808.9240392923574
 30
0.0
 11
-1989.270659350203
 21
831.9240392923575
 31
0.0
  0
LINE
  5
B38
330
1F
100
AcDbEntity
  8
0
 48
10.0
100
AcDbLine
 10
-1989.270659350203
 20
820.4240392923574
 30
0.0
 11
-2039.270659350203
 21
820.4240392923574
 31
0.0
  0
LINE
  5
B39
330
1F
100
AcDbEntity
  8
0
 48
10.0
100
AcDbLine
 10
-1856.270659350203
 20
808.9240392923574
 30
0.0
 11
-1856.270659350203
 21
831.9240392923575
 31
0.0
  0
LINE
  5
B3A
330
1F
100
AcDbEntity
  8
0
 48
10.0
100
AcDbLine
 10
-1806.270659350203
 20
808.9240392923574
 30
0.0
 11
-1806.270659350203
 21
831.9240392923575
 31
0.0
  0
LINE
  5
B3B
330
1F
100
AcDbEntity
  8
0
 48
10.0
100
AcDbLine
 10
-1806.270659350203
 20
819.7117617898793
 30
0.0
 11
-1856.270659350203
 21
819.7117617898793
 31
0.0
  0
LINE
  5
B3C
330
1F
100
AcDbEntity
  8
0
 48
10.0
100
AcDbLine
 10
-2117.270659350204
 20
-17.07596070764248
 30
0.0
 11
-2117.270659350204
 21
-317.0759607076425
 31
0.0
  0
LINE
  5
B3D
330
1F
100
AcDbEntity
  8
0
 48
10.0
100
AcDbLine
 10
-2117.270659350204
 20
-317.0759607076425
 30
0.0
 11
-2117.270659350204
 21
-222.527856574834
 31
0.0
  0
LINE
  5
B3E
330
1F
100
AcDbEntity
  8
0
 48
10.0
100
AcDbLine
 10
-2117.270659350204
 20
-317.0759607076425
 30
0.0
 11
-1751.270659350203
 21
-317.0759607076425
 31
0.0
  0
LINE
  5
B3F
330
1F
100
AcDbEntity
  8
0
 48
10.0
100
AcDbLine
 10
-1751.270659350203
 20
-317.0759607076425
 30
0.0
 11
-1751.270659350203
 21
-17.07596070764248
 31
0.0
  0
LINE
  5
B40
102
{ACAD_REACTORS
330
B72
330
B7C
102
}
330
1F
100
AcDbEntity
  8
0
 48
10.0
100
AcDbLine
 10
-1451.270659350203
 20
-227.0759607076425
 30
0.0
 11
-1451.270659350203
 21
-167.0759607076425
 31
0.0
  0
LINE
  5
B41
330
1F
100
AcDbEntity
  8
0
 48
10.0
100
AcDbLine
 10
-1055.270659350203
 20
831.9240392923573
 30
0.0
 11
-1055.270659350203
 21
891.9240392923578
 31
0.0
  0
LINE
  5
B42
330
1F
100
AcDbEntity
  8
0
 48
10.0
100
AcDbLine
 10
-1278.270659350203
 20
831.9240392923573
 30
0.0
 11
-1278.270659350203
 21
891.9240392923576
 31
0.0
  0
LINE
  5
B43
102
{ACAD_REACTORS
330
B75
102
}
330
1F
100
AcDbEntity
  8
0
 48
10.0
100
AcDbLine
 10
-2004.270659350204
 20
192.9240392923575
 30
0.0
 11
-1779.270659350203
 21
192.9240392923575
 31
0.0
  0
LINE
  5
B44
330
1F
100
AcDbEntity
  8
0
 48
10.0
100
AcDbLine
 10
-2004.270659350204
 20
67.92403929235752
 30
0.0
 11
-2004.270659350204
 21
192.9240392923575
 31
0.0
  0
LINE
  5
B45
330
1F
100
AcDbEntity
  8
0
 48
10.0
100
AcDbLine
 10
-2004.270659350204
 20
192.9240392923575
 30
0.0
 11
-2094.270659350204
 21
282.9240392923576
 31
0.0
  0
LINE
  5
B46
330
1F
100
AcDbEntity
  8
0
 48
10.0
100
AcDbLine
 10
-2094.270659350204
 20
282.9240392923575
 30
0.0
 11
-2094.270659350204
 21
192.9240392923575
 31
0.0
  0
LINE
  5
B47
330
1F
100
AcDbEntity
  8
0
 48
10.0
100
AcDbLine
 10
-2004.270659350204
 20
192.9240392923575
 30
0.0
 11
-2094.270659350204
 21
237.9240392923575
 31
0.0
  0
LINE
  5
B48
330
1F
100
AcDbEntity
  8
0
 48
10.0
100
AcDbLine
 10
-2094.270659350204
 20
282.9240392923575
 30
0.0
 11
-2004.270659350204
 21
282.9240392923575
 31
0.0
  0
LINE
  5
B49
330
1F
100
AcDbEntity
  8
0
 48
10.0
100
AcDbLine
 10
-2004.270659350204
 20
192.9240392923576
 30
0.0
 11
-2049.270659350204
 21
282.9240392923575
 31
0.0
  0
LWPOLYLINE
  5
B4A
330
1F
100
AcDbEntity
  8
0
 48
10.0
100
AcDbPolyline
 90
        4
 70
     1
 43
0.0
 10
-1078.270659350203
 20
225.9240392923575
 10
-1055.270659350203
 20
225.9240392923575
 10
-1055.270659350203
 20
248.9240392923575
 10
-1078.270659350203
 20
248.9240392923575
  0
LWPOLYLINE
  5
B4B
330
1F
100
AcDbEntity
  8
0
 48
10.0
100
AcDbPolyline
 90
        4
 70
     1
 43
0.0
 10
-1078.270659350203
 20
430.9240392923567
 10
-1055.270659350203
 20
430.9240392923567
 10
-1055.270659350203
 20
453.9240392923566
 10
-1078.270659350203
 20
453.9240392923566
  0
LWPOLYLINE
  5
B4C
330
1F
100
AcDbEntity
  8
0
 48
10.0
100
AcDbPolyline
 90
        4
 70
     1
 43
0.0
 10
-1502.770659350203
 20
-167.0759607076425
 10
-1479.770659350203
 20
-167.0759607076425
 10
-1479.770659350203
 20
-144.0759607076425
 10
-1502.770659350203
 20
-144.0759607076425
  0
LWPOLYLINE
  5
B4D
330
1F
100
AcDbEntity
  8
0
 48
10.0
100
AcDbPolyline
 90
        4
 70
     1
 43
0.0
 10
-1231.270659350203
 20
-167.0759607076425
 10
-1208.270659350203
 20
-167.0759607076425
 10
-1208.270659350203
 20
-144.0759607076425
 10
-1231.270659350203
 20
-144.0759607076425
  0
LWPOLYLINE
  5
B4E
330
1F
100
AcDbEntity
  8
0
 48
10.0
100
AcDbPolyline
 90
        4
 70
     1
 43
0.0
 10
-1231.270659350203
 20
-13.49036367750341
 10
-1208.270659350203
 20
-13.49036367750341
 10
-1208.270659350203
 20
9.509636322496589
 10
-1231.270659350203
 20
9.509636322496589
  0
LWPOLYLINE
  5
B4F
330
1F
100
AcDbEntity
  8
0
 48
10.0
100
AcDbPolyline
 90
        4
 70
     1
 43
0.0
 10
-2116.155965699842
 20
-317.0759607076425
 10
-2093.155965699842
 20
-317.0759607076425
 10
-2093.155965699842
 20
-294.0759607076425
 10
-2116.155965699842
 20
-294.0759607076425
  0
MTEXT
  5
B50
102
{ACAD_XDICTIONARY
360
CF7
102
}
330
1F
100
AcDbEntity
  8
0
 48
10.0
100
AcDbMText
 10
-2022.392544527027
 20
512.5692978298193
 30
0.0
 40
10.0
 41
210.2665747908977
 46
0.0
 71
     1
 72
     5
  1
\pi68.14147;BED ROOM\P\pi73.91228;343 X 300
 73
     1
 44
1.0
1001
ACAD
1000
ACAD_MTEXT_COLUMN_INFO_BEGIN
1070
    75
1070
     2
1070
    79
1070
     0
1070
    76
1070
     1
1070
    78
1070
     0
1070
    48
1040
210.2665747908977
1070
    49
1040
1.0
1070
    50
1070
     1
1040
0.0
1000
ACAD_MTEXT_COLUMN_INFO_END
  0
MTEXT
  5
B51
102
{ACAD_XDICTIONARY
360
CF9
102
}
330
1F
100
AcDbEntity
  8
0
 48
10.0
100
AcDbMText
 10
-1648.127704628254
 20
674.5963699035465
 30
0.0
 40
10.0
 41
210.2665747908977
 46
0.0
 71
     1
 72
     5
  1
\pi68.14147;BED ROOM\P\pi73.91228;320 X 300
 73
     1
 44
1.0
1001
ACAD
1000
ACAD_MTEXT_COLUMN_INFO_BEGIN
1070
    75
1070
     2
1070
    79
1070
     0
1070
    76
1070
     1
1070
    78
1070
     0
1070
    48
1040
210.2665747908977
1070
    49
1040
1.0
1070
    50
1070
     1
1040
0.0
1000
ACAD_MTEXT_COLUMN_INFO_END
  0
MTEXT
  5
B52
102
{ACAD_XDICTIONARY
360
CFB
102
}
330
1F
100
AcDbEntity
  8
0
 48
10.0
100
AcDbMText
 10
-2121.537234141101
 20
728.5548872149653
 30
0.0
 40
10.0
 41
210.2665747908977
 46
0.0
 71
     1
 72
     5
  1
\pi80.98595;TOILET\P\pi74.37954;160 X 160
 73
     1
 44
1.0
1001
ACAD
1000
ACAD_MTEXT_COLUMN_INFO_BEGIN
1070
    75
1070
     2
1070
    79
1070
     0
1070
    76
1070
     1
1070
    78
1070
     0
1070
    48
1040
210.2665747908977
1070
    49
1040
1.0
1070
    50
1070
     1
1040
0.0
1000
ACAD_MTEXT_COLUMN_INFO_END
  0
MTEXT
  5
B53
102
{ACAD_XDICTIONARY
360
CFD
102
}
330
1F
100
AcDbEntity
  8
0
 48
10.0
100
AcDbMText
 10
-1331.45432259595
 20
677.6320133928053
 30
0.0
 40
10.0
 41
210.2665747908977
 46
0.0
 71
     1
 72
     5
  1
\pi75.55962;KITCHEN\P\pi73.91228;330 X 300
 73
     1
 44
1.0
1001
ACAD
1000
ACAD_MTEXT_COLUMN_INFO_BEGIN
1070
    75
1070
     2
1070
    79
1070
     0
1070
    76
1070
     1
1070
    78
1070
     0
1070
    48
1040
210.2665747908977
1070
    49
1040
1.0
1070
    50
1070
     1
1040
0.0
1000
ACAD_MTEXT_COLUMN_INFO_END
  0
MTEXT
  5
B54
102
{ACAD_XDICTIONARY
360
CFF
102
}
330
1F
100
AcDbEntity
  8
0
 48
10.0
100
AcDbMText
 10
-1313.241862653738
 20
352.5190586479663
 30
0.0
 40
10.0
 41
210.2665747908977
 46
0.0
 71
     1
 72
     5
  1
\pi76.61692,t216.61692;DINNING\P\pi73.91228,tz;320 X 460
 73
     1
 44
1.0
1001
ACAD
1000
ACAD_MTEXT_COLUMN_INFO_BEGIN
1070
    75
1070
     2
1070
    79
1070
     0
1070
    76
1070
     1
1070
    78
1070
     0
1070
    48
1040
210.2665747908977
1070
    49
1040
1.0
1070
    50
1070
     1
1040
0.0
1000
ACAD_MTEXT_COLUMN_INFO_END
  0
MTEXT
  5
B55
102
{ACAD_XDICTIONARY
360
D01
102
}
330
1F
100
AcDbEntity
  8
0
 48
10.0
100
AcDbMText
 10
-1670.596106671224
 20
236.2061260940051
 30
0.0
 40
10.0
 41
210.2665747908977
 46
0.0
 71
     1
 72
     5
  1
\pi59.60123;LIVING ROOM\P\pi73.91228;320 X 460
 73
     1
 44
1.0
1001
ACAD
1000
ACAD_MTEXT_COLUMN_INFO_BEGIN
1070
    75
1070
     2
1070
    79
1070
     0
1070
    76
1070
     1
1070
    78
1070
     0
1070
    48
1040
210.2665747908977
1070
    49
1040
1.0
1070
    50
1070
     1
1040
0.0
1000
ACAD_MTEXT_COLUMN_INFO_END
  0
MTEXT
  5
B56
102
{ACAD_XDICTIONARY
360
D03
102
}
330
1F
100
AcDbEntity
  8
0
 48
10.0
100
AcDbMText
 10
-2039.971985186849
 20
-145.1909394493717
 30
0.0
 40
10.0
 41
210.2665747908977
 46
0.0
 71
     1
 72
     5
  1
\pi81.00982,t231.00982;PORCH\P\pi73.91228,tz;366 X 300
 73
     1
 44
1.0
1001
ACAD
1000
ACAD_MTEXT_COLUMN_INFO_BEGIN
1070
    75
1070
     2
1070
    79
1070
     0
1070
    76
1070
     1
1070
    78
1070
     0
1070
    48
1040
210.2665747908977
1070
    49
1040
1.0
1070
    50
1070
     1
1040
0.0
1000
ACAD_MTEXT_COLUMN_INFO_END
  0
MTEXT
  5
B57
102
{ACAD_XDICTIONARY
360
D05
102
}
330
1F
100
AcDbEntity
  8
0
 48
10.0
100
AcDbMText
 10
-1551.332153880694
 20
-33.66175355787289
 30
0.0
 40
10.0
 41
210.2665747908977
 46
0.0
 71
     1
 72
     5
  1
\pi78.03574;SIT OUT
 73
     1
 44
1.0
1001
ACAD
1000
ACAD_MTEXT_COLUMN_INFO_BEGIN
1070
    75
1070
     2
1070
    79
1070
     0
1070
    76
1070
     1
1070
    78
1070
     0
1070
    48
1040
210.2665747908977
1070
    49
1040
1.0
1070
    50
1070
     1
1040
0.0
1000
ACAD_MTEXT_COLUMN_INFO_END
  0
MTEXT
  5
B58
102
{ACAD_XDICTIONARY
360
D07
102
}
330
1F
100
AcDbEntity
  8
0
 48
10.0
100
AcDbMText
 10
-1938.537234141101
 20
728.5548872149653
 30
0.0
 40
10.0
 41
210.2665747908977
 46
0.0
 71
     1
 72
     5
  1
\pi80.98595;TOILET\P\pi74.37954;160 X 160
 73
     1
 44
1.0
1001
ACAD
1000
ACAD_MTEXT_COLUMN_INFO_BEGIN
1070
    75
1070
     2
1070
    79
1070
     0
1070
    76
1070
     1
1070
    78
1070
     0
1070
    48
1040
210.2665747908977
1070
    49
1040
1.0
1070
    50
1070
     1
1040
0.0
1000
ACAD_MTEXT_COLUMN_INFO_END
  0
MTEXT
  5
B59
102
{ACAD_XDICTIONARY
360
D09
102
}
330
1F
100
AcDbEntity
  8
0
 48
10.0
100
AcDbMText
 10
-2047.537728097573
 20
131.2783032030971
 30
0.0
 40
10.0
 41
210.2665747908977
 46
0.0
 71
     1
 72
     5
  1
\pi72.3502,t222.3502;DRAWING\P\pi73.89522,tz;343 X 257
 73
     1
 44
1.0
1001
ACAD
1000
ACAD_MTEXT_COLUMN_INFO_BEGIN
1070
    75
1070
     2
1070
    79
1070
     0
1070
    76
1070
     1
1070
    78
1070
     0
1070
    48
1040
210.2665747908977
1070
    49
1040
1.0
1070
    50
1070
     1
1040
0.0
1000
ACAD_MTEXT_COLUMN_INFO_END
  0
MTEXT
  5
B5A
102
{ACAD_XDICTIONARY
360
D0B
102
}
330
1F
100
AcDbEntity
  8
0
 48
10.0
100
AcDbMText
 10
-1843.425073496111
 20
759.4957450857864
 30
0.0
 40
10.0
 41
210.2665747908977
 46
0.0
 71
     1
 72
     5
  1
\pi98.02551;D1
 73
     1
 44
1.0
1001
ACAD
1000
ACAD_MTEXT_COLUMN_INFO_BEGIN
1070
    75
1070
     2
1070
    79
1070
     0
1070
    76
1070
     1
1070
    78
1070
     0
1070
    48
1040
210.2665747908977
1070
    49
1040
1.0
1070
    50
1070
     1
1040
0.0
1000
ACAD_MTEXT_COLUMN_INFO_END
  0
MTEXT
  5
B5B
102
{ACAD_XDICTIONARY
360
D0D
102
}
330
1F
100
AcDbEntity
  8
0
 48
10.0
100
AcDbMText
 10
-1843.670782675393
 20
373.6900199982993
 30
0.0
 40
10.0
 41
210.2665747908977
 46
0.0
 71
     1
 72
     5
  1
\pi100.99959;D
 73
     1
 44
1.0
1001
ACAD
1000
ACAD_MTEXT_COLUMN_INFO_BEGIN
1070
    75
1070
     2
1070
    79
1070
     0
1070
    76
1070
     1
1070
    78
1070
     0
1070
    48
1040
210.2665747908977
1070
    49
1040
1.0
1070
    50
1070
     1
1040
0.0
1000
ACAD_MTEXT_COLUMN_INFO_END
  0
MTEXT
  5
B5C
102
{ACAD_XDICTIONARY
360
D0F
102
}
330
1F
100
AcDbEntity
  8
0
 48
10.0
100
AcDbMText
 10
-1767.443699569748
 20
500.2241957327505
 30
0.0
 40
10.0
 41
210.2665747908977
 46
0.0
 71
     1
 72
     5
  1
\pi100.99959;D
 73
     1
 44
1.0
1001
ACAD
1000
ACAD_MTEXT_COLUMN_INFO_BEGIN
1070
    75
1070
     2
1070
    79
1070
     0
1070
    76
1070
     1
1070
    78
1070
     0
1070
    48
1040
210.2665747908977
1070
    49
1040
1.0
1070
    50
1070
     1
1040
0.0
1000
ACAD_MTEXT_COLUMN_INFO_END
  0
MTEXT
  5
B5D
102
{ACAD_XDICTIONARY
360
D11
102
}
330
1F
100
AcDbEntity
  8
0
 48
10.0
100
AcDbMText
 10
-1424.42177536207
 20
501.4526815675999
 30
0.0
 40
10.0
 41
210.2665747908977
 46
0.0
 71
     1
 72
     5
  1
\pi100.99959;D
 73
     1
 44
1.0
1001
ACAD
1000
ACAD_MTEXT_COLUMN_INFO_BEGIN
1070
    75
1070
     2
1070
    79
1070
     0
1070
    76
1070
     1
1070
    78
1070
     0
1070
    48
1040
210.2665747908977
1070
    49
1040
1.0
1070
    50
1070
     1
1040
0.0
1000
ACAD_MTEXT_COLUMN_INFO_END
  0
MTEXT
  5
B5E
102
{ACAD_XDICTIONARY
360
D13
102
}
330
1F
100
AcDbEntity
  8
0
 48
10.0
100
AcDbMText
 10
-1508.025687869453
 20
308.5802073418872
 30
0.0
 40
10.0
 41
210.2665747908977
 46
0.0
 71
     1
 72
     5
  1
\pi98.02551;D1
 73
     1
 44
1.0
1001
ACAD
1000
ACAD_MTEXT_COLUMN_INFO_BEGIN
1070
    75
1070
     2
1070
    79
1070
     0
1070
    76
1070
     1
1070
    78
1070
     0
1070
    48
1040
210.2665747908977
1070
    49
1040
1.0
1070
    50
1070
     1
1040
0.0
1000
ACAD_MTEXT_COLUMN_INFO_END
  0
MTEXT
  5
B5F
102
{ACAD_XDICTIONARY
360
D15
102
}
330
1F
100
AcDbEntity
  8
0
 48
10.0
100
AcDbMText
 10
-2146.120225545155
 20
616.9304689360578
 30
0.0
 40
10.0
 41
210.2665747908977
 46
0.0
 71
     1
 72
     5
  1
\pi98.02551;D1
 73
     1
 44
1.0
1001
ACAD
1000
ACAD_MTEXT_COLUMN_INFO_BEGIN
1070
    75
1070
     2
1070
    79
1070
     0
1070
    76
1070
     1
1070
    78
1070
     0
1070
    48
1040
210.2665747908977
1070
    49
1040
1.0
1070
    50
1070
     1
1040
0.0
1000
ACAD_MTEXT_COLUMN_INFO_END
  0
MTEXT
  5
B60
102
{ACAD_XDICTIONARY
360
D17
102
}
330
1F
100
AcDbEntity
  8
0
 48
10.0
100
AcDbMText
 10
-1842.441317806072
 20
201.7018287435494
 30
0.0
 40
10.0
 41
210.2665747908977
 46
0.0
 71
     1
 72
     5
  1
\pi98.02551;D1
 73
     1
 44
1.0
1001
ACAD
1000
ACAD_MTEXT_COLUMN_INFO_BEGIN
1070
    75
1070
     2
1070
    79
1070
     0
1070
    76
1070
     1
1070
    78
1070
     0
1070
    48
1040
210.2665747908977
1070
    49
1040
1.0
1070
    50
1070
     1
1040
0.0
1000
ACAD_MTEXT_COLUMN_INFO_END
  0
MTEXT
  5
B61
102
{ACAD_XDICTIONARY
360
D19
102
}
330
1F
100
AcDbEntity
  8
0
 48
10.0
100
AcDbMText
 10
-1660.425073496111
 20
15.96496698676401
 30
0.0
 40
10.0
 41
210.2665747908977
 46
0.0
 71
     1
 72
     5
  1
\pi98.02551;D1
 73
     1
 44
1.0
1001
ACAD
1000
ACAD_MTEXT_COLUMN_INFO_BEGIN
1070
    75
1070
     2
1070
    79
1070
     0
1070
    76
1070
     1
1070
    78
1070
     0
1070
    48
1040
210.2665747908977
1070
    49
1040
1.0
1070
    50
1070
     1
1040
0.0
1000
ACAD_MTEXT_COLUMN_INFO_END
  0
MTEXT
  5
B62
102
{ACAD_XDICTIONARY
360
D1B
102
}
330
1F
100
AcDbEntity
  8
0
 48
10.0
100
AcDbMText
 10
-1225.614913713511
 20
826.7457010682187
 30
0.0
 40
10.0
 41
210.2665747908977
 46
0.0
 71
     1
 72
     5
  1
\pi100.99959;D
 73
     1
 44
1.0
1001
ACAD
1000
ACAD_MTEXT_COLUMN_INFO_BEGIN
1070
    75
1070
     2
1070
    79
1070
     0
1070
    76
1070
     1
1070
    78
1070
     0
1070
    48
1040
210.2665747908977
1070
    49
1040
1.0
1070
    50
1070
     1
1040
0.0
1000
ACAD_MTEXT_COLUMN_INFO_END
  0
LWPOLYLINE
  5
B63
330
1F
100
AcDbEntity
  8
0
 48
10.0
100
AcDbPolyline
 90
        4
 70
     1
 43
0.0
 10
-1774.270659350203
 20
-317.0759607076425
 10
-1751.270659350203
 20
-317.0759607076425
 10
-1751.270659350203
 20
-294.0759607076426
 10
-1774.270659350203
 20
-294.0759607076426
  0
LINE
  5
B64
330
1F
100
AcDbEntity
  8
0
 48
10.0
100
AcDbLine
 10
-1982.770659350203
 20
-17.07596070764262
 30
0.0
 11
-1982.770659350203
 21
5.924039292357377
 31
0.0
  0
LINE
  5
B65
330
1F
100
AcDbEntity
  8
0
 48
10.0
100
AcDbLine
 10
-1862.770659350204
 20
-17.07596070764234
 30
0.0
 11
-1862.770659350204
 21
5.924039292357662
 31
0.0
  0
LINE
  5
B66
330
1F
100
AcDbEntity
  8
0
 48
10.0
100
AcDbLine
 10
-1862.770659350204
 20
-5.575960707642337
 30
0.0
 11
-1982.770659350203
 21
-5.575960707642309
 31
0.0
  0
MTEXT
  5
B67
102
{ACAD_XDICTIONARY
360
D1D
102
}
330
1F
100
AcDbEntity
  8
0
 48
10.0
100
AcDbMText
 10
-2245.012246631404
 20
452.078588404508
 30
0.0
 40
10.0
 41
210.2665747908977
 46
0.0
 71
     1
 72
     5
  1
\pi98.70423;W
 73
     1
 44
1.0
1001
ACAD
1000
ACAD_MTEXT_COLUMN_INFO_BEGIN
1070
    75
1070
     2
1070
    79
1070
     0
1070
    76
1070
     1
1070
    78
1070
     0
1070
    48
1040
210.2665747908977
1070
    49
1040
1.0
1070
    50
1070
     1
1040
0.0
1000
ACAD_MTEXT_COLUMN_INFO_END
  0
MTEXT
  5
B68
102
{ACAD_XDICTIONARY
360
D1F
102
}
330
1F
100
AcDbEntity
  8
0
 48
10.0
100
AcDbMText
 10
-1681.388580971023
 20
853.1460391601676
 30
0.0
 40
10.0
 41
210.2665747908977
 46
0.0
 71
     1
 72
     5
  1
\pi98.70423;W
 73
     1
 44
1.0
1001
ACAD
1000
ACAD_MTEXT_COLUMN_INFO_BEGIN
1070
    75
1070
     2
1070
    79
1070
     0
1070
    76
1070
     1
1070
    78
1070
     0
1070
    48
1040
210.2665747908977
1070
    49
1040
1.0
1070
    50
1070
     1
1040
0.0
1000
ACAD_MTEXT_COLUMN_INFO_END
  0
MTEXT
  5
B69
102
{ACAD_XDICTIONARY
360
D21
102
}
330
1F
100
AcDbEntity
  8
0
 48
10.0
100
AcDbMText
 10
-1112.701062277541
 20
653.218996043096
 30
0.0
 40
10.0
 41
210.2665747908977
 46
0.0
 71
     1
 72
     5
  1
\pi98.70423;W
 73
     1
 44
1.0
1001
ACAD
1000
ACAD_MTEXT_COLUMN_INFO_BEGIN
1070
    75
1070
     2
1070
    79
1070
     0
1070
    76
1070
     1
1070
    78
1070
     0
1070
    48
1040
210.2665747908977
1070
    49
1040
1.0
1070
    50
1070
     1
1040
0.0
1000
ACAD_MTEXT_COLUMN_INFO_END
  0
MTEXT
  5
B6A
102
{ACAD_XDICTIONARY
360
D23
102
}
330
1F
100
AcDbEntity
  8
0
 48
10.0
100
AcDbMText
 10
-1104.084572159503
 20
354.035591472677
 30
0.0
 40
10.0
 41
210.2665747908977
 46
0.0
 71
     1
 72
     5
  1
\pi98.70423;W
 73
     1
 44
1.0
1001
ACAD
1000
ACAD_MTEXT_COLUMN_INFO_BEGIN
1070
    75
1070
     2
1070
    79
1070
     0
1070
    76
1070
     1
1070
    78
1070
     0
1070
    48
1040
210.2665747908977
1070
    49
1040
1.0
1070
    50
1070
     1
1040
0.0
1000
ACAD_MTEXT_COLUMN_INFO_END
  0
MTEXT
  5
B6B
102
{ACAD_XDICTIONARY
360
D25
102
}
330
1F
100
AcDbEntity
  8
0
 48
10.0
100
AcDbMText
 10
-2029.051303049168
 20
-32.68937069153253
 30
0.0
 40
10.0
 41
210.2665747908977
 46
0.0
 71
     1
 72
     5
  1
\pi98.70423;W
 73
     1
 44
1.0
1001
ACAD
1000
ACAD_MTEXT_COLUMN_INFO_BEGIN
1070
    75
1070
     2
1070
    79
1070
     0
1070
    76
1070
     1
1070
    78
1070
     0
1070
    48
1040
210.2665747908977
1070
    49
1040
1.0
1070
    50
1070
     1
1040
0.0
1000
ACAD_MTEXT_COLUMN_INFO_END
  0
MTEXT
  5
B6C
102
{ACAD_XDICTIONARY
360
D27
102
}
330
1F
100
AcDbEntity
  8
0
 48
10.0
100
AcDbMText
 10
-2245.012246631404
 20
143.1005319869755
 30
0.0
 40
10.0
 41
210.2665747908977
 46
0.0
 71
     1
 72
     5
  1
\pi98.70423;W
 73
     1
 44
1.0
1001
ACAD
1000
ACAD_MTEXT_COLUMN_INFO_BEGIN
1070
    75
1070
     2
1070
    79
1070
     0
1070
    76
1070
     1
1070
    78
1070
     0
1070
    48
1040
210.2665747908977
1070
    49
1040
1.0
1070
    50
1070
     1
1040
0.0
1000
ACAD_MTEXT_COLUMN_INFO_END
  0
MTEXT
  5
B6D
102
{ACAD_XDICTIONARY
360
D29
102
}
330
1F
100
AcDbEntity
  8
0
 48
10.0
100
AcDbMText
 10
-1363.982787692952
 20
797.7931667738321
 30
0.0
 40
10.0
 41
210.2665747908977
 46
0.0
 71
     1
 72
     5
  1
\pi98.70423;W
 73
     1
 44
1.0
1001
ACAD
1000
ACAD_MTEXT_COLUMN_INFO_BEGIN
1070
    75
1070
     2
1070
    79
1070
     0
1070
    76
1070
     1
1070
    78
1070
     0
1070
    48
1040
210.2665747908977
1070
    49
1040
1.0
1070
    50
1070
     1
1040
0.0
1000
ACAD_MTEXT_COLUMN_INFO_END
  0
LINE
  5
B6E
102
{ACAD_REACTORS
330
B7C
102
}
330
1F
100
AcDbEntity
  8
0
 48
10.0
100
AcDbLine
 10
-1751.270659350203
 20
-227.0759607076425
 30
0.0
 11
-1451.270659350203
 21
-227.0759607076421
 31
0.0
  0
DIMENSION
  5
B6F
330
1F
100
AcDbEntity
  8
0
 48
10.0
100
AcDbDimension
280
     0
  2
*D11
 10
-1055.869077840655
 20
913.845412206283
 30
0.0
 11
-1167.369077840655
 21
915.2126973358875
 31
0.0
 70
    32
 71
     5
 42
223.0
 73
     0
 74
     0
 75
     0
  3
Standard
100
AcDbAlignedDimension
 13
-1278.869077840655
 23
898.2025021880446
 33
0.0
 14
-1055.869077840655
 24
898.2025021880442
 34
0.0
100
AcDbRotatedDimension
  0
DIMENSION
  5
B70
102
{ACAD_XDICTIONARY
360
B71
102
}
102
{ACAD_REACTORS
330
B72
102
}
330
1F
100
AcDbEntity
  8
0
 48
10.0
100
AcDbDimension
280
     0
  2
*D12
 10
-1435.737159392212
 20
-197.0759607076426
 30
0.0
 11
-1435.737159392211
 21
-182.0759607076421
 31
0.0
 70
    32
 71
     5
 42
30.00000000000003
 73
     0
 74
     0
 75
     0
  3
Standard
100
AcDbAlignedDimension
 13
-1451.270659350203
 23
-167.0759607076425
 33
0.0
 14
-1451.270659350203
 24
-197.0759607076425
 34
0.0
 50
90.0
100
AcDbRotatedDimension
  0
DIMENSION
  5
B73
102
{ACAD_XDICTIONARY
360
B74
102
}
102
{ACAD_REACTORS
330
B75
102
}
330
1F
100
AcDbEntity
  8
0
 48
10.0
100
AcDbDimension
280
     0
  2
*D13
 10
-1792.366862780821
 20
192.9240392923577
 30
0.0
 11
-1792.36686278082
 21
237.9240392923581
 31
0.0
 70
    32
 71
     5
 42
89.99999999999994
 73
     0
 74
     0
 75
     0
  3
Standard
100
AcDbAlignedDimension
 13
-1791.738222820828
 23
282.9240392923575
 33
0.0
 14
-1791.738222820828
 24
192.9240392923576
 34
0.0
 50
90.0
100
AcDbRotatedDimension
  0
DIMENSION
  5
B76
102
{ACAD_XDICTIONARY
360
B77
102
}
102
{ACAD_REACTORS
330
B78
102
}
330
1F
100
AcDbEntity
  8
0
 48
10.0
100
AcDbDimension
280
     0
  2
*D14
 10
-1804.270659350203
 20
185.7175682595625
 30
0.0
 11
-1816.770659350203
 21
187.0840007288668
 31
0.0
 70
    32
 71
     5
 42
25.0
 73
     0
 74
     0
 75
     0
  3
Standard
100
AcDbAlignedDimension
 13
-1829.270659350203
 23
192.9240392923575
 33
0.0
 14
-1804.270659350203
 24
192.9240392923575
 34
0.0
100
AcDbRotatedDimension
  0
MTEXT
  5
B79
102
{ACAD_XDICTIONARY
360
D2B
102
}
330
1F
100
AcDbEntity
  8
0
 48
10.0
100
AcDbMText
 10
-1874.114753622773
 20
244.9543109579099
 30
0.0
 40
10.0
 41
210.2665747908977
 46
0.0
 71
     1
 72
     5
  1
\pi96.28267;UP
 73
     1
 44
1.0
1001
ACAD
1000
ACAD_MTEXT_COLUMN_INFO_BEGIN
1070
    75
1070
     2
1070
    79
1070
     0
1070
    76
1070
     1
1070
    78
1070
     0
1070
    48
1040
210.2665747908977
1070
    49
1040
1.0
1070
    50
1070
     1
1040
0.0
1000
ACAD_MTEXT_COLUMN_INFO_END
  0
DIMENSION
  5
B7A
102
{ACAD_XDICTIONARY
360
B7B
102
}
102
{ACAD_REACTORS
330
B7C
102
}
330
1F
100
AcDbEntity
  8
0
 48
10.0
100
AcDbDimension
280
     0
  2
*D15
 10
-1451.270659350203
 20
-255.1943015515499
 30
0.0
 11
-1601.270659350203
 21
-253.8270164219455
 31
0.0
 70
    32
 71
     5
 42
300.0
 73
     0
 74
     0
 75
     0
  3
Standard
100
AcDbAlignedDimension
 13
-1751.270659350203
 23
-227.0759607076425
 33
0.0
 14
-1451.270659350203
 24
-227.0759607076425
 34
0.0
100
AcDbRotatedDimension
  0
INSERT
  5
C57
330
1F
100
AcDbEntity
  8
0
 48
10.0
100
AcDbBlockReference
  2
9 X 9inc  (0.23x 0.23mm)
 10
1083.407408829873
 20
890.6714834994099
 30
0.0
 41
2.54
 42
2.54
 43
2.54
  0
INSERT
  5
C59
330
1F
100
AcDbEntity
  8
0
 48
10.0
100
AcDbBlockReference
  2
9 X 9inc  (0.23x 0.23mm)
 10
2122.35598001999
 20
307.67148349941
 30
0.0
 41
2.54
 42
2.54
 43
2.54
  0
INSERT
  5
C5A
330
1F
100
AcDbEntity
  8
0
 48
10.0
100
AcDbBlockReference
  2
9 X 9inc  (0.23x 0.23mm)
 10
3051.726183765183
 20
403.5172029574424
 30
0.0
 41
2.54
 42
2.54
 43
2.54
  0
INSERT
  5
C5B
330
1F
100
AcDbEntity
  8
0
 48
10.0
100
AcDbBlockReference
  2
9 X 9inc  (0.23x 0.23mm)
 10
1969.331210393232
 20
-85.28328612734792
 30
0.0
 41
2.54
 42
2.54
 43
2.54
  0
INSERT
  5
C5C
330
1F
100
AcDbEntity
  8
0
 48
10.0
100
AcDbBlockReference
  2
9 X 9inc  (0.23x 0.23mm)
 10
1426.521808641056
 20
-235.7377367090919
 30
0.0
 41
2.54
 42
2.54
 43
2.54
  0
INSERT
  5
C5D
330
1F
100
AcDbEntity
  8
0
 48
10.0
100
AcDbBlockReference
  2
9 X 9inc  (0.23x 0.23mm)
 10
1084.552535694911
 20
-235.2640366569792
 30
0.0
 41
2.54
 42
2.54
 43
2.54
  0
INSERT
  5
C5E
330
1F
100
AcDbEntity
  8
0
 48
10.0
100
AcDbBlockReference
  2
9 X 9inc  (0.23x 0.23mm)
 10
1969.435839230271
 20
67.86493161947163
 30
0.0
 41
2.54
 42
2.54
 43
2.54
  0
INSERT
  5
C5F
330
1F
100
AcDbEntity
  8
0
 48
10.0
100
AcDbBlockReference
  2
9 X 9inc  (0.23x 0.23mm)
 10
1697.524133753384
 20
-84.95230502115356
 30
0.0
 41
2.54
 42
2.54
 43
2.54
  0
INSERT
  5
C61
330
1F
100
AcDbEntity
  8
0
 48
10.0
100
AcDbBlockReference
  2
9 X 9inc  (0.23x 0.23mm)
 10
2122.35598001999
 20
512.7414834994092
 30
0.0
 41
2.54
 42
2.54
 43
2.54
  0
INSERT
  5
C62
330
1F
100
AcDbEntity
  8
0
 48
10.0
100
AcDbBlockReference
  2
9 x 12 inch
 10
2145.42598001999
 20
568.6914834994099
 30
0.0
 41
2.54
 42
2.54
 43
2.54
  0
INSERT
  5
C64
330
1F
100
AcDbEntity
  8
0
 48
10.0
100
AcDbBlockReference
  2
9 x 12 inch
 10
1803.85598001999
 20
902.1014834994097
 30
0.0
 41
2.54
 42
2.54
 43
2.54
 50
90.0
  0
INSERT
  5
C65
330
1F
100
AcDbEntity
  8
0
 48
10.0
100
AcDbBlockReference
  2
9 x 12 inch
 10
1792.934408313486
 20
281.2072751946741
 30
0.0
 41
2.54
 42
2.54
 43
2.54
  0
INSERT
  5
C68
330
1F
100
AcDbEntity
  8
0
 48
10.0
100
AcDbBlockReference
  2
9 x 12 inch
 10
1792.35598001999
 20
552.43148349941
 30
0.0
 41
2.54
 42
2.54
 43
2.54
  0
INSERT
  5
C70
330
1F
100
AcDbEntity
  8
0
 48
10.0
100
AcDbBlockReference
  2
9 x 12 inch
 10
1247.37598001999
 20
902.1014834994105
 30
0.0
 41
2.54
 42
2.54
 43
2.54
 50
269.9999999999996
  0
ENDSEC
  0
SECTION
  2
OBJECTS
  0
DICTIONARY
  5
C
330
0
100
AcDbDictionary
281
     1
  3
ACAD_CIP_PREVIOUS_PRODUCT_INFO
350
1A5
  3
ACAD_COLOR
350
73
  3
ACAD_DETAILVIEWSTYLE
350
1AB
  3
ACAD_GROUP
350
D
  3
ACAD_LAST_SAVED_VERSION_INFO
350
9BE
  3
ACAD_LAYOUT
350
1A
  3
ACAD_MATERIAL
350
72
  3
ACAD_MLEADERSTYLE
350
D7
  3
ACAD_MLINESTYLE
350
17
  3
ACAD_PLOTSETTINGS
350
19
  3
ACAD_PLOTSTYLENAME
350
E
  3
ACAD_SCALELIST
350
B6
  3
ACAD_SECTIONVIEWSTYLE
350
1A8
  3
ACAD_TABLESTYLE
350
86
  3
ACAD_VISUALSTYLE
350
99
  3
ACDB_RECOMPOSE_DATA
350
D2D
  3
AcDbVariableDictionary
350
C71
  3
AcDsDecomposeData
350
D33
  0
DICTIONARY
  5
18E
330
2
100
AcDbDictionary
280
     1
281
     1
  3
ACAD_LAYERSTATES
360
18F
  0
DICTIONARY
  5
E6
330
10
100
AcDbDictionary
280
     1
281
     1
  0
DICTIONARY
  5
15D
330
1F
100
AcDbDictionary
280
     1
281
     1
  3
ACAD_SORTENTS
360
27B
  0
DICTIONARY
  5
BD8
330
BD3
100
AcDbDictionary
280
     1
281
     1
  3
ACAD_SORTENTS
360
BD9
  0
DICTIONARY
  5
BE3
330
BDD
100
AcDbDictionary
280
     1
281
     1
  3
ACAD_SORTENTS
360
BE4
  0
DICTIONARY
  5
C8B
330
55E
100
AcDbDictionary
280
     1
281
     1
  3
ACAD_MTEXT_2008_RT
360
C8C
  0
DICTIONARY
  5
C8D
330
55F
100
AcDbDictionary
280
     1
281
     1
  3
ACAD_MTEXT_2008_RT
360
C8E
  0
DICTIONARY
  5
C8F
330
560
100
AcDbDictionary
280
     1
281
     1
  3
ACAD_MTEXT_2008_RT
360
C90
  0
DICTIONARY
  5
C91
330
562
100
AcDbDictionary
280
     1
281
     1
  3
ACAD_MTEXT_2008_RT
360
C92
  0
DICTIONARY
  5
C93
330
563
100
AcDbDictionary
280
     1
281
     1
  3
ACAD_MTEXT_2008_RT
360
C94
  0
DICTIONARY
  5
C95
330
564
100
AcDbDictionary
280
     1
281
     1
  3
ACAD_MTEXT_2008_RT
360
C96
  0
DICTIONARY
  5
C97
330
566
100
AcDbDictionary
280
     1
281
     1
  3
ACAD_MTEXT_2008_RT
360
C98
  0
DICTIONARY
  5
C99
330
568
100
AcDbDictionary
280
     1
281
     1
  3
ACAD_MTEXT_2008_RT
360
C9A
  0
DICTIONARY
  5
C9B
330
569
100
AcDbDictionary
280
     1
281
     1
  3
ACAD_MTEXT_2008_RT
360
C9C
  0
DICTIONARY
  5
C9D
330
56A
100
AcDbDictionary
280
     1
281
     1
  3
ACAD_MTEXT_2008_RT
360
C9E
  0
DICTIONARY
  5
C9F
330
56B
100
AcDbDictionary
280
     1
281
     1
  3
ACAD_MTEXT_2008_RT
360
CA0
  0
DICTIONARY
  5
CA1
330
56C
100
AcDbDictionary
280
     1
281
     1
  3
ACAD_MTEXT_2008_RT
360
CA2
  0
DICTIONARY
  5
CA3
330
56D
100
AcDbDictionary
280
     1
281
     1
  3
ACAD_MTEXT_2008_RT
360
CA4
  0
DICTIONARY
  5
CA5
330
56E
100
AcDbDictionary
280
     1
281
     1
  3
ACAD_MTEXT_2008_RT
360
CA6
  0
DICTIONARY
  5
CA7
330
56F
100
AcDbDictionary
280
     1
281
     1
  3
ACAD_MTEXT_2008_RT
360
CA8
  0
DICTIONARY
  5
CA9
330
570
100
AcDbDictionary
280
     1
281
     1
  3
ACAD_MTEXT_2008_RT
360
CAA
  0
DICTIONARY
  5
CAB
330
571
100
AcDbDictionary
280
     1
281
     1
  3
ACAD_MTEXT_2008_RT
360
CAC
  0
DICTIONARY
  5
CAD
330
572
100
AcDbDictionary
280
     1
281
     1
  3
ACAD_MTEXT_2008_RT
360
CAE
  0
DICTIONARY
  5
CAF
330
576
100
AcDbDictionary
280
     1
281
     1
  3
ACAD_MTEXT_2008_RT
360
CB0
  0
DICTIONARY
  5
CB1
330
57C
100
AcDbDictionary
280
     1
281
     1
  3
ACAD_MTEXT_2008_RT
360
CB2
  0
DICTIONARY
  5
CB3
330
57D
100
AcDbDictionary
280
     1
281
     1
  3
ACAD_MTEXT_2008_RT
360
CB4
  0
DICTIONARY
  5
CB5
330
57E
100
AcDbDictionary
280
     1
281
     1
  3
ACAD_MTEXT_2008_RT
360
CB6
  0
DICTIONARY
  5
CB7
330
57F
100
AcDbDictionary
280
     1
281
     1
  3
ACAD_MTEXT_2008_RT
360
CB8
  0
DICTIONARY
  5
CB9
330
580
100
AcDbDictionary
280
     1
281
     1
  3
ACAD_MTEXT_2008_RT
360
CBA
  0
DICTIONARY
  5
CBB
330
581
100
AcDbDictionary
280
     1
281
     1
  3
ACAD_MTEXT_2008_RT
360
CBC
  0
DICTIONARY
  5
CBD
330
582
100
AcDbDictionary
280
     1
281
     1
  3
ACAD_MTEXT_2008_RT
360
CBE
  0
DICTIONARY
  5
7C3
330
7B5
100
AcDbDictionary
280
     1
281
     1
  3
ACAD_DIMASSOC
360
7CE
  0
DICTIONARY
  5
7F7
330
7E9
100
AcDbDictionary
280
     1
281
     1
  3
ACAD_DIMASSOC
360
802
  0
DICTIONARY
  5
995
330
988
100
AcDbDictionary
280
     1
281
     1
  3
ACAD_DIMASSOC
360
99F
  0
DICTIONARY
  5
CBF
330
9A4
100
AcDbDictionary
280
     1
281
     1
  3
ACAD_MTEXT_2008_RT
360
CC0
  0
DICTIONARY
  5
9B3
330
9A6
100
AcDbDictionary
280
     1
281
     1
  3
ACAD_DIMASSOC
360
9BD
  0
DICTIONARY
  5
CC1
330
A5F
100
AcDbDictionary
280
     1
281
     1
  3
ACAD_MTEXT_2008_RT
360
CC2
  0
DICTIONARY
  5
CC3
330
A60
100
AcDbDictionary
280
     1
281
     1
  3
ACAD_MTEXT_2008_RT
360
CC4
  0
DICTIONARY
  5
CC5
330
A61
100
AcDbDictionary
280
     1
281
     1
  3
ACAD_MTEXT_2008_RT
360
CC6
  0
DICTIONARY
  5
CC7
330
A62
100
AcDbDictionary
280
     1
281
     1
  3
ACAD_MTEXT_2008_RT
360
CC8
  0
DICTIONARY
  5
CC9
330
A63
100
AcDbDictionary
280
     1
281
     1
  3
ACAD_MTEXT_2008_RT
360
CCA
  0
DICTIONARY
  5
CCB
330
A64
100
AcDbDictionary
280
     1
281
     1
  3
ACAD_MTEXT_2008_RT
360
CCC
  0
DICTIONARY
  5
CCD
330
A65
100
AcDbDictionary
280
     1
281
     1
  3
ACAD_MTEXT_2008_RT
360
CCE
  0
DICTIONARY
  5
CCF
330
A66
100
AcDbDictionary
280
     1
281
     1
  3
ACAD_MTEXT_2008_RT
360
CD0
  0
DICTIONARY
  5
CD1
330
A67
100
AcDbDictionary
280
     1
281
     1
  3
ACAD_MTEXT_2008_RT
360
CD2
  0
DICTIONARY
  5
CD3
330
A68
100
AcDbDictionary
280
     1
281
     1
  3
ACAD_MTEXT_2008_RT
360
CD4
  0
DICTIONARY
  5
CD5
330
A69
100
AcDbDictionary
280
     1
281
     1
  3
ACAD_MTEXT_2008_RT
360
CD6
  0
DICTIONARY
  5
CD7
330
A6A
100
AcDbDictionary
280
     1
281
     1
  3
ACAD_MTEXT_2008_RT
360
CD8
  0
DICTIONARY
  5
CD9
330
A6B
100
AcDbDictionary
280
     1
281
     1
  3
ACAD_MTEXT_2008_RT
360
CDA
  0
DICTIONARY
  5
CDB
330
A6C
100
AcDbDictionary
280
     1
281
     1
  3
ACAD_MTEXT_2008_RT
360
CDC
  0
DICTIONARY
  5
CDD
330
A6D
100
AcDbDictionary
280
     1
281
     1
  3
ACAD_MTEXT_2008_RT
360
CDE
  0
DICTIONARY
  5
CDF
330
A6E
100
AcDbDictionary
280
     1
281
     1
  3
ACAD_MTEXT_2008_RT
360
CE0
  0
DICTIONARY
  5
CE1
330
A6F
100
AcDbDictionary
280
     1
281
     1
  3
ACAD_MTEXT_2008_RT
360
CE2
  0
DICTIONARY
  5
CE3
330
A70
100
AcDbDictionary
280
     1
281
     1
  3
ACAD_MTEXT_2008_RT
360
CE4
  0
DICTIONARY
  5
CE5
330
A71
100
AcDbDictionary
280
     1
281
     1
  3
ACAD_MTEXT_2008_RT
360
CE6
  0
DICTIONARY
  5
CE7
330
A76
100
AcDbDictionary
280
     1
281
     1
  3
ACAD_MTEXT_2008_RT
360
CE8
  0
DICTIONARY
  5
CE9
330
A77
100
AcDbDictionary
280
     1
281
     1
  3
ACAD_MTEXT_2008_RT
360
CEA
  0
DICTIONARY
  5
CEB
330
A78
100
AcDbDictionary
280
     1
281
     1
  3
ACAD_MTEXT_2008_RT
360
CEC
  0
DICTIONARY
  5
CED
330
A79
100
AcDbDictionary
280
     1
281
     1
  3
ACAD_MTEXT_2008_RT
360
CEE
  0
DICTIONARY
  5
CEF
330
A7A
100
AcDbDictionary
280
     1
281
     1
  3
ACAD_MTEXT_2008_RT
360
CF0
  0
DICTIONARY
  5
CF1
330
A7B
100
AcDbDictionary
280
     1
281
     1
  3
ACAD_MTEXT_2008_RT
360
CF2
  0
DICTIONARY
  5
CF3
330
A7C
100
AcDbDictionary
280
     1
281
     1
  3
ACAD_MTEXT_2008_RT
360
CF4
  0
DICTIONARY
  5
A80
330
A7F
100
AcDbDictionary
280
     1
281
     1
  3
ACAD_DIMASSOC
360
A81
  0
DICTIONARY
  5
A83
330
A82
100
AcDbDictionary
280
     1
281
     1
  3
ACAD_DIMASSOC
360
A84
  0
DICTIONARY
  5
A86
330
A85
100
AcDbDictionary
280
     1
281
     1
  3
ACAD_DIMASSOC
360
A87
  0
DICTIONARY
  5
CF5
330
A88
100
AcDbDictionary
280
     1
281
     1
  3
ACAD_MTEXT_2008_RT
360
CF6
  0
DICTIONARY
  5
A8A
330
A89
100
AcDbDictionary
280
     1
281
     1
  3
ACAD_DIMASSOC
360
A8B
  0
DICTIONARY
  5
CF7
330
B50
100
AcDbDictionary
280
     1
281
     1
  3
ACAD_MTEXT_2008_RT
360
CF8
  0
DICTIONARY
  5
CF9
330
B51
100
AcDbDictionary
280
     1
281
     1
  3
ACAD_MTEXT_2008_RT
360
CFA
  0
DICTIONARY
  5
CFB
330
B52
100
AcDbDictionary
280
     1
281
     1
  3
ACAD_MTEXT_2008_RT
360
CFC
  0
DICTIONARY
  5
CFD
330
B53
100
AcDbDictionary
280
     1
281
     1
  3
ACAD_MTEXT_2008_RT
360
CFE
  0
DICTIONARY
  5
CFF
330
B54
100
AcDbDictionary
280
     1
281
     1
  3
ACAD_MTEXT_2008_RT
360
D00
  0
DICTIONARY
  5
D01
330
B55
100
AcDbDictionary
280
     1
281
     1
  3
ACAD_MTEXT_2008_RT
360
D02
  0
DICTIONARY
  5
D03
330
B56
100
AcDbDictionary
280
     1
281
     1
  3
ACAD_MTEXT_2008_RT
360
D04
  0
DICTIONARY
  5
D05
330
B57
100
AcDbDictionary
280
     1
281
     1
  3
ACAD_MTEXT_2008_RT
360
D06
  0
DICTIONARY
  5
D07
330
B58
100
AcDbDictionary
280
     1
281
     1
  3
ACAD_MTEXT_2008_RT
360
D08
  0
DICTIONARY
  5
D09
330
B59
100
AcDbDictionary
280
     1
281
     1
  3
ACAD_MTEXT_2008_RT
360
D0A
  0
DICTIONARY
  5
D0B
330
B5A
100
AcDbDictionary
280
     1
281
     1
  3
ACAD_MTEXT_2008_RT
360
D0C
  0
DICTIONARY
  5
D0D
330
B5B
100
AcDbDictionary
280
     1
281
     1
  3
ACAD_MTEXT_2008_RT
360
D0E
  0
DICTIONARY
  5
D0F
330
B5C
100
AcDbDictionary
280
     1
281
     1
  3
ACAD_MTEXT_2008_RT
360
D10
  0
DICTIONARY
  5
D11
330
B5D
100
AcDbDictionary
280
     1
281
     1
  3
ACAD_MTEXT_2008_RT
360
D12
  0
DICTIONARY
  5
D13
330
B5E
100
AcDbDictionary
280
     1
281
     1
  3
ACAD_MTEXT_2008_RT
360
D14
  0
DICTIONARY
  5
D15
330
B5F
100
AcDbDictionary
280
     1
281
     1
  3
ACAD_MTEXT_2008_RT
360
D16
  0
DICTIONARY
  5
D17
330
B60
100
AcDbDictionary
280
     1
281
     1
  3
ACAD_MTEXT_2008_RT
360
D18
  0
DICTIONARY
  5
D19
330
B61
100
AcDbDictionary
280
     1
281
     1
  3
ACAD_MTEXT_2008_RT
360
D1A
  0
DICTIONARY
  5
D1B
330
B62
100
AcDbDictionary
280
     1
281
     1
  3
ACAD_MTEXT_2008_RT
360
D1C
  0
DICTIONARY
  5
D1D
330
B67
100
AcDbDictionary
280
     1
281
     1
  3
ACAD_MTEXT_2008_RT
360
D1E
  0
DICTIONARY
  5
D1F
330
B68
100
AcDbDictionary
280
     1
281
     1
  3
ACAD_MTEXT_2008_RT
360
D20
  0
DICTIONARY
  5
D21
330
B69
100
AcDbDictionary
280
     1
281
     1
  3
ACAD_MTEXT_2008_RT
360
D22
  0
DICTIONARY
  5
D23
330
B6A
100
AcDbDictionary
280
     1
281
     1
  3
ACAD_MTEXT_2008_RT
360
D24
  0
DICTIONARY
  5
D25
330
B6B
100
AcDbDictionary
280
     1
281
     1
  3
ACAD_MTEXT_2008_RT
360
D26
  0
DICTIONARY
  5
D27
330
B6C
100
AcDbDictionary
280
     1
281
     1
  3
ACAD_MTEXT_2008_RT
360
D28
  0
DICTIONARY
  5
D29
330
B6D
100
AcDbDictionary
280
     1
281
     1
  3
ACAD_MTEXT_2008_RT
360
D2A
  0
DICTIONARY
  5
B71
330
B70
100
AcDbDictionary
280
     1
281
     1
  3
ACAD_DIMASSOC
360
B72
  0
DICTIONARY
  5
B74
330
B73
100
AcDbDictionary
280
     1
281
     1
  3
ACAD_DIMASSOC
360
B75
  0
DICTIONARY
  5
B77
330
B76
100
AcDbDictionary
280
     1
281
     1
  3
ACAD_DIMASSOC
360
B78
  0
DICTIONARY
  5
D2B
330
B79
100
AcDbDictionary
280
     1
281
     1
  3
ACAD_MTEXT_2008_RT
360
D2C
  0
DICTIONARY
  5
B7B
330
B7A
100
AcDbDictionary
280
     1
281
     1
  3
ACAD_DIMASSOC
360
B7C
  0
XRECORD
  5
1A5
102
{ACAD_REACTORS
330
C
102
}
330
C
100
AcDbXrecord
280
     1
300
ACD
300
2026
300

  0
DICTIONARY
  5
73
102
{ACAD_REACTORS
330
C
102
}
330
C
100
AcDbDictionary
281
     1
  0
DICTIONARY
  5
1AB
102
{ACAD_REACTORS
330
C
102
}
330
C
100
AcDbDictionary
281
     1
  3
Imperial24
350
1AC
  0
DICTIONARY
  5
D
102
{ACAD_REACTORS
330
C
102
}
330
C
100
AcDbDictionary
281
     1
  0
XRECORD
  5
9BE
102
{ACAD_REACTORS
330
C
102
}
330
C
100
AcDbXrecord
280
     1
300
{914C45EB-2E39-4A43-9382-853FFC77054F}
301
{5096AA8A-73A4-2445-A62A-DD1245CA56EF}
302
{914C45EB-2E39-4A43-9382-853FFC77054F}
303

  0
DICTIONARY
  5
1A
102
{ACAD_REACTORS
330
C
102
}
330
C
100
AcDbDictionary
281
     1
  3
Layout1
350
59
  3
Layout2
350
5E
  3
Model
350
22
  0
DICTIONARY
  5
72
102
{ACAD_REACTORS
330
C
102
}
330
C
100
AcDbDictionary
281
     1
  3
ByBlock
350
97
  3
ByLayer
350
96
  3
Global
350
98
  0
DICTIONARY
  5
D7
102
{ACAD_REACTORS
330
C
102
}
330
C
100
AcDbDictionary
281
     1
  3
Annotative
350
E5
  3
Standard
350
D8
  0
DICTIONARY
  5
17
102
{ACAD_REACTORS
330
C
102
}
330
C
100
AcDbDictionary
281
     1
  3
Standard
350
18
  0
DICTIONARY
  5
19
102
{ACAD_REACTORS
330
C
102
}
330
C
100
AcDbDictionary
281
     1
  0
ACDBDICTIONARYWDFLT
  5
E
102
{ACAD_REACTORS
330
C
102
}
330
C
100
AcDbDictionary
281
     1
  3
Normal
350
F
100
AcDbDictionaryWithDefault
340
F
  0
DICTIONARY
  5
B6
102
{ACAD_REACTORS
330
C
102
}
330
C
100
AcDbDictionary
281
     1
  3
A0
350
B7
  3
A1
350
124
  3
A2
350
125
  3
A3
350
126
  3
A4
350
127
  3
A5
350
128
  3
A6
350
129
  3
A7
350
12A
  3
A8
350
12B
  3
A9
350
12C
  3
B0
350
12D
  3
B1
350
12E
  3
B2
350
12F
  3
B3
350
130
  3
B4
350
131
  3
B5
350
132
  3
B6
350
133
  3
B7
350
134
  3
B8
350
135
  3
B9
350
136
  3
C0
350
137
  3
C1
350
138
  3
C2
350
139
  3
C3
350
13A
  3
C4
350
13B
  3
C5
350
13C
  3
C6
350
13D
  3
C7
350
13E
  3
C8
350
13F
  3
C9
350
140
  3
D0
350
141
  3
D1
350
142
  3
D2
350
143
  0
DICTIONARY
  5
1A8
102
{ACAD_REACTORS
330
C
102
}
330
C
100
AcDbDictionary
281
     1
  3
Imperial24
350
1AA
  0
DICTIONARY
  5
86
102
{ACAD_REACTORS
330
C
102
}
330
C
100
AcDbDictionary
281
     1
  3
Standard
350
87
  0
DICTIONARY
  5
99
102
{ACAD_REACTORS
330
C
102
}
330
C
100
AcDbDictionary
281
     1
  3
2dWireframe
350
9F
  3
Basic
350
9E
  3
Brighten
350
A5
  3
ColorChange
350
A9
  3
Conceptual
350
A2
  3
Dim
350
A4
  3
EdgeColorOff
350
175
  3
Facepattern
350
A8
  3
Flat
350
9A
  3
FlatWithEdges
350
9B
  3
Gouraud
350
9C
  3
GouraudWithEdges
350
9D
  3
Hidden
350
A1
  3
JitterOff
350
173
  3
Linepattern
350
A7
  3
OverhangOff
350
174
  3
Realistic
350
A3
  3
Shaded
350
182
  3
Shaded with edges
350
181
  3
Shades of Gray
350
17E
  3
Sketchy
350
17F
  3
Thicken
350
A6
  3
Wireframe
350
A0
  3
X-Ray
350
180
  0
XRECORD
  5
D2D
102
{ACAD_REACTORS
330
C
102
}
330
C
100
AcDbXrecord
280
     1
 90
        1
330
87
330
55E
330
55F
330
560
330
562
330
563
330
564
330
566
330
568
330
569
330
56A
330
56B
330
56C
330
56D
330
56E
330
56F
330
570
330
571
330
572
330
576
330
57C
330
57D
330
57E
330
57F
330
580
330
581
330
582
330
9A4
330
A5F
330
A60
330
A61
330
A62
330
A63
330
A64
330
A65
330
A66
330
A67
330
A68
330
A69
330
A6A
330
A6B
330
A6C
330
A6D
330
A6E
330
A6F
330
A70
330
A71
330
A76
330
A77
330
A78
330
A79
330
A7A
330
A7B
330
A7C
330
A88
330
B50
330
B51
330
B52
330
B53
330
B54
330
B55
330
B56
330
B57
330
B58
330
B59
330
B5A
330
B5B
330
B5C
330
B5D
330
B5E
330
B5F
330
B60
330
B61
330
B62
330
B67
330
B68
330
B69
330
B6A
330
B6B
330
B6C
330
B6D
330
B79
  0
DICTIONARY
  5
C71
102
{ACAD_REACTORS
330
C
102
}
330
C
100
AcDbDictionary
281
     1
  3
CANNOSCALE
350
C76
  3
CMLEADERSTYLE
350
C73
  3
CTABLESTYLE
350
C72
  3
CVIEWDETAILSTYLE
350
C74
  3
CVIEWSECTIONSTYLE
350
C75
  0
DICTIONARY
  5
D33
102
{ACAD_REACTORS
330
C
102
}
330
C
100
AcDbDictionary
281
     1
  3
AcDsRecords
350
D35
  3
AcDsSchemas
350
D34
1001
ACAD
1070
     2
  0
DICTIONARY
  5
18F
102
{ACAD_REACTORS
330
18E
102
}
330
18E
100
AcDbDictionary
281
     1
  0
SORTENTSTABLE
  5
27B
102
{ACAD_REACTORS
330
15D
102
}
330
15D
100
AcDbSortentsTable
330
1F
331
469
  5
479
331
46A
  5
4A2
331
46B
  5
4D6
331
470
  5
48F
331
471
  5
46A
331
473
  5
4B4
331
474
  5
4B6
331
475
  5
4D0
331
47E
  5
49C
331
47F
  5
4A1
331
483
  5
4AC
331
484
  5
4B3
331
48D
  5
4E3
331
48E
  5
4ED
331
48F
  5
4EE
331
490
  5
51D
331
492
  5
4BA
331
494
  5
4BD
331
49C
  5
4BE
331
49D
  5
4C2
331
4A0
  5
4CD
331
4A1
  5
4CF
331
4A3
  5
4D9
331
4A5
  5
494
331
4A6
  5
4B5
331
4A7
  5
4A3
331
4AC
  5
4B9
331
4B3
  5
4DA
331
4B4
  5
4C1
331
4B5
  5
4D7
331
4B6
  5
4DC
331
4B8
  5
4A8
331
4B9
  5
4A5
331
4BA
  5
493
331
4BB
  5
483
331
4BE
  5
520
331
4BF
  5
51E
331
4C0
  5
4D8
331
4C1
  5
4E2
331
4C2
  5
521
331
4C5
  5
523
331
4C6
  5
522
331
4C7
  5
469
331
4C8
  5
46B
331
4CA
  5
4A0
331
4CD
  5
4D2
331
4CF
  5
4BB
331
4D0
  5
4B8
331
4D1
  5
4B7
331
4D2
  5
49D
331
4D3
  5
4DB
331
4D4
  5
502
331
4D6
  5
525
331
4D7
  5
524
331
4D8
  5
526
331
4D9
  5
52B
331
4DA
  5
501
331
4DB
  5
48E
331
4E6
  5
4EF
331
4ED
  5
52D
331
4EE
  5
52C
331
4EF
  5
52E
331
502
  5
530
331
503
  5
52F
331
504
  5
531
331
506
  5
533
331
507
  5
532
331
508
  5
534
331
514
  5
536
331
515
  5
535
331
516
  5
537
331
518
  5
539
331
519
  5
538
331
51A
  5
53A
331
51C
  5
53C
331
51D
  5
53B
331
51E
  5
53D
331
520
  5
53F
331
521
  5
53E
331
522
  5
540
331
524
  5
491
331
525
  5
490
331
526
  5
471
331
52B
  5
541
331
52C
  5
542
331
52D
  5
543
331
52E
  5
544
331
52F
  5
473
331
530
  5
475
331
531
  5
545
331
532
  5
4D3
331
533
  5
4D4
331
534
  5
546
331
535
  5
547
331
536
  5
4C3
331
537
  5
504
331
538
  5
506
331
539
  5
507
331
53A
  5
508
331
53B
  5
514
331
53C
  5
515
331
53D
  5
51C
331
53E
  5
516
331
53F
  5
518
331
540
  5
519
331
541
  5
51A
331
542
  5
548
331
543
  5
4C5
331
544
  5
4C6
331
545
  5
4C7
331
546
  5
4C8
331
547
  5
4C9
331
579
  5
57A
331
57A
  5
579
  0
SORTENTSTABLE
  5
BD9
102
{ACAD_REACTORS
330
BD8
102
}
330
BD8
100
AcDbSortentsTable
330
BD3
  0
SORTENTSTABLE
  5
BE4
102
{ACAD_REACTORS
330
BE3
102
}
330
BE3
100
AcDbSortentsTable
330
BDD
  0
XRECORD
  5
C8C
102
{ACAD_REACTORS
330
C8B
102
}
330
C8B
100
AcDbXrecord
280
     1
 40
56635.0
  1
\pxqc;BED ROOM\P343 X 300
  0
XRECORD
  5
C8E
102
{ACAD_REACTORS
330
C8D
102
}
330
C8D
100
AcDbXrecord
280
     1
 40
56452.0
  1
\pxqc;BED ROOM\P320 X 300
  0
XRECORD
  5
C90
102
{ACAD_REACTORS
330
C8F
102
}
330
C8F
100
AcDbXrecord
280
     1
 40
52181.0
  1
\pxqc;TOILET\P160 X 160
  0
XRECORD
  5
C92
102
{ACAD_REACTORS
330
C91
102
}
330
C91
100
AcDbXrecord
280
     1
 40
54211.0
  1
\pxqc;KITCHEN\P330 X 300
  0
XRECORD
  5
C94
102
{ACAD_REACTORS
330
C93
102
}
330
C93
100
AcDbXrecord
280
     1
 40
101050.0
  1
\pxqc,t14;DINNING\P\ptz;320 X 460
  0
XRECORD
  5
C96
102
{ACAD_REACTORS
330
C95
102
}
330
C95
100
AcDbXrecord
280
     1
 40
66187.0
  1
\pxqc;LIVING ROOM\P320 X 460
  0
XRECORD
  5
C98
102
{ACAD_REACTORS
330
C97
102
}
330
C97
100
AcDbXrecord
280
     1
 40
93407.0
  1
\pxqc,t15;PORCH\P\ptz;366 X 300
  0
XRECORD
  5
C9A
102
{ACAD_REACTORS
330
C99
102
}
330
C99
100
AcDbXrecord
280
     1
 40
12800.0
  1
\pxqc;SIT OUT
  0
XRECORD
  5
C9C
102
{ACAD_REACTORS
330
C9B
102
}
330
C9B
100
AcDbXrecord
280
     1
 40
52181.0
  1
\pxqc;TOILET\P160 X 160
  0
XRECORD
  5
C9E
102
{ACAD_REACTORS
330
C9D
102
}
330
C9D
100
AcDbXrecord
280
     1
 40
94594.0
  1
\pxqc,t15;DRAWING\P\ptz;343 X 257
  0
XRECORD
  5
CA0
102
{ACAD_REACTORS
330
C9F
102
}
330
C9F
100
AcDbXrecord
280
     1
 40
5975.0
  1
\pxqc;D1
  0
XRECORD
  5
CA2
102
{ACAD_REACTORS
330
CA1
102
}
330
CA1
100
AcDbXrecord
280
     1
 40
6202.0
  1
\pxqc;D
  0
XRECORD
  5
CA4
102
{ACAD_REACTORS
330
CA3
102
}
330
CA3
100
AcDbXrecord
280
     1
 40
6202.0
  1
\pxqc;D
  0
XRECORD
  5
CA6
102
{ACAD_REACTORS
330
CA5
102
}
330
CA5
100
AcDbXrecord
280
     1
 40
6202.0
  1
\pxqc;D
  0
XRECORD
  5
CA8
102
{ACAD_REACTORS
330
CA7
102
}
330
CA7
100
AcDbXrecord
280
     1
 40
5975.0
  1
\pxqc;D1
  0
XRECORD
  5
CAA
102
{ACAD_REACTORS
330
CA9
102
}
330
CA9
100
AcDbXrecord
280
     1
 40
5975.0
  1
\pxqc;D1
  0
XRECORD
  5
CAC
102
{ACAD_REACTORS
330
CAB
102
}
330
CAB
100
AcDbXrecord
280
     1
 40
5975.0
  1
\pxqc;D1
  0
XRECORD
  5
CAE
102
{ACAD_REACTORS
330
CAD
102
}
330
CAD
100
AcDbXrecord
280
     1
 40
5975.0
  1
\pxqc;D1
  0
XRECORD
  5
CB0
102
{ACAD_REACTORS
330
CAF
102
}
330
CAF
100
AcDbXrecord
280
     1
 40
6202.0
  1
\pxqc;D
  0
XRECORD
  5
CB2
102
{ACAD_REACTORS
330
CB1
102
}
330
CB1
100
AcDbXrecord
280
     1
 40
5552.0
  1
\pxqc;W
  0
XRECORD
  5
CB4
102
{ACAD_REACTORS
330
CB3
102
}
330
CB3
100
AcDbXrecord
280
     1
 40
5552.0
  1
\pxqc;W
  0
XRECORD
  5
CB6
102
{ACAD_REACTORS
330
CB5
102
}
330
CB5
100
AcDbXrecord
280
     1
 40
5552.0
  1
\pxqc;W
  0
XRECORD
  5
CB8
102
{ACAD_REACTORS
330
CB7
102
}
330
CB7
100
AcDbXrecord
280
     1
 40
5552.0
  1
\pxqc;W
  0
XRECORD
  5
CBA
102
{ACAD_REACTORS
330
CB9
102
}
330
CB9
100
AcDbXrecord
280
     1
 40
5552.0
  1
\pxqc;W
  0
XRECORD
  5
CBC
102
{ACAD_REACTORS
330
CBB
102
}
330
CBB
100
AcDbXrecord
280
     1
 40
5552.0
  1
\pxqc;W
  0
XRECORD
  5
CBE
102
{ACAD_REACTORS
330
CBD
102
}
330
CBD
100
AcDbXrecord
280
     1
 40
5552.0
  1
\pxqc;W
  0
DIMASSOC
  5
7CE
102
{ACAD_REACTORS
330
7C3
102
}
330
7C3
100
AcDbDimAssoc
330
7B5
 90
        3
 70
     0
 71
     0
  1
AcDbOsnapPointRef
 72
     1
331
531
 73
     2
 91
        0
 40
1.0
 10
346.4902455136353
 20
-148.5218737377899
 30
0.0
 75
     0
  1
AcDbOsnapPointRef
 72
     2
331
531
 73
     2
 91
        0
 40
0.5
 10
346.4902455136353
 20
-178.52187373779
 30
0.0
 75
     0
  0
DIMASSOC
  5
802
102
{ACAD_REACTORS
330
7F7
102
}
330
7F7
100
AcDbDimAssoc
330
7E9
 90
        3
 70
     0
 71
     0
  1
AcDbOsnapPointRef
 72
     8
331
49D
 73
     2
 91
        0
 40
0.1179812346082348
 10
6.022682043010718
 20
301.47812626221
 30
0.0
 75
     1
  1
AcDbOsnapPointRef
 72
     0
 40
0.0
 10
6.022682043010718
 20
301.47812626221
 30
0.0
 75
     0
  1
AcDbOsnapPointRef
 72
     8
331
542
 73
     2
 91
        0
 40
0.9445886067972242
 10
6.022682043010718
 20
211.4781262622101
 30
0.0
 75
     1
  1
AcDbOsnapPointRef
 72
     8
331
49D
 73
     2
 91
        0
 40
0.1179812346082348
 10
6.022682043010718
 20
301.47812626221
 30
0.0
 75
     1
  1
AcDbOsnapPointRef
 72
     0
 40
0.0
 10
6.022682043010718
 20
301.47812626221
 30
0.0
 75
     0
  0
DIMASSOC
  5
99F
102
{ACAD_REACTORS
330
995
102
}
330
995
100
AcDbDimAssoc
330
988
 90
        3
 70
     0
 71
     0
  1
AcDbOsnapPointRef
 72
     1
331
53F
 73
     2
 91
        0
 40
1.0
 10
-31.50975448636473
 20
211.4781262622101
 30
0.0
 75
     0
  1
AcDbOsnapPointRef
 72
     1
331
540
 73
     2
 91
        0
 40
1.0
 10
-6.509754486364727
 20
211.4781262622101
 30
0.0
 75
     0
  0
XRECORD
  5
CC0
102
{ACAD_REACTORS
330
CBF
102
}
330
CBF
100
AcDbXrecord
280
     1
 40
6731.0
  1
\pxqc;UP
  0
DIMASSOC
  5
9BD
102
{ACAD_REACTORS
330
9B3
102
}
330
9B3
100
AcDbDimAssoc
330
9A6
 90
        3
 70
     0
 71
     0
  1
AcDbOsnapPointRef
 72
    13
331
669
 73
     2
 91
        0
 40
0.0
 10
46.49024551363527
 20
-208.52187373779
 30
0.0
 75
     0
  1
AcDbOsnapPointRef
 72
    13
331
531
 73
     2
 91
        0
 40
0.0
 10
346.4902455136353
 20
-208.52187373779
 30
0.0
 75
     0
  0
XRECORD
  5
CC2
102
{ACAD_REACTORS
330
CC1
102
}
330
CC1
100
AcDbXrecord
280
     1
 40
56635.0
  1
\pxqc;BED ROOM\P343 X 300
  0
XRECORD
  5
CC4
102
{ACAD_REACTORS
330
CC3
102
}
330
CC3
100
AcDbXrecord
280
     1
 40
56452.0
  1
\pxqc;BED ROOM\P320 X 300
  0
XRECORD
  5
CC6
102
{ACAD_REACTORS
330
CC5
102
}
330
CC5
100
AcDbXrecord
280
     1
 40
52181.0
  1
\pxqc;TOILET\P160 X 160
  0
XRECORD
  5
CC8
102
{ACAD_REACTORS
330
CC7
102
}
330
CC7
100
AcDbXrecord
280
     1
 40
54211.0
  1
\pxqc;KITCHEN\P330 X 300
  0
XRECORD
  5
CCA
102
{ACAD_REACTORS
330
CC9
102
}
330
CC9
100
AcDbXrecord
280
     1
 40
101050.0
  1
\pxqc,t14;DINNING\P\ptz;320 X 460
  0
XRECORD
  5
CCC
102
{ACAD_REACTORS
330
CCB
102
}
330
CCB
100
AcDbXrecord
280
     1
 40
66187.0
  1
\pxqc;LIVING ROOM\P320 X 460
  0
XRECORD
  5
CCE
102
{ACAD_REACTORS
330
CCD
102
}
330
CCD
100
AcDbXrecord
280
     1
 40
93407.0
  1
\pxqc,t15;PORCH\P\ptz;366 X 300
  0
XRECORD
  5
CD0
102
{ACAD_REACTORS
330
CCF
102
}
330
CCF
100
AcDbXrecord
280
     1
 40
12800.0
  1
\pxqc;SIT OUT
  0
XRECORD
  5
CD2
102
{ACAD_REACTORS
330
CD1
102
}
330
CD1
100
AcDbXrecord
280
     1
 40
52181.0
  1
\pxqc;TOILET\P160 X 160
  0
XRECORD
  5
CD4
102
{ACAD_REACTORS
330
CD3
102
}
330
CD3
100
AcDbXrecord
280
     1
 40
94594.0
  1
\pxqc,t15;DRAWING\P\ptz;343 X 257
  0
XRECORD
  5
CD6
102
{ACAD_REACTORS
330
CD5
102
}
330
CD5
100
AcDbXrecord
280
     1
 40
5975.0
  1
\pxqc;D1
  0
XRECORD
  5
CD8
102
{ACAD_REACTORS
330
CD7
102
}
330
CD7
100
AcDbXrecord
280
     1
 40
6202.0
  1
\pxqc;D
  0
XRECORD
  5
CDA
102
{ACAD_REACTORS
330
CD9
102
}
330
CD9
100
AcDbXrecord
280
     1
 40
6202.0
  1
\pxqc;D
  0
XRECORD
  5
CDC
102
{ACAD_REACTORS
330
CDB
102
}
330
CDB
100
AcDbXrecord
280
     1
 40
6202.0
  1
\pxqc;D
  0
XRECORD
  5
CDE
102
{ACAD_REACTORS
330
CDD
102
}
330
CDD
100
AcDbXrecord
280
     1
 40
5975.0
  1
\pxqc;D1
  0
XRECORD
  5
CE0
102
{ACAD_REACTORS
330
CDF
102
}
330
CDF
100
AcDbXrecord
280
     1
 40
5975.0
  1
\pxqc;D1
  0
XRECORD
  5
CE2
102
{ACAD_REACTORS
330
CE1
102
}
330
CE1
100
AcDbXrecord
280
     1
 40
5975.0
  1
\pxqc;D1
  0
XRECORD
  5
CE4
102
{ACAD_REACTORS
330
CE3
102
}
330
CE3
100
AcDbXrecord
280
     1
 40
5975.0
  1
\pxqc;D1
  0
XRECORD
  5
CE6
102
{ACAD_REACTORS
330
CE5
102
}
330
CE5
100
AcDbXrecord
280
     1
 40
6202.0
  1
\pxqc;D
  0
XRECORD
  5
CE8
102
{ACAD_REACTORS
330
CE7
102
}
330
CE7
100
AcDbXrecord
280
     1
 40
5552.0
  1
\pxqc;W
  0
XRECORD
  5
CEA
102
{ACAD_REACTORS
330
CE9
102
}
330
CE9
100
AcDbXrecord
280
     1
 40
5552.0
  1
\pxqc;W
  0
XRECORD
  5
CEC
102
{ACAD_REACTORS
330
CEB
102
}
330
CEB
100
AcDbXrecord
280
     1
 40
5552.0
  1
\pxqc;W
  0
XRECORD
  5
CEE
102
{ACAD_REACTORS
330
CED
102
}
330
CED
100
AcDbXrecord
280
     1
 40
5552.0
  1
\pxqc;W
  0
XRECORD
  5
CF0
102
{ACAD_REACTORS
330
CEF
102
}
330
CEF
100
AcDbXrecord
280
     1
 40
5552.0
  1
\pxqc;W
  0
XRECORD
  5
CF2
102
{ACAD_REACTORS
330
CF1
102
}
330
CF1
100
AcDbXrecord
280
     1
 40
5552.0
  1
\pxqc;W
  0
XRECORD
  5
CF4
102
{ACAD_REACTORS
330
CF3
102
}
330
CF3
100
AcDbXrecord
280
     1
 40
5552.0
  1
\pxqc;W
  0
DIMASSOC
  5
A81
102
{ACAD_REACTORS
330
A80
102
}
330
A80
100
AcDbDimAssoc
330
A7F
 90
        3
 70
     0
 71
     0
  1
AcDbOsnapPointRef
 72
     1
331
A4F
 73
     2
 91
        0
 40
1.0
 10
346.4902455136353
 20
-148.5218737377899
 30
0.0
 75
     0
  1
AcDbOsnapPointRef
 72
     2
331
A4F
 73
     2
 91
        0
 40
0.5
 10
346.4902455136353
 20
-178.52187373779
 30
0.0
 75
     0
  0
DIMASSOC
  5
A84
102
{ACAD_REACTORS
330
A83
102
}
330
A83
100
AcDbDimAssoc
330
A82
 90
        3
 70
     0
 71
     0
  1
AcDbOsnapPointRef
 72
     8
331
A06
 73
     2
 91
        0
 40
0.1179812346082348
 10
6.022682043010718
 20
301.47812626221
 30
0.0
 75
     1
  1
AcDbOsnapPointRef
 72
     0
 40
0.0
 10
6.022682043010718
 20
301.47812626221
 30
0.0
 75
     0
  1
AcDbOsnapPointRef
 72
     8
331
A52
 73
     2
 91
        0
 40
0.9445886067972242
 10
6.022682043010718
 20
211.4781262622101
 30
0.0
 75
     1
  1
AcDbOsnapPointRef
 72
     8
331
A06
 73
     2
 91
        0
 40
0.1179812346082348
 10
6.022682043010718
 20
301.47812626221
 30
0.0
 75
     1
  1
AcDbOsnapPointRef
 72
     0
 40
0.0
 10
6.022682043010718
 20
301.47812626221
 30
0.0
 75
     0
  0
DIMASSOC
  5
A87
102
{ACAD_REACTORS
330
A86
102
}
330
A86
100
AcDbDimAssoc
330
A85
 90
        3
 70
     0
 71
     0
  1
AcDbOsnapPointRef
 72
     1
331
A28
 73
     2
 91
        0
 40
1.0
 10
-31.50975448636473
 20
211.4781262622101
 30
0.0
 75
     0
  1
AcDbOsnapPointRef
 72
     1
331
A29
 73
     2
 91
        0
 40
1.0
 10
-6.509754486364727
 20
211.4781262622101
 30
0.0
 75
     0
  0
XRECORD
  5
CF6
102
{ACAD_REACTORS
330
CF5
102
}
330
CF5
100
AcDbXrecord
280
     1
 40
6731.0
  1
\pxqc;UP
  0
DIMASSOC
  5
A8B
102
{ACAD_REACTORS
330
A8A
102
}
330
A8A
100
AcDbDimAssoc
330
A89
 90
        3
 70
     0
 71
     0
  1
AcDbOsnapPointRef
 72
    13
331
A7D
 73
     2
 91
        0
 40
0.0
 10
46.49024551363527
 20
-208.52187373779
 30
0.0
 75
     0
  1
AcDbOsnapPointRef
 72
    13
331
A4F
 73
     2
 91
        0
 40
0.0
 10
346.4902455136353
 20
-208.52187373779
 30
0.0
 75
     0
  0
XRECORD
  5
CF8
102
{ACAD_REACTORS
330
CF7
102
}
330
CF7
100
AcDbXrecord
280
     1
 40
56635.0
  1
\pxqc;BED ROOM\P343 X 300
  0
XRECORD
  5
CFA
102
{ACAD_REACTORS
330
CF9
102
}
330
CF9
100
AcDbXrecord
280
     1
 40
56452.0
  1
\pxqc;BED ROOM\P320 X 300
  0
XRECORD
  5
CFC
102
{ACAD_REACTORS
330
CFB
102
}
330
CFB
100
AcDbXrecord
280
     1
 40
52181.0
  1
\pxqc;TOILET\P160 X 160
  0
XRECORD
  5
CFE
102
{ACAD_REACTORS
330
CFD
102
}
330
CFD
100
AcDbXrecord
280
     1
 40
54211.0
  1
\pxqc;KITCHEN\P330 X 300
  0
XRECORD
  5
D00
102
{ACAD_REACTORS
330
CFF
102
}
330
CFF
100
AcDbXrecord
280
     1
 40
101050.0
  1
\pxqc,t14;DINNING\P\ptz;320 X 460
  0
XRECORD
  5
D02
102
{ACAD_REACTORS
330
D01
102
}
330
D01
100
AcDbXrecord
280
     1
 40
66187.0
  1
\pxqc;LIVING ROOM\P320 X 460
  0
XRECORD
  5
D04
102
{ACAD_REACTORS
330
D03
102
}
330
D03
100
AcDbXrecord
280
     1
 40
93407.0
  1
\pxqc,t15;PORCH\P\ptz;366 X 300
  0
XRECORD
  5
D06
102
{ACAD_REACTORS
330
D05
102
}
330
D05
100
AcDbXrecord
280
     1
 40
12800.0
  1
\pxqc;SIT OUT
  0
XRECORD
  5
D08
102
{ACAD_REACTORS
330
D07
102
}
330
D07
100
AcDbXrecord
280
     1
 40
52181.0
  1
\pxqc;TOILET\P160 X 160
  0
XRECORD
  5
D0A
102
{ACAD_REACTORS
330
D09
102
}
330
D09
100
AcDbXrecord
280
     1
 40
94594.0
  1
\pxqc,t15;DRAWING\P\ptz;343 X 257
  0
XRECORD
  5
D0C
102
{ACAD_REACTORS
330
D0B
102
}
330
D0B
100
AcDbXrecord
280
     1
 40
5975.0
  1
\pxqc;D1
  0
XRECORD
  5
D0E
102
{ACAD_REACTORS
330
D0D
102
}
330
D0D
100
AcDbXrecord
280
     1
 40
6202.0
  1
\pxqc;D
  0
XRECORD
  5
D10
102
{ACAD_REACTORS
330
D0F
102
}
330
D0F
100
AcDbXrecord
280
     1
 40
6202.0
  1
\pxqc;D
  0
XRECORD
  5
D12
102
{ACAD_REACTORS
330
D11
102
}
330
D11
100
AcDbXrecord
280
     1
 40
6202.0
  1
\pxqc;D
  0
XRECORD
  5
D14
102
{ACAD_REACTORS
330
D13
102
}
330
D13
100
AcDbXrecord
280
     1
 40
5975.0
  1
\pxqc;D1
  0
XRECORD
  5
D16
102
{ACAD_REACTORS
330
D15
102
}
330
D15
100
AcDbXrecord
280
     1
 40
5975.0
  1
\pxqc;D1
  0
XRECORD
  5
D18
102
{ACAD_REACTORS
330
D17
102
}
330
D17
100
AcDbXrecord
280
     1
 40
5975.0
  1
\pxqc;D1
  0
XRECORD
  5
D1A
102
{ACAD_REACTORS
330
D19
102
}
330
D19
100
AcDbXrecord
280
     1
 40
5975.0
  1
\pxqc;D1
  0
XRECORD
  5
D1C
102
{ACAD_REACTORS
330
D1B
102
}
330
D1B
100
AcDbXrecord
280
     1
 40
6202.0
  1
\pxqc;D
  0
XRECORD
  5
D1E
102
{ACAD_REACTORS
330
D1D
102
}
330
D1D
100
AcDbXrecord
280
     1
 40
5552.0
  1
\pxqc;W
  0
XRECORD
  5
D20
102
{ACAD_REACTORS
330
D1F
102
}
330
D1F
100
AcDbXrecord
280
     1
 40
5552.0
  1
\pxqc;W
  0
XRECORD
  5
D22
102
{ACAD_REACTORS
330
D21
102
}
330
D21
100
AcDbXrecord
280
     1
 40
5552.0
  1
\pxqc;W
  0
XRECORD
  5
D24
102
{ACAD_REACTORS
330
D23
102
}
330
D23
100
AcDbXrecord
280
     1
 40
5552.0
  1
\pxqc;W
  0
XRECORD
  5
D26
102
{ACAD_REACTORS
330
D25
102
}
330
D25
100
AcDbXrecord
280
     1
 40
5552.0
  1
\pxqc;W
  0
XRECORD
  5
D28
102
{ACAD_REACTORS
330
D27
102
}
330
D27
100
AcDbXrecord
280
     1
 40
5552.0
  1
\pxqc;W
  0
XRECORD
  5
D2A
102
{ACAD_REACTORS
330
D29
102
}
330
D29
100
AcDbXrecord
280
     1
 40
5552.0
  1
\pxqc;W
  0
DIMASSOC
  5
B72
102
{ACAD_REACTORS
330
B71
102
}
330
B71
100
AcDbDimAssoc
330
B70
 90
        3
 70
     0
 71
     0
  1
AcDbOsnapPointRef
 72
     1
331
B40
 73
     2
 91
        0
 40
1.0
 10
346.4902455136353
 20
-148.5218737377899
 30
0.0
 75
     0
  1
AcDbOsnapPointRef
 72
     2
331
B40
 73
     2
 91
        0
 40
0.5
 10
346.4902455136353
 20
-178.52187373779
 30
0.0
 75
     0
  0
DIMASSOC
  5
B75
102
{ACAD_REACTORS
330
B74
102
}
330
B74
100
AcDbDimAssoc
330
B73
 90
        3
 70
     0
 71
     0
  1
AcDbOsnapPointRef
 72
     8
331
AF7
 73
     2
 91
        0
 40
0.1179812346082348
 10
6.022682043010718
 20
301.47812626221
 30
0.0
 75
     1
  1
AcDbOsnapPointRef
 72
     0
 40
0.0
 10
6.022682043010718
 20
301.47812626221
 30
0.0
 75
     0
  1
AcDbOsnapPointRef
 72
     8
331
B43
 73
     2
 91
        0
 40
0.9445886067972242
 10
6.022682043010718
 20
211.4781262622101
 30
0.0
 75
     1
  1
AcDbOsnapPointRef
 72
     8
331
AF7
 73
     2
 91
        0
 40
0.1179812346082348
 10
6.022682043010718
 20
301.47812626221
 30
0.0
 75
     1
  1
AcDbOsnapPointRef
 72
     0
 40
0.0
 10
6.022682043010718
 20
301.47812626221
 30
0.0
 75
     0
  0
DIMASSOC
  5
B78
102
{ACAD_REACTORS
330
B77
102
}
330
B77
100
AcDbDimAssoc
330
B76
 90
        3
 70
     0
 71
     0
  1
AcDbOsnapPointRef
 72
     1
331
B19
 73
     2
 91
        0
 40
1.0
 10
-31.50975448636473
 20
211.4781262622101
 30
0.0
 75
     0
  1
AcDbOsnapPointRef
 72
     1
331
B1A
 73
     2
 91
        0
 40
1.0
 10
-6.509754486364727
 20
211.4781262622101
 30
0.0
 75
     0
  0
XRECORD
  5
D2C
102
{ACAD_REACTORS
330
D2B
102
}
330
D2B
100
AcDbXrecord
280
     1
 40
6731.0
  1
\pxqc;UP
  0
DIMASSOC
  5
B7C
102
{ACAD_REACTORS
330
B7B
102
}
330
B7B
100
AcDbDimAssoc
330
B7A
 90
        3
 70
     0
 71
     0
  1
AcDbOsnapPointRef
 72
    13
331
B6E
 73
     2
 91
        0
 40
0.0
 10
46.49024551363527
 20
-208.52187373779
 30
0.0
 75
     0
  1
AcDbOsnapPointRef
 72
    13
331
B40
 73
     2
 91
        0
 40
0.0
 10
346.4902455136353
 20
-208.52187373779
 30
0.0
 75
     0
  0
ACDBDETAILVIEWSTYLE
  5
1AC
102
{ACAD_XDICTIONARY
360
D68
102
}
102
{ACAD_REACTORS
330
1AB
102
}
330
1AB
100
AcDbModelDocViewStyle
 70
     0
  3
Imperial24
290
     0
100
AcDbDetailViewStyle
 70
     0
 71
     0
 90
        3
 71
     1
340
11
 62
   256
 40
0.24
340
0
 62
   256
 40
0.24
300

 40
0.36
280
     3
 71
     2
340
16
 90
       25
 62
   256
 71
     3
340
11
 62
   256
 40
0.24
 90
        1
 40
0.75
 90
        1
300
%<\AcVar ViewType \f "%tc1">% %<\AcVar ViewDetailId>%\PSCALE %<\AcVar ViewScale \f "%sn">%
 71
     4
340
16
 90
       25
 62
   256
340
16
 90
       25
 62
   256
280
     0
  0
LAYOUT
  5
59
102
{ACAD_REACTORS
330
1A
102
}
330
1A
100
AcDbPlotSettings
  1

  2
None
  4

  6

 40
0.0
 41
0.0
 42
0.0
 43
0.0
 44
0.0
 45
0.0
 46
0.0
 47
0.0
 48
0.0
 49
0.0
140
0.0
141
0.0
142
1.0
143
1.0
 70
   688
 72
     0
 73
     0
 74
     5
  7

 75
    16
147
1.0
 76
     0
 77
     2
 78
   300
148
0.0
149
0.0
100
AcDbLayout
  1
Layout1
 70
     1
 71
     1
 10
0.0
 20
0.0
 11
12.0
 21
9.0
 12
0.0
 22
0.0
 32
0.0
 14
0.0
 24
0.0
 34
0.0
 15
0.0
 25
0.0
 35
0.0
146
0.0
 13
0.0
 23
0.0
 33
0.0
 16
1.0
 26
0.0
 36
0.0
 17
0.0
 27
1.0
 37
0.0
 76
     0
330
58
  0
LAYOUT
  5
5E
102
{ACAD_REACTORS
330
1A
102
}
330
1A
100
AcDbPlotSettings
  1

  2
None
  4

  6

 40
0.0
 41
0.0
 42
0.0
 43
0.0
 44
0.0
 45
0.0
 46
0.0
 47
0.0
 48
0.0
 49
0.0
140
0.0
141
0.0
142
1.0
143
1.0
 70
   688
 72
     0
 73
     0
 74
     5
  7

 75
    16
147
1.0
 76
     0
 77
     2
 78
   300
148
0.0
149
0.0
100
AcDbLayout
  1
Layout2
 70
     1
 71
     2
 10
0.0
 20
0.0
 11
12.0
 21
9.0
 12
0.0
 22
0.0
 32
0.0
 14
0.0
 24
0.0
 34
0.0
 15
0.0
 25
0.0
 35
0.0
146
0.0
 13
0.0
 23
0.0
 33
0.0
 16
1.0
 26
0.0
 36
0.0
 17
0.0
 27
1.0
 37
0.0
 76
     0
330
5D
  0
LAYOUT
  5
22
102
{ACAD_XDICTIONARY
360
194
102
}
102
{ACAD_REACTORS
330
1A
102
}
330
1A
100
AcDbPlotSettings
  1

  2
none_device
  4
ANSI_A_(8.50_x_11.00_Inches)
  6

 40
6.349999904632568
 41
19.04999923706055
 42
6.350006103515625
 43
19.04998779296875
 44
215.8999938964844
 45
279.3999938964844
 46
0.0
 47
0.0
 48
0.0
 49
0.0
140
0.0
141
0.0
142
1.0
143
2.584895464708373
 70
 11952
 72
     0
 73
     1
 74
     0
  7

 75
     0
147
0.3868628397755418
 76
     0
 77
     2
 78
   300
148
0.0
149
0.0
100
AcDbLayout
  1
Model
 70
     1
 71
     0
 10
0.0
 20
0.0
 11
12.0
 21
9.0
 12
0.0
 22
0.0
 32
0.0
 14
0.0
 24
0.0
 34
0.0
 15
0.0
 25
0.0
 35
0.0
146
0.0
 13
0.0
 23
0.0
 33
0.0
 16
1.0
 26
0.0
 36
0.0
 17
0.0
 27
1.0
 37
0.0
 76
     0
330
1F
331
94
  0
MATERIAL
  5
97
102
{ACAD_XDICTIONARY
360
188
102
}
102
{ACAD_REACTORS
330
72
102
}
330
72
100
AcDbMaterial
  1
ByBlock
 94
       63
  0
MATERIAL
  5
96
102
{ACAD_XDICTIONARY
360
186
102
}
102
{ACAD_REACTORS
330
72
102
}
330
72
100
AcDbMaterial
  1
ByLayer
 94
       63
  0
MATERIAL
  5
98
102
{ACAD_XDICTIONARY
360
110
102
}
102
{ACAD_REACTORS
330
72
102
}
330
72
100
AcDbMaterial
  1
Global
 43
0.0208000000566244
 43
0.0
 43
0.0
 43
0.0
 43
0.0
 43
0.0208000000566244
 43
0.0
 43
0.0
 43
0.0
 43
0.0
 43
1.0
 43
0.0
 43
0.0
 43
0.0
 43
0.0
 43
1.0
 49
0.0208000000566244
 49
0.0
 49
0.0
 49
0.0
 49
0.0
 49
0.0208000000566244
 49
0.0
 49
0.0
 49
0.0
 49
0.0
 49
1.0
 49
0.0
 49
0.0
 49
0.0
 49
0.0
 49
1.0
142
0.0208000000566244
142
0.0
142
0.0
142
0.0
142
0.0
142
0.0208000000566244
142
0.0
142
0.0
142
0.0
142
0.0
142
1.0
142
0.0
142
0.0
142
0.0
142
0.0
142
1.0
144
0.0208000000566244
144
0.0
144
0.0
144
0.0
144
0.0
144
0.0208000000566244
144
0.0
144
0.0
144
0.0
144
0.0
144
1.0
144
0.0
144
0.0
144
0.0
144
0.0
144
1.0
 94
       63
1001
ACAD
1070
    -1
1070
     3
1070
     0
1000

1071
        0
1070
     0
  0
MLEADERSTYLE
  5
E5
102
{ACAD_REACTORS
330
D7
102
}
330
D7
100
AcDbMLeaderStyle
179
     2
170
     2
171
     1
172
     0
 90
        2
 40
0.0
 41
0.0
173
     1
 91
-1056964608
340
14
 92
       -2
290
     1
 42
0.09
291
     1
 43
0.36
  3
Standard
 44
0.18
300

342
11
174
     1
178
     1
175
     1
176
     0
 93
-1056964608
 45
0.18
292
     0
297
     0
 46
0.18
 94
-1056964608
 47
1.0
 49
1.0
140
1.0
293
     1
141
0.0
294
     1
177
     0
142
1.0
295
     0
296
     1
143
0.125
271
     0
272
     9
273
     9
  0
MLEADERSTYLE
  5
D8
102
{ACAD_REACTORS
330
D7
102
}
330
D7
100
AcDbMLeaderStyle
179
     2
170
     2
171
     1
172
     0
 90
        2
 40
0.0
 41
0.0
173
     1
 91
-1056964608
340
14
 92
       -2
290
     1
 42
0.09
291
     1
 43
0.36
  3
Standard
 44
0.18
300

342
11
174
     1
178
     1
175
     1
176
     0
 93
-1056964608
 45
0.18
292
     0
297
     0
 46
0.18
 94
-1056964608
 47
1.0
 49
1.0
140
1.0
293
     1
141
0.0
294
     1
177
     0
142
1.0
295
     0
296
     0
143
0.125
271
     0
272
     9
273
     9
  0
MLINESTYLE
  5
18
102
{ACAD_REACTORS
330
17
102
}
330
17
100
AcDbMlineStyle
  2
STANDARD
 70
     0
  3

 62
   256
 51
90.0
 52
90.0
 71
     2
 49
0.5
 62
   256
  6
BYLAYER
 49
-0.5
 62
   256
  6
BYLAYER
  0
ACDBPLACEHOLDER
  5
F
102
{ACAD_REACTORS
330
E
102
}
330
E
  0
SCALE
  5
B7
102
{ACAD_REACTORS
330
B6
102
}
330
B6
100
AcDbScale
 70
     0
300
1:1
140
1.0
141
1.0
290
     1
  0
SCALE
  5
124
102
{ACAD_REACTORS
330
B6
102
}
330
B6
100
AcDbScale
 70
     0
300
1:2
140
1.0
141
2.0
290
     0
  0
SCALE
  5
125
102
{ACAD_REACTORS
330
B6
102
}
330
B6
100
AcDbScale
 70
     0
300
1:4
140
1.0
141
4.0
290
     0
  0
SCALE
  5
126
102
{ACAD_REACTORS
330
B6
102
}
330
B6
100
AcDbScale
 70
     0
300
1:5
140
1.0
141
5.0
290
     0
  0
SCALE
  5
127
102
{ACAD_REACTORS
330
B6
102
}
330
B6
100
AcDbScale
 70
     0
300
1:8
140
1.0
141
8.0
290
     0
  0
SCALE
  5
128
102
{ACAD_REACTORS
330
B6
102
}
330
B6
100
AcDbScale
 70
     0
300
1:10
140
1.0
141
10.0
290
     0
  0
SCALE
  5
129
102
{ACAD_REACTORS
330
B6
102
}
330
B6
100
AcDbScale
 70
     0
300
1:16
140
1.0
141
16.0
290
     0
  0
SCALE
  5
12A
102
{ACAD_REACTORS
330
B6
102
}
330
B6
100
AcDbScale
 70
     0
300
1:20
140
1.0
141
20.0
290
     0
  0
SCALE
  5
12B
102
{ACAD_REACTORS
330
B6
102
}
330
B6
100
AcDbScale
 70
     0
300
1:30
140
1.0
141
30.0
290
     0
  0
SCALE
  5
12C
102
{ACAD_REACTORS
330
B6
102
}
330
B6
100
AcDbScale
 70
     0
300
1:40
140
1.0
141
40.0
290
     0
  0
SCALE
  5
12D
102
{ACAD_REACTORS
330
B6
102
}
330
B6
100
AcDbScale
 70
     0
300
1:50
140
1.0
141
50.0
290
     0
  0
SCALE
  5
12E
102
{ACAD_REACTORS
330
B6
102
}
330
B6
100
AcDbScale
 70
     0
300
1:100
140
1.0
141
100.0
290
     0
  0
SCALE
  5
12F
102
{ACAD_REACTORS
330
B6
102
}
330
B6
100
AcDbScale
 70
     0
300
2:1
140
2.0
141
1.0
290
     0
  0
SCALE
  5
130
102
{ACAD_REACTORS
330
B6
102
}
330
B6
100
AcDbScale
 70
     0
300
4:1
140
4.0
141
1.0
290
     0
  0
SCALE
  5
131
102
{ACAD_REACTORS
330
B6
102
}
330
B6
100
AcDbScale
 70
     0
300
8:1
140
8.0
141
1.0
290
     0
  0
SCALE
  5
132
102
{ACAD_REACTORS
330
B6
102
}
330
B6
100
AcDbScale
 70
     0
300
10:1
140
10.0
141
1.0
290
     0
  0
SCALE
  5
133
102
{ACAD_REACTORS
330
B6
102
}
330
B6
100
AcDbScale
 70
     0
300
100:1
140
100.0
141
1.0
290
     0
  0
SCALE
  5
134
102
{ACAD_REACTORS
330
B6
102
}
330
B6
100
AcDbScale
 70
     0
300
1/128" = 1'-0"
140
0.0078125
141
12.0
290
     0
  0
SCALE
  5
135
102
{ACAD_REACTORS
330
B6
102
}
330
B6
100
AcDbScale
 70
     0
300
1/64" = 1'-0"
140
0.015625
141
12.0
290
     0
  0
SCALE
  5
136
102
{ACAD_REACTORS
330
B6
102
}
330
B6
100
AcDbScale
 70
     0
300
1/32" = 1'-0"
140
0.03125
141
12.0
290
     0
  0
SCALE
  5
137
102
{ACAD_REACTORS
330
B6
102
}
330
B6
100
AcDbScale
 70
     0
300
1/16" = 1'-0"
140
0.0625
141
12.0
290
     0
  0
SCALE
  5
138
102
{ACAD_REACTORS
330
B6
102
}
330
B6
100
AcDbScale
 70
     0
300
3/32" = 1'-0"
140
0.09375
141
12.0
290
     0
  0
SCALE
  5
139
102
{ACAD_REACTORS
330
B6
102
}
330
B6
100
AcDbScale
 70
     0
300
1/8" = 1'-0"
140
0.125
141
12.0
290
     0
  0
SCALE
  5
13A
102
{ACAD_REACTORS
330
B6
102
}
330
B6
100
AcDbScale
 70
     0
300
3/16" = 1'-0"
140
0.1875
141
12.0
290
     0
  0
SCALE
  5
13B
102
{ACAD_REACTORS
330
B6
102
}
330
B6
100
AcDbScale
 70
     0
300
1/4" = 1'-0"
140
0.25
141
12.0
290
     0
  0
SCALE
  5
13C
102
{ACAD_REACTORS
330
B6
102
}
330
B6
100
AcDbScale
 70
     0
300
3/8" = 1'-0"
140
0.375
141
12.0
290
     0
  0
SCALE
  5
13D
102
{ACAD_REACTORS
330
B6
102
}
330
B6
100
AcDbScale
 70
     0
300
1/2" = 1'-0"
140
0.5
141
12.0
290
     0
  0
SCALE
  5
13E
102
{ACAD_REACTORS
330
B6
102
}
330
B6
100
AcDbScale
 70
     0
300
3/4" = 1'-0"
140
0.75
141
12.0
290
     0
  0
SCALE
  5
13F
102
{ACAD_REACTORS
330
B6
102
}
330
B6
100
AcDbScale
 70
     0
300
1" = 1'-0"
140
1.0
141
12.0
290
     0
  0
SCALE
  5
140
102
{ACAD_REACTORS
330
B6
102
}
330
B6
100
AcDbScale
 70
     0
300
1-1/2" = 1'-0"
140
1.5
141
12.0
290
     0
  0
SCALE
  5
141
102
{ACAD_REACTORS
330
B6
102
}
330
B6
100
AcDbScale
 70
     0
300
3" = 1'-0"
140
3.0
141
12.0
290
     0
  0
SCALE
  5
142
102
{ACAD_REACTORS
330
B6
102
}
330
B6
100
AcDbScale
 70
     0
300
6" = 1'-0"
140
6.0
141
12.0
290
     0
  0
SCALE
  5
143
102
{ACAD_REACTORS
330
B6
102
}
330
B6
100
AcDbScale
 70
     0
300
1'-0" = 1'-0"
140
12.0
141
12.0
290
     0
  0
ACDBSECTIONVIEWSTYLE
  5
1AA
102
{ACAD_XDICTIONARY
360
D66
102
}
102
{ACAD_REACTORS
330
1A8
102
}
330
1A8
100
AcDbModelDocViewStyle
 70
     0
  3
Imperial24
290
     0
100
AcDbSectionViewStyle
 70
     0
 71
     0
 90
       78
 71
     1
340
11
 62
   256
 40
0.24
340
0
340
0
 62
   256
 40
0.24
300
I, O, Q, S, X, Z
 40
0.48
 90
        3
 40
0.18
 90
        1
 71
     2
340
16
 90
       25
 62
   256
340
16
 90
       50
 62
   256
 40
0.24
 40
0.0
 40
0.24
 71
     3
340
11
 62
   256
 40
0.24
 90
        1
 40
0.75
 90
        1
300
%<\AcVar ViewType \f "%tc1">% %<\AcVar ViewSectionStartId>%-%<\AcVar ViewSectionEndId>%\PSCALE %<\AcVar ViewScale \f "%sn">%
 71
     4
 62
   256
 62
   257
300
ANSI31
 40
1.0
 90
        0
290
     0
290
     0
 90
        6
 40
0.0
 40
1.570796326794896
 40
0.2617993877991494
 40
1.308996938995747
 40
-0.2617993877991494
 40
1.832595714594046
  0
TABLESTYLE
  5
87
102
{ACAD_XDICTIONARY
360
104
102
}
102
{ACAD_REACTORS
330
86
102
}
330
86
100
AcDbTableStyle
280
     0
  3
Standard
 70
     0
 71
     0
 40
0.06
 41
0.06
280
     0
281
     0
  7
Standard
140
0.18
170
     2
 62
     0
 63
     7
283
     0
 90
      512
 91
        0
  1

274
    -2
284
     1
 64
     0
275
    -2
285
     1
 65
     0
276
    -2
286
     1
 66
     0
277
    -2
287
     1
 67
     0
278
    -2
288
     1
 68
     0
279
    -2
289
     1
 69
     0
  7
Standard
140
0.25
170
     5
 62
     0
 63
     7
283
     0
 90
      512
 91
        0
  1

274
    -2
284
     1
 64
     0
275
    -2
285
     1
 65
     0
276
    -2
286
     1
 66
     0
277
    -2
287
     1
 67
     0
278
    -2
288
     1
 68
     0
279
    -2
289
     1
 69
     0
  7
Standard
140
0.18
170
     5
 62
     0
 63
     7
283
     0
 90
      512
 91
        0
  1

274
    -2
284
     1
 64
     0
275
    -2
285
     1
 65
     0
276
    -2
286
     1
 66
     0
277
    -2
287
     1
 67
     0
278
    -2
288
     1
 68
     0
279
    -2
289
     1
 69
     0
  0
VISUALSTYLE
  5
9F
102
{ACAD_XDICTIONARY
360
D40
102
}
102
{ACAD_REACTORS
330
99
102
}
330
99
100
AcDbVisualStyle
  2
2dWireframe
 70
     4
177
     2
291
     0
 71
     0
176
     1
 72
     2
176
     1
 73
     1
176
     1
 90
        0
176
     1
 40
0.6
176
     1
 41
30.0
176
     1
 63
     7
421
 16777215
176
     1
 74
     1
176
     1
 91
        4
176
     1
 64
     7
176
     1
 65
   257
176
     1
 75
     1
176
     1
175
     1
176
     1
 42
1.0
176
     1
 92
        0
176
     1
 66
   257
176
     1
 43
1.0
176
     1
 76
     1
176
     1
 77
     6
176
     1
 78
     2
176
     1
 67
     7
176
     1
 79
     5
176
     1
170
     0
176
     1
171
     0
176
     1
290
     0
176
     1
 93
        1
176
     1
 44
0.0
176
     1
173
     0
176
     1
1001
ACAD
1000
AcDbSavedByObjectVersion
1070
     0
  0
VISUALSTYLE
  5
9E
102
{ACAD_XDICTIONARY
360
D3E
102
}
102
{ACAD_REACTORS
330
99
102
}
330
99
100
AcDbVisualStyle
  2
Basic
 70
     7
177
     2
291
     1
 71
     1
176
     1
 72
     0
176
     1
 73
     1
176
     1
 90
        0
176
     1
 40
0.6
176
     1
 41
30.0
176
     1
 63
     7
421
 16777215
176
     1
 74
     0
176
     1
 91
        4
176
     1
 64
     7
176
     1
 65
   257
176
     1
 75
     1
176
     1
175
     1
176
     1
 42
1.0
176
     1
 92
        8
176
     1
 66
     7
176
     1
 43
1.0
176
     1
 76
     1
176
     1
 77
     6
176
     1
 78
     2
176
     1
 67
     7
176
     1
 79
     5
176
     1
170
     0
176
     1
171
     0
176
     1
290
     0
176
     1
 93
        1
176
     1
 44
0.0
176
     1
173
     0
176
     1
1001
ACAD
1000
AcDbSavedByObjectVersion
1070
     0
  0
VISUALSTYLE
  5
A5
102
{ACAD_XDICTIONARY
360
D4C
102
}
102
{ACAD_REACTORS
330
99
102
}
330
99
100
AcDbVisualStyle
  2
Brighten
 70
    12
177
     2
291
     1
 71
     2
176
     1
 72
     2
176
     1
 73
     1
176
     1
 90
        0
176
     1
 40
0.6
176
     1
 41
30.0
176
     1
 63
     7
421
 16777215
176
     1
 74
     1
176
     1
 91
        4
176
     1
 64
     7
176
     1
 65
   257
176
     1
 75
     1
176
     1
175
     1
176
     1
 42
1.0
176
     1
 92
        8
176
     1
 66
     7
176
     1
 43
1.0
176
     1
 76
     1
176
     1
 77
     6
176
     1
 78
     2
176
     1
 67
     7
176
     1
 79
     5
176
     1
170
     0
176
     1
171
     0
176
     1
290
     0
176
     1
 93
        1
176
     1
 44
50.0
176
     1
173
     0
176
     1
1001
ACAD
1000
AcDbSavedByObjectVersion
1070
     0
  0
VISUALSTYLE
  5
A9
102
{ACAD_XDICTIONARY
360
D54
102
}
102
{ACAD_REACTORS
330
99
102
}
330
99
100
AcDbVisualStyle
  2
ColorChange
 70
    16
177
     2
291
     1
 71
     2
176
     1
 72
     2
176
     1
 73
     3
176
     1
 90
        0
176
     1
 40
0.6
176
     1
 41
30.0
176
     1
 63
     8
421
  8421504
176
     1
 74
     1
176
     1
 91
        4
176
     1
 64
     7
176
     1
 65
   257
176
     1
 75
     1
176
     1
175
     1
176
     1
 42
1.0
176
     1
 92
        8
176
     1
 66
     8
424
  8421504
176
     1
 43
1.0
176
     1
 76
     1
176
     1
 77
     6
176
     1
 78
     2
176
     1
 67
     7
176
     1
 79
     5
176
     1
170
     0
176
     1
171
     0
176
     1
290
     0
176
     1
 93
        1
176
     1
 44
0.0
176
     1
173
     0
176
     1
1001
ACAD
1000
AcDbSavedByObjectVersion
1070
     0
  0
VISUALSTYLE
  5
A2
102
{ACAD_XDICTIONARY
360
D46
102
}
102
{ACAD_REACTORS
330
99
102
}
330
99
100
AcDbVisualStyle
  2
Conceptual
 70
     9
177
     2
291
     0
 71
     3
176
     1
 72
     2
176
     1
 73
     1
176
     1
 90
        0
176
     1
 40
0.6
176
     1
 41
30.0
176
     1
 63
     7
421
 16777215
176
     1
 74
     2
176
     1
 91
        2
176
     1
 64
     7
176
     1
 65
   257
176
     1
 75
     1
176
     1
175
     1
176
     1
 42
40.0
176
     1
 92
        8
176
     1
 66
     7
176
     1
 43
1.0
176
     1
 76
     1
176
     1
 77
     6
176
     1
 78
     2
176
     1
 67
     7
176
     1
 79
     3
176
     1
170
     0
176
     1
171
     0
176
     1
290
     0
176
     1
 93
        1
176
     1
 44
0.0
176
     1
173
     0
176
     1
1001
ACAD
1000
AcDbSavedByObjectVersion
1070
     0
  0
VISUALSTYLE
  5
A4
102
{ACAD_XDICTIONARY
360
D4A
102
}
102
{ACAD_REACTORS
330
99
102
}
330
99
100
AcDbVisualStyle
  2
Dim
 70
    11
177
     2
291
     1
 71
     2
176
     1
 72
     2
176
     1
 73
     1
176
     1
 90
        0
176
     1
 40
0.6
176
     1
 41
30.0
176
     1
 63
     7
421
 16777215
176
     1
 74
     1
176
     1
 91
        4
176
     1
 64
     7
176
     1
 65
   257
176
     1
 75
     1
176
     1
175
     1
176
     1
 42
1.0
176
     1
 92
        8
176
     1
 66
     7
176
     1
 43
1.0
176
     1
 76
     1
176
     1
 77
     6
176
     1
 78
     2
176
     1
 67
     7
176
     1
 79
     5
176
     1
170
     0
176
     1
171
     0
176
     1
290
     0
176
     1
 93
        1
176
     1
 44
-50.0
176
     1
173
     0
176
     1
1001
ACAD
1000
AcDbSavedByObjectVersion
1070
     0
  0
VISUALSTYLE
  5
175
102
{ACAD_XDICTIONARY
360
D5A
102
}
102
{ACAD_REACTORS
330
99
102
}
330
99
100
AcDbVisualStyle
  2
EdgeColorOff
 70
    22
177
     2
291
     1
 71
     2
176
     0
 72
     2
176
     0
 73
     0
176
     0
 90
        0
176
     0
 40
0.6
176
     0
 41
30.0
176
     0
 63
     7
421
 16777215
176
     0
 74
     1
176
     0
 91
        4
176
     0
 64
     7
176
     0
 65
   257
176
     0
 75
     1
176
     0
175
     1
176
     0
 42
1.0
176
     0
 92
        8
176
     2
 66
     7
176
     0
 43
1.0
176
     0
 76
     1
176
     0
 77
     6
176
     0
 78
     2
176
     0
 67
     7
176
     0
 79
     5
176
     0
170
     0
176
     0
171
     0
176
     0
290
     0
176
     0
 93
        1
176
     0
 44
0.0
176
     0
173
     0
176
     0
1001
ACAD
1000
AcDbSavedByObjectVersion
1070
     0
  0
VISUALSTYLE
  5
A8
102
{ACAD_XDICTIONARY
360
D52
102
}
102
{ACAD_REACTORS
330
99
102
}
330
99
100
AcDbVisualStyle
  2
Facepattern
 70
    15
177
     2
291
     1
 71
     2
176
     1
 72
     2
176
     1
 73
     1
176
     1
 90
        0
176
     1
 40
0.6
176
     1
 41
30.0
176
     1
 63
     7
421
 16777215
176
     1
 74
     1
176
     1
 91
        4
176
     1
 64
     7
176
     1
 65
   257
176
     1
 75
     1
176
     1
175
     1
176
     1
 42
1.0
176
     1
 92
        8
176
     1
 66
     7
176
     1
 43
1.0
176
     1
 76
     1
176
     1
 77
     6
176
     1
 78
     2
176
     1
 67
     7
176
     1
 79
     5
176
     1
170
     0
176
     1
171
     0
176
     1
290
     0
176
     1
 93
        1
176
     1
 44
0.0
176
     1
173
     0
176
     1
1001
ACAD
1000
AcDbSavedByObjectVersion
1070
     0
  0
VISUALSTYLE
  5
9A
102
{ACAD_XDICTIONARY
360
D36
102
}
102
{ACAD_REACTORS
330
99
102
}
330
99
100
AcDbVisualStyle
  2
Flat
 70
     0
177
     2
291
     1
 71
     2
176
     1
 72
     1
176
     1
 73
     1
176
     1
 90
        2
176
     1
 40
0.6
176
     1
 41
30.0
176
     1
 63
     7
421
 16777215
176
     1
 74
     0
176
     1
 91
        0
176
     1
 64
     7
176
     1
 65
   257
176
     1
 75
     1
176
     1
175
     1
176
     1
 42
1.0
176
     1
 92
        8
176
     1
 66
     7
176
     1
 43
1.0
176
     1
 76
     1
176
     1
 77
     6
176
     1
 78
     2
176
     1
 67
     7
176
     1
 79
     5
176
     1
170
     0
176
     1
171
     0
176
     1
290
     0
176
     1
 93
       13
176
     1
 44
0.0
176
     1
173
     0
176
     1
1001
ACAD
1000
AcDbSavedByObjectVersion
1070
     0
  0
VISUALSTYLE
  5
9B
102
{ACAD_XDICTIONARY
360
D38
102
}
102
{ACAD_REACTORS
330
99
102
}
330
99
100
AcDbVisualStyle
  2
FlatWithEdges
 70
     1
177
     2
291
     1
 71
     2
176
     1
 72
     1
176
     1
 73
     1
176
     1
 90
        2
176
     1
 40
0.6
176
     1
 41
30.0
176
     1
 63
     7
421
 16777215
176
     1
 74
     1
176
     1
 91
        0
176
     1
 64
     7
176
     1
 65
   257
176
     1
 75
     1
176
     1
175
     1
176
     1
 42
1.0
176
     1
 92
        0
176
     1
 66
   257
176
     1
 43
1.0
176
     1
 76
     1
176
     1
 77
     6
176
     1
 78
     2
176
     1
 67
     7
176
     1
 79
     5
176
     1
170
     0
176
     1
171
     0
176
     1
290
     0
176
     1
 93
       13
176
     1
 44
0.0
176
     1
173
     0
176
     1
1001
ACAD
1000
AcDbSavedByObjectVersion
1070
     0
  0
VISUALSTYLE
  5
9C
102
{ACAD_XDICTIONARY
360
D3A
102
}
102
{ACAD_REACTORS
330
99
102
}
330
99
100
AcDbVisualStyle
  2
Gouraud
 70
     2
177
     2
291
     1
 71
     2
176
     1
 72
     2
176
     1
 73
     1
176
     1
 90
        2
176
     1
 40
0.6
176
     1
 41
30.0
176
     1
 63
     7
421
 16777215
176
     1
 74
     0
176
     1
 91
        0
176
     1
 64
     7
176
     1
 65
   257
176
     1
 75
     1
176
     1
175
     1
176
     1
 42
1.0
176
     1
 92
        0
176
     1
 66
     7
176
     1
 43
1.0
176
     1
 76
     1
176
     1
 77
     6
176
     1
 78
     2
176
     1
 67
     7
176
     1
 79
     5
176
     1
170
     0
176
     1
171
     0
176
     1
290
     0
176
     1
 93
       13
176
     1
 44
0.0
176
     1
173
     0
176
     1
1001
ACAD
1000
AcDbSavedByObjectVersion
1070
     0
  0
VISUALSTYLE
  5
9D
102
{ACAD_XDICTIONARY
360
D3C
102
}
102
{ACAD_REACTORS
330
99
102
}
330
99
100
AcDbVisualStyle
  2
GouraudWithEdges
 70
     3
177
     2
291
     1
 71
     2
176
     1
 72
     2
176
     1
 73
     1
176
     1
 90
        2
176
     1
 40
0.6
176
     1
 41
30.0
176
     1
 63
     7
421
 16777215
176
     1
 74
     1
176
     1
 91
        0
176
     1
 64
     7
176
     1
 65
   257
176
     1
 75
     1
176
     1
175
     1
176
     1
 42
1.0
176
     1
 92
        0
176
     1
 66
   257
176
     1
 43
1.0
176
     1
 76
     1
176
     1
 77
     6
176
     1
 78
     2
176
     1
 67
     7
176
     1
 79
     5
176
     1
170
     0
176
     1
171
     0
176
     1
290
     0
176
     1
 93
       13
176
     1
 44
0.0
176
     1
173
     0
176
     1
1001
ACAD
1000
AcDbSavedByObjectVersion
1070
     0
  0
VISUALSTYLE
  5
A1
102
{ACAD_XDICTIONARY
360
D44
102
}
102
{ACAD_REACTORS
330
99
102
}
330
99
100
AcDbVisualStyle
  2
Hidden
 70
     6
177
     2
291
     0
 71
     1
176
     1
 72
     2
176
     1
 73
     2
176
     1
 90
        0
176
     1
 40
0.6
176
     1
 41
30.0
176
     1
 63
     7
421
 16777215
176
     1
 74
     2
176
     1
 91
        2
176
     1
 64
     7
176
     1
 65
   257
176
     1
 75
     2
176
     1
175
     1
176
     1
 42
40.0
176
     1
 92
        0
176
     1
 66
   257
176
     1
 43
1.0
176
     1
 76
     1
176
     1
 77
     6
176
     1
 78
     2
176
     1
 67
     7
176
     1
 79
     3
176
     1
170
     0
176
     1
171
     0
176
     1
290
     0
176
     1
 93
        1
176
     1
 44
0.0
176
     1
173
     0
176
     1
1001
ACAD
1000
AcDbSavedByObjectVersion
1070
     0
  0
VISUALSTYLE
  5
173
102
{ACAD_XDICTIONARY
360
D56
102
}
102
{ACAD_REACTORS
330
99
102
}
330
99
100
AcDbVisualStyle
  2
JitterOff
 70
    20
177
     2
291
     1
 71
     2
176
     0
 72
     2
176
     0
 73
     0
176
     0
 90
        0
176
     0
 40
0.6
176
     0
 41
30.0
176
     0
 63
     7
421
 16777215
176
     0
 74
     1
176
     0
 91
        4
176
     0
 64
     7
176
     0
 65
   257
176
     0
 75
     1
176
     0
175
     1
176
     0
 42
1.0
176
     0
 92
       10
176
     2
 66
     7
176
     0
 43
1.0
176
     0
 76
     1
176
     0
 77
     6
176
     0
 78
     2
176
     0
 67
     7
176
     0
 79
     5
176
     0
170
     0
176
     0
171
     0
176
     0
290
     0
176
     0
 93
        1
176
     0
 44
0.0
176
     0
173
     0
176
     0
1001
ACAD
1000
AcDbSavedByObjectVersion
1070
     0
  0
VISUALSTYLE
  5
A7
102
{ACAD_XDICTIONARY
360
D50
102
}
102
{ACAD_REACTORS
330
99
102
}
330
99
100
AcDbVisualStyle
  2
Linepattern
 70
    14
177
     2
291
     1
 71
     2
176
     1
 72
     2
176
     1
 73
     1
176
     1
 90
        0
176
     1
 40
0.6
176
     1
 41
30.0
176
     1
 63
     7
421
 16777215
176
     1
 74
     1
176
     1
 91
        4
176
     1
 64
     7
176
     1
 65
   257
176
     1
 75
     7
176
     1
175
     7
176
     1
 42
1.0
176
     1
 92
        8
176
     1
 66
     7
176
     1
 43
1.0
176
     1
 76
     1
176
     1
 77
     6
176
     1
 78
     2
176
     1
 67
     7
176
     1
 79
     5
176
     1
170
     0
176
     1
171
     0
176
     1
290
     0
176
     1
 93
        1
176
     1
 44
0.0
176
     1
173
     0
176
     1
1001
ACAD
1000
AcDbSavedByObjectVersion
1070
     0
  0
VISUALSTYLE
  5
174
102
{ACAD_XDICTIONARY
360
D58
102
}
102
{ACAD_REACTORS
330
99
102
}
330
99
100
AcDbVisualStyle
  2
OverhangOff
 70
    21
177
     2
291
     1
 71
     2
176
     0
 72
     2
176
     0
 73
     0
176
     0
 90
        0
176
     0
 40
0.6
176
     0
 41
30.0
176
     0
 63
     7
421
 16777215
176
     0
 74
     1
176
     0
 91
        4
176
     0
 64
     7
176
     0
 65
   257
176
     0
 75
     1
176
     0
175
     1
176
     0
 42
1.0
176
     0
 92
        9
176
     2
 66
     7
176
     0
 43
1.0
176
     0
 76
     1
176
     0
 77
     6
176
     0
 78
     2
176
     0
 67
     7
176
     0
 79
     5
176
     0
170
     0
176
     0
171
     0
176
     0
290
     0
176
     0
 93
        1
176
     0
 44
0.0
176
     0
173
     0
176
     0
1001
ACAD
1000
AcDbSavedByObjectVersion
1070
     0
  0
VISUALSTYLE
  5
A3
102
{ACAD_XDICTIONARY
360
D48
102
}
102
{ACAD_REACTORS
330
99
102
}
330
99
100
AcDbVisualStyle
  2
Realistic
 70
     8
177
     2
291
     0
 71
     2
176
     1
 72
     3
176
     1
 73
     0
176
     1
 90
        2
176
     1
 40
0.6
176
     1
 41
30.0
176
     1
 63
     7
421
 16777215
176
     1
 74
     0
176
     1
 91
        0
176
     1
 64
     7
176
     1
 65
   257
176
     1
 75
     1
176
     1
175
     1
176
     1
 42
1.0
176
     1
 92
        8
176
     1
 66
   257
176
     1
 43
1.0
176
     1
 76
     1
176
     1
 77
     6
176
     1
 78
     2
176
     1
 67
     7
176
     1
 79
     3
176
     1
170
     0
176
     1
171
     0
176
     1
290
     0
176
     1
 93
       13
176
     1
 44
0.0
176
     1
173
     0
176
     1
1001
ACAD
1000
AcDbSavedByObjectVersion
1070
     0
  0
VISUALSTYLE
  5
182
102
{ACAD_XDICTIONARY
360
D64
102
}
102
{ACAD_REACTORS
330
99
102
}
330
99
100
AcDbVisualStyle
  2
Shaded
 70
    27
177
     2
291
     0
 71
     2
176
     1
 72
     2
176
     1
 73
     1
176
     1
 90
        2
176
     1
 40
0.6
176
     1
 41
30.0
176
     1
 63
     7
421
 16777215
176
     1
 74
     0
176
     1
 91
        4
176
     1
 64
     7
176
     1
 65
   257
176
     1
 75
     1
176
     1
175
     1
176
     1
 42
1.0
176
     1
 92
        8
176
     1
 66
   257
176
     1
 43
1.0
176
     1
 76
     1
176
     1
 77
     6
176
     1
 78
     2
176
     1
 67
     8
425
  7895160
176
     1
 79
     3
176
     1
170
     0
176
     1
171
     0
176
     1
290
     0
176
     1
 93
        5
176
     1
 44
0.0
176
     1
173
     0
176
     1
1001
ACAD
1000
AcDbSavedByObjectVersion
1070
     0
  0
VISUALSTYLE
  5
181
102
{ACAD_XDICTIONARY
360
D62
102
}
102
{ACAD_REACTORS
330
99
102
}
330
99
100
AcDbVisualStyle
  2
Shaded with edges
 70
    26
177
     2
291
     0
 71
     2
176
     1
 72
     2
176
     1
 73
     1
176
     1
 90
        2
176
     1
 40
0.6
176
     1
 41
30.0
176
     1
 63
     7
421
 16777215
176
     1
 74
     1
176
     1
 91
        2
176
     1
 64
     7
176
     1
 65
   257
176
     1
 75
     2
176
     1
175
     1
176
     1
 42
1.0
176
     1
 92
        8
176
     1
 66
   257
176
     1
 43
1.0
176
     1
 76
     1
176
     1
 77
     6
176
     1
 78
     2
176
     1
 67
     7
176
     1
 79
     3
176
     1
170
     0
176
     1
171
     0
176
     1
290
     0
176
     1
 93
        5
176
     1
 44
0.0
176
     1
173
     0
176
     1
1001
ACAD
1000
AcDbSavedByObjectVersion
1070
     0
  0
VISUALSTYLE
  5
17E
102
{ACAD_XDICTIONARY
360
D5C
102
}
102
{ACAD_REACTORS
330
99
102
}
330
99
100
AcDbVisualStyle
  2
Shades of Gray
 70
    23
177
     2
291
     0
 71
     2
176
     1
 72
     2
176
     1
 73
     3
176
     1
 90
        0
176
     1
 40
0.6
176
     1
 41
30.0
176
     1
 63
     7
421
 16777215
176
     1
 74
     2
176
     1
 91
        2
176
     1
 64
     7
176
     1
 65
     7
176
     1
 75
     1
176
     1
175
     1
176
     1
 42
40.0
176
     1
 92
        8
176
     1
 66
     7
176
     1
 43
1.0
176
     1
 76
     1
176
     1
 77
     6
176
     1
 78
     2
176
     1
 67
     7
176
     1
 79
     3
176
     1
170
     0
176
     1
171
     0
176
     1
290
     0
176
     1
 93
        1
176
     1
 44
0.0
176
     1
173
     0
176
     1
1001
ACAD
1000
AcDbSavedByObjectVersion
1070
     0
  0
VISUALSTYLE
  5
17F
102
{ACAD_XDICTIONARY
360
D5E
102
}
102
{ACAD_REACTORS
330
99
102
}
330
99
100
AcDbVisualStyle
  2
Sketchy
 70
    24
177
     2
291
     0
 71
     1
176
     1
 72
     2
176
     1
 73
     2
176
     1
 90
        0
176
     1
 40
0.6
176
     1
 41
30.0
176
     1
 63
     7
421
 16777215
176
     1
 74
     2
176
     1
 91
        2
176
     1
 64
     7
176
     1
 65
     7
176
     1
 75
     1
176
     1
175
     1
176
     1
 42
40.0
176
     1
 92
       11
176
     1
 66
     7
176
     1
 43
1.0
176
     1
 76
     1
176
     1
 77
     6
176
     1
 78
     2
176
     1
 67
     7
176
     1
 79
     6
176
     1
170
     0
176
     1
171
     0
176
     1
290
     0
176
     1
 93
        1
176
     1
 44
0.0
176
     1
173
     0
176
     1
1001
ACAD
1000
AcDbSavedByObjectVersion
1070
     0
  0
VISUALSTYLE
  5
A6
102
{ACAD_XDICTIONARY
360
D4E
102
}
102
{ACAD_REACTORS
330
99
102
}
330
99
100
AcDbVisualStyle
  2
Thicken
 70
    13
177
     2
291
     1
 71
     2
176
     1
 72
     2
176
     1
 73
     1
176
     1
 90
        0
176
     1
 40
0.6
176
     1
 41
30.0
176
     1
 63
     7
421
 16777215
176
     1
 74
     1
176
     1
 91
        4
176
     1
 64
     7
176
     1
 65
   257
176
     1
 75
     1
176
     1
175
     1
176
     1
 42
1.0
176
     1
 92
       12
176
     1
 66
     7
176
     1
 43
1.0
176
     1
 76
     1
176
     1
 77
     6
176
     1
 78
     2
176
     1
 67
     7
176
     1
 79
     5
176
     1
170
     0
176
     1
171
     0
176
     1
290
     0
176
     1
 93
        1
176
     1
 44
0.0
176
     1
173
     0
176
     1
1001
ACAD
1000
AcDbSavedByObjectVersion
1070
     0
  0
VISUALSTYLE
  5
A0
102
{ACAD_XDICTIONARY
360
D42
102
}
102
{ACAD_REACTORS
330
99
102
}
330
99
100
AcDbVisualStyle
  2
Wireframe
 70
     5
177
     2
291
     0
 71
     0
176
     1
 72
     2
176
     1
 73
     0
176
     1
 90
        0
176
     1
 40
0.6
176
     1
 41
30.0
176
     1
 63
     7
421
 16777215
176
     1
 74
     1
176
     1
 91
        4
176
     1
 64
     7
176
     1
 65
   257
176
     1
 75
     1
176
     1
175
     1
176
     1
 42
1.0
176
     1
 92
        0
176
     1
 66
   257
176
     1
 43
1.0
176
     1
 76
     1
176
     1
 77
     6
176
     1
 78
     2
176
     1
 67
     7
176
     1
 79
     3
176
     1
170
     0
176
     1
171
     0
176
     1
290
     0
176
     1
 93
        1
176
     1
 44
0.0
176
     1
173
     0
176
     1
1001
ACAD
1000
AcDbSavedByObjectVersion
1070
     0
  0
VISUALSTYLE
  5
180
102
{ACAD_XDICTIONARY
360
D60
102
}
102
{ACAD_REACTORS
330
99
102
}
330
99
100
AcDbVisualStyle
  2
X-Ray
 70
    25
177
     2
291
     0
 71
     2
176
     1
 72
     2
176
     1
 73
     1
176
     1
 90
        1
176
     1
 40
0.5
176
     1
 41
30.0
176
     1
 63
     7
421
 16777215
176
     1
 74
     1
176
     1
 91
        0
176
     1
 64
     7
176
     1
 65
   257
176
     1
 75
     1
176
     1
175
     1
176
     1
 42
1.0
176
     1
 92
        8
176
     1
 66
     7
176
     1
 43
1.0
176
     1
 76
     1
176
     1
 77
     6
176
     1
 78
     2
176
     1
 67
     7
176
     1
 79
     3
176
     1
170
     0
176
     1
171
     0
176
     1
290
     0
176
     1
 93
       13
176
     1
 44
0.0
176
     1
173
     0
176
     1
1001
ACAD
1000
AcDbSavedByObjectVersion
1070
     0
  0
DICTIONARYVAR
  5
C76
102
{ACAD_REACTORS
330
C71
102
}
330
C71
100
DictionaryVariables
280
     0
  1
1:1
  0
DICTIONARYVAR
  5
C73
102
{ACAD_REACTORS
330
C71
102
}
330
C71
100
DictionaryVariables
280
     0
  1
STANDARD
  0
DICTIONARYVAR
  5
C72
102
{ACAD_REACTORS
330
C71
102
}
330
C71
100
DictionaryVariables
280
     0
  1
STANDARD
  0
DICTIONARYVAR
  5
C74
102
{ACAD_REACTORS
330
C71
102
}
330
C71
100
DictionaryVariables
280
     0
  1
Imperial24
  0
DICTIONARYVAR
  5
C75
102
{ACAD_REACTORS
330
C71
102
}
330
C71
100
DictionaryVariables
280
     0
  1
Imperial24
  0
DICTIONARY
  5
D35
102
{ACAD_REACTORS
330
D33
102
}
330
D33
100
AcDbDictionary
281
     1
  0
DICTIONARY
  5
D34
102
{ACAD_REACTORS
330
D33
102
}
330
D33
100
AcDbDictionary
281
     1
  3
1843690254560
350
D2E
  3
1843690254576
350
D2F
  3
1843690254592
350
D30
  3
1843690254608
350
D31
  3
1843690254624
350
D32
  0
DICTIONARY
  5
D68
330
1AC
100
AcDbDictionary
280
     1
281
     1
  3
ACAD_XREC_ROUNDTRIP
360
D69
  0
DICTIONARY
  5
194
330
22
100
AcDbDictionary
280
     1
281
     1
  0
DICTIONARY
  5
188
330
97
100
AcDbDictionary
280
     1
281
     1
  3
FBXASSET
360
189
  0
DICTIONARY
  5
186
330
96
100
AcDbDictionary
280
     1
281
     1
  3
FBXASSET
360
187
  0
DICTIONARY
  5
110
330
98
100
AcDbDictionary
280
     1
281
     1
  3
BUMPTILE
360
112
  3
DIFFUSETILE
360
111
  3
FBXASSET
360
18A
  3
OPACITYTILE
360
113
  3
REFLECTIONTILE
360
114
  0
DICTIONARY
  5
D66
330
1AA
100
AcDbDictionary
280
     1
281
     1
  3
ACAD_XREC_ROUNDTRIP
360
D67
  0
DICTIONARY
  5
104
330
87
100
AcDbDictionary
280
     1
281
     1
  3
ACAD_ROUNDTRIP_2008_TABLESTYLE_CELLSTYLEMAP
360
C8A
  0
DICTIONARY
  5
D40
330
9F
100
AcDbDictionary
280
     1
281
     1
  3
ACAD_XREC_ROUNDTRIP
360
D41
  0
DICTIONARY
  5
D3E
330
9E
100
AcDbDictionary
280
     1
281
     1
  3
ACAD_XREC_ROUNDTRIP
360
D3F
  0
DICTIONARY
  5
D4C
330
A5
100
AcDbDictionary
280
     1
281
     1
  3
ACAD_XREC_ROUNDTRIP
360
D4D
  0
DICTIONARY
  5
D54
330
A9
100
AcDbDictionary
280
     1
281
     1
  3
ACAD_XREC_ROUNDTRIP
360
D55
  0
DICTIONARY
  5
D46
330
A2
100
AcDbDictionary
280
     1
281
     1
  3
ACAD_XREC_ROUNDTRIP
360
D47
  0
DICTIONARY
  5
D4A
330
A4
100
AcDbDictionary
280
     1
281
     1
  3
ACAD_XREC_ROUNDTRIP
360
D4B
  0
DICTIONARY
  5
D5A
330
175
100
AcDbDictionary
280
     1
281
     1
  3
ACAD_XREC_ROUNDTRIP
360
D5B
  0
DICTIONARY
  5
D52
330
A8
100
AcDbDictionary
280
     1
281
     1
  3
ACAD_XREC_ROUNDTRIP
360
D53
  0
DICTIONARY
  5
D36
330
9A
100
AcDbDictionary
280
     1
281
     1
  3
ACAD_XREC_ROUNDTRIP
360
D37
  0
DICTIONARY
  5
D38
330
9B
100
AcDbDictionary
280
     1
281
     1
  3
ACAD_XREC_ROUNDTRIP
360
D39
  0
DICTIONARY
  5
D3A
330
9C
100
AcDbDictionary
280
     1
281
     1
  3
ACAD_XREC_ROUNDTRIP
360
D3B
  0
DICTIONARY
  5
D3C
330
9D
100
AcDbDictionary
280
     1
281
     1
  3
ACAD_XREC_ROUNDTRIP
360
D3D
  0
DICTIONARY
  5
D44
330
A1
100
AcDbDictionary
280
     1
281
     1
  3
ACAD_XREC_ROUNDTRIP
360
D45
  0
DICTIONARY
  5
D56
330
173
100
AcDbDictionary
280
     1
281
     1
  3
ACAD_XREC_ROUNDTRIP
360
D57
  0
DICTIONARY
  5
D50
330
A7
100
AcDbDictionary
280
     1
281
     1
  3
ACAD_XREC_ROUNDTRIP
360
D51
  0
DICTIONARY
  5
D58
330
174
100
AcDbDictionary
280
     1
281
     1
  3
ACAD_XREC_ROUNDTRIP
360
D59
  0
DICTIONARY
  5
D48
330
A3
100
AcDbDictionary
280
     1
281
     1
  3
ACAD_XREC_ROUNDTRIP
360
D49
  0
DICTIONARY
  5
D64
330
182
100
AcDbDictionary
280
     1
281
     1
  3
ACAD_XREC_ROUNDTRIP
360
D65
  0
DICTIONARY
  5
D62
330
181
100
AcDbDictionary
280
     1
281
     1
  3
ACAD_XREC_ROUNDTRIP
360
D63
  0
DICTIONARY
  5
D5C
330
17E
100
AcDbDictionary
280
     1
281
     1
  3
ACAD_XREC_ROUNDTRIP
360
D5D
  0
DICTIONARY
  5
D5E
330
17F
100
AcDbDictionary
280
     1
281
     1
  3
ACAD_XREC_ROUNDTRIP
360
D5F
  0
DICTIONARY
  5
D4E
330
A6
100
AcDbDictionary
280
     1
281
     1
  3
ACAD_XREC_ROUNDTRIP
360
D4F
  0
DICTIONARY
  5
D42
330
A0
100
AcDbDictionary
280
     1
281
     1
  3
ACAD_XREC_ROUNDTRIP
360
D43
  0
DICTIONARY
  5
D60
330
180
100
AcDbDictionary
280
     1
281
     1
  3
ACAD_XREC_ROUNDTRIP
360
D61
  0
XRECORD
  5
D2E
102
{ACAD_REACTORS
330
D34
102
}
330
D34
100
AcDbXrecord
280
     1
  1
AcDb_Thumbnail_Schema
102
{ATTRRECORD
341
D2F
  2
AcDbDs::TreatedAsObjectData
280
     1
291
     1
102
ATTRRECORD}
102
{ATTRRECORD
341
D30
  2
AcDbDs::Legacy
280
     1
291
     1
102
ATTRRECORD}
  2
AcDbDs::ID
280
    10
 91
        8
102
{ATTRRECORD
341
D31
  2
AcDs:Indexable
280
     1
291
     1
102
ATTRRECORD}
102
{ATTRRECORD
341
D32
  2
AcDbDs::HandleAttribute
280
     7
282
     1
102
ATTRRECORD}
  2
Thumbnail_Data
280
    15
 91
        0
  0
XRECORD
  5
D2F
102
{ACAD_REACTORS
330
D34
102
}
330
D34
100
AcDbXrecord
280
     1
  1
AcDbDs::TreatedAsObjectDataSchema
  2
AcDbDs::TreatedAsObjectData
280
     1
 91
        0
  0
XRECORD
  5
D30
102
{ACAD_REACTORS
330
D34
102
}
330
D34
100
AcDbXrecord
280
     1
  1
AcDbDs::LegacySchema
  2
AcDbDs::Legacy
280
     1
 91
        0
  0
XRECORD
  5
D31
102
{ACAD_REACTORS
330
D34
102
}
330
D34
100
AcDbXrecord
280
     1
  1
AcDbDs::IndexedPropertySchema
  2
AcDs:Indexable
280
     1
 91
        0
  0
XRECORD
  5
D32
102
{ACAD_REACTORS
330
D34
102
}
330
D34
100
AcDbXrecord
280
     1
  1
AcDbDs::HandleAttributeSchema
  2
AcDbDs::HandleAttribute
280
     7
 91
        1
284
     1
  0
XRECORD
  5
D69
102
{ACAD_REACTORS
330
D68
102
}
330
D68
100
AcDbXrecord
280
     1
102
DISPLAYNAME
  1
Imperial24
102
FLAGS
 90
        0
  0
XRECORD
  5
189
102
{ACAD_REACTORS
330
188
102
}
330
188
100
AcDbXrecord
280
     1
 70
     1
 90
429727718
  1
508B35C9-AEE7-456F-BE74-D52651303AC6
310
504B03040A0000080000B670623B3DEE336E79000000790000001B0000006175746F6465736B2D64657369676E2D7061636B6167652E786D6C3C3F786D6C2076657273696F6E3D22312E302220656E636F64696E673D227574662D3822203F3E3C666F726D6174733E3C666F726D61743E687474703A2F2F736368656D612E
310
6175746F6465736B2E636F6D2F64657369676E2D7061636B6167652F323030393C2F666F726D61743E3C2F666F726D6174733E504B0304140006080800B670623BD486FD9CA0000000F4000000130000005B436F6E74656E745F54797065735D2E786D6C7D8EC10E82300C865F65E91D8A1E8C310C0EEA1BF002731658846E
310
D98AC1B77784ABF1D8FE5FBFBF75BBCE937A534CCEB38643598122B6FEE978D0B0485F9C41B54DDD7D022595594E1A469170414C76A4D9A4D207E29CF43ECE46F218070CC6BECC4078ACAA135ACF422C856C0E68EA1BF5669944DDD7BCDE7B1F8E415D77AECB980613C2E4AC91FC167A2B244592486606FC29C8FD7F045B9A
310
EF7053A7E60B504B0304140006080800B670623B28ED286BEB0000007C01000008000000636F72652E786D6C8D90416EC3201045AF82665B6183218D6D61A254764FD00B204C5C94182C03558F5F9C3852BBEB6A467FFE9B197D71FA9E6FE8CBACC17AD7012D0820E3B41FAD9B3A48F1826B40272956EFE32F1B20A766D3C1
310
268314D3EAD3B24BDABB685CCCAAF3A3D94515828980F42D371D04FD696655A814B3235C8B45E9AB9A4C419F5D8653B2237A1CB163DE672FD6AC209BF3C08E0D1B30EB19C3FC9D72FCC6EB231EFA33EDE96BDD341517E5064B11EDFCBCAF57A3A2194156843498524CAA0FCA5B7268F9E185D42D21A2DCEC7FA0B48CFF8492
310
759155FBBB0F2C80A4F991FB408A72CB22977B50B96EB9C91F504B0304140006080800B670623B55019EA25F0000007C00000007000000636E782E786D6C4DCB3B0E80201045D1AD90E915ED2CF8AC45050C11660C8261F98AB1B07AC9C97D42D718D865D3E909258CFD00CCE24AC6E326A164D74DC0B4128928FF32603847
310
2BA13128B1252AC747C6BAB984FC68F0B87FE8960A5C09FE86CFB69FBA01504B0304140006080800B670623B7BC41AC871010000D40300000C0000006662782F636F72652E786D6CC553ED6E8320147D15C2DF4501B56B6D90A64BBB27D80B50A5CE54C120983EFEAE1F4DD7A56BBA5FF3879273EEE59E7310BE393735EA95
310
ED2AA333CC428A91D2B9292A5D66D8BB63B0C26823B835C67D2BC348CB46657880B1E0A535BE9DA1DC68A7B403549B42CDA0EC3AE530CA6B5864B8CB3F552343E91D5474A7B095F949962A6421D0502778E72C0840D390E18DC5F170E664C205F7BE2A66B62A605A75AC94C522DDEEE3651AEF837817C741F2CE92E02D592D
310
83FD6ECB76EC7595A651C2C9D02CB8AB9A8BBADC2AE954814544691A3016D0E883256BBA58278B17BA5A53CAC9507ED3E4DBE2C9265F691747B3DCA9ADC382819091F8E1162272A8933DE82182932144F88C09DF060D8140C84E1EEA8B8F1340BDCA9DB1093085F157AA97B557309586747CD0EF0B4EA64E983A6E0EAEEFCE
310
889E9EF17847386AA94B30211D2C0FDE0D3AF9A4610EAD5536E8DD1969631B593F67E381C33F5157F17725E5A636F6BF1491F980C8FC7B90E13E8A2F504B0304140006080800B670623B70102A487D0000009D0000000B0000006662782F636E782E786D6C4DCCD10A83201886E15B91FFDC95A5C30335ACCDFB886521330D
310
A76397BF1A1DECE883878F57749FD5A3B74D2F17830472A901D9F088930B8B849267CC01754AA418F3DF0D5018572BE160506249B16C274D761E8BCFBB7A179E27F65CB39A0F14D396184C9921B81F34C3ACA1B4B99ABB6E6F062A25AA5F69DF23ACBE504B0304140006080800B670623B3610CA3329010000120200003100
310
00006662782F42384135303843342D343331462D343546312D424341352D3532343432364645413344462F636F72652E786D6C8D515B6EC32010BC0AE22B55850D0E446E848992B43E412FE000495162B07854397EA176A4F62F3F2C9A9D991D58BEBB8F37F0AD7D30CE76905418026DA553C65E3A98E219B510EC04F7CEC5
310
3F3408EC30EA0E16180A7EF12E4D0B249D8DDAC68C5AA7F4020E21E80881BCE54B0783FCD2E3500D296646B856D320AFC34557A4CAEDCC133C449F0380794839A138B47B86DB2345744D7A44594FD0E1B867883594369BFE63BF7EEF793D0B054FC9A8456E548E63CE46FB674D8A58F068C6477CE9F510B582A2C1F80D1182
310
70F349E816B32D65AFB8DD62CCEB42FF274A937A52948C8DEB66893BCB021484D7734370E5D2E9F608A3EF93F3119479ABA0E50B14B8C298119A43CCC4FCFCECB8A18B6388CEE7EF5D5D4F994BD86CBBA182D76543B9FCAE2FD7B24DF103504B0304140006080800B670623B1B8617914E0100003303000030000000666278
310
2F42384135303843342D343331462D343546312D424341352D3532343432364645413344462F636E782E786D6CD593C16EC32010447F0571AD6CE3D489D20813A9877E410FBD62D82434182CC055F3F75D1292E692438FBD206B7698593D61BEFD1E2DF982108D773D6D6B460938E5B571FB9ECE6957AD29D90A1EBC4F7736
310
4A9C1CA1A759A682EF839FA72269D8C9D92654AD71C72206887E0E0A22CAF926B15E498B01E0AA19451807D01A34B919F16B070157417138917400F2F6FA41FCF0092A45DEE414C19BDC21783E4BD39D891265658C3D8DEA00A3ACE59CBC8678ACB54CB26EEB6BD7839D7E9348BE70AD9C8321B9BCA7F9A4A26C542347DEE0
310
50F09802D22BA6749A800A394DD62899107273365E3C82CFC6A55557BC06C10774B7ABE7AEC3B0F34CF06446280E154026D0542C187BA9DAB6628BF7B6DBB0E5A65B3EB1F58631DE64BBE083F7B65CC218087E22CABB042E51D1F2268F1FE12B3EA24D40D63E9CFE00120194D60B9D5BC67FE6D39CDF37E20AF817881F504B
310
0304140006080800B670623BBFEF2E3B690500003C100000340000006662782F42384135303843342D343331462D343546312D424341352D3532343432364645413344462F6F626A656374732E786D6CAD575D739B3814FD2B0CFB0C98D84E931D4227B6938EA793B6534F3BFB90198F0099B001899144EAECAFDF231018B0
310
D37A3FFC609090EEE7B94757C1FB7D915B2F54C88CB31BDB7727B64559CC938CA53776A576CE956DBD0F03C1B9EA2DB32D460A7A63EB693B0C52C1ABD24C257447AA5C8D66EF177F5832A68CDA569C13296F6C193FD182B8A4523CA1F2D94D88226EBADBBBBEDB2C1C8A4D05299F46424B222853B014F30C52ACC6287F389C
310
D85E1878FA7B18E87FB36AFAF62AAFF667A83F635211161F291B8999FAB3D5DDC5FCDA99CF6653677679E13B8BFBC5CAF1DF4D27CBCBE5F2FAF6EE1A8AA51290642C117467871F101B91C581D77CEA2C36869F3229E68CD1B8F61F1ED6361B89092D294B90C78C4A68EB793D190E7D1D9BDEE7A91E1B95FDE9F3BCEAEFE809
310
6A6D6F9F7D4B79F4275C90E7A04248AA51D5C4C738DAE06F72885AC4796EBE65D22A88A22223B995679120E2D50EB1542F098381188D4EA111AE3DB043FF20AF6F2B4AE3D7D83D65E5AECA730D4D3BAC91BD05FEA992B565D95F549CD6069B90AB2A63EACA38A45E4B6A87D781574F86817E4C2FCCC72690D62E2729520E37
310
9BAF234797BAF6D62B3BFC781FED37BA1E4F2B2F052FA9501A3E80569BB8F6A9A364D4FA67654E6F803383981F82F21591FF84F23D9882BC896C3FDBCF8C162508933B2E0AE4C69DD43F6BD2BE38DDDBF10BF86CB4FA784D37F3AF16075E67EC9030DECA1FC0A55373F5DFF3378C591FA9BDF485C10B0A8C8BA909E5262639
310
A8E72163488806A595734C81CB77D1DE0ED7604A303B76913CEC0272F412782FF88EFF4636D8AA56DF7B322474C4B767303F625997056C7B032C473C592B36CEBD15F3F9FF5233B7ABCDC74D257624A60F8658567497B14CE1EC3C80B76FD02011038F9EE9EB0F2E12387A9C844D3F09855125116D1D731DF8B43D2CF4E0A0
310
79A020C6BE946BCE0B7EA1E1219331CD73C228AF5A2DDD31A4B1DA918CE91350854D40A71723140BFA92E94E62B0626016CEFA5864A50E5977E8753CEDBEE1CBB7F52780D20E17AF0BA0F5F9B02A3AD07DCC732EB6D1EBB661421BE0C39E21BABF0FE16D22EA6929407C8DE596724C88B749B6DB5512BC7B228ADFD7CB7EA6
310
3A22397E690BA8D5D8D4E40CEC8CDA23C2C0B7D5898640101CEC9C6D331CE328CB93CAFBBAC70A642DF70DF95155945B52F08AA973C23469FD69ADEF84F7BB18F983A8F8C90E37F5D35980B2139A1C523540813E824EF83448CF7C72B598CE97D7CEEDDDDD3B6736BFBC771677EF66CE6A7E7139F7A793E9EDF2B2B3A8B624
310
0CDA13AA5F8388264EC4A0129909F3B7F5A16CEDF08128E97D680ACA4B9BE7B7B58BB638F0B00700EF36AE8B32A705658A68F83EE897FC2B41573190D1CCAF0B92D233A47CFEB019D9809933F67DD1A5467F8CF69AD9A5AE859342D45355448C64F968A371DC2D596ADC6E43D93D1B466F877A64E2893E54F23C4B40388995
310
525E5005DA3983ED45412510D3EFCA13737B3863F74BD30F2A12E5B4B5E489A025CE25500DB855B11ACE5BBFA185D35DD48D8DC3CE7DC69F2944DB42AA6F6CF09BCA622ADD08C7A36E7C6AE18000BAB08E040135C2D21C9D75B3A91B77BB746C403F38018DFE6EC939DD92F16B40BC05294B9CDA035AAD6D330AE27FE4786B
310
8E45145EA34A75BE1C263A676A35A8ACC6297337400BF16C54EF515F3F77CB77EB3583889C754FFA29081AA98E2222ADEF05DA3E63D2EDEA8B8756C05A7FB6CABC4A91CBF325398202CC952E70A008A830324BA200D5E5EF8F5F04C75DB4B0EE3340E071C98B823333B83577596BF3849B69F2085AA0FAFA212F26BEFF5877
310
FDE622B28D88A42E49E43326DA82D31E8CB006401E1DA726059ECEC168F97A6599036306A135688F9AD2E61A6EA178F4CD51974A9F2CCB9F36FE5EBD14601068D9C3BF01504B0304140006080000B670623B000000000000000000000000350000006662782F42384135303843342D343331462D343546312D424341352D35
310
32343432364645413344462F76657274696365732E62696E504B0304140006080800B670623BF270F1330600000004000000360000006662782F42384135303843342D343331462D343546312D424341352D3532343432364645413344462F747269616E676C65732E62696E636660600000504B0304140006080000B67062
310
3B000000000000000000000000370000006662782F42384135303843342D343331462D343546312D424341352D3532343432364645413344462F617474726962757465732E62696E504B0304140006080800B670623B08DA0BD19000000041010000360000006662782F42384135303843342D343331462D343546312D4243
310
41352D3532343432364645413344462F6469726563746F72792E786D6C858F410AC3201045AF22B36F53E9A60B35CBEEBAE80D244E44489C6234F4F835464A48035D0DF398FF9F8AF63D0E6CC63039F212F8F9020C7D47C6792B21C5FE7403D62A1188E2E60C98D7234A5830286103A55745067B9D86B8A3CF9C7F90C11DE6
310
07FB144396D7B6A82D282E9A152AD114D5EF2CB866EEE831B8EEA07A7BB5A8D7D61A2BAAEB7FD5F70921FF497D00504B0304140006080800B670623B3B4606F3FE000000A00100003B0000006662782F42384135303843342D343331462D343546312D424341352D3532343432364645413344462F7265736F75726365732F
310
636F72652E786D6C8D504B6E833010BD0A9A6D65B08134808CA354A427E8052C332156828DFCA97AFC9A40A576D7CDCCE87D344F8F9FBEE647F689CE6B6B7A6039850C8DB2A336530F315C4903D94970676DF82583CCC8197B5861107C72362E3BA4AC096842428D1D7107A5F71820538F74F4E0D50D6799CB1892C2DFF345
310
AABB9C306779A2934E701F5C0A906D4FD609C2A1B7D129F4BCD858C163D4E3AED163FAA9AF1A1D88F67CA98E6D35906AA82A52BFB39ABCD5CD915C86331BD86BD3B665CD8BD52C78D0F34F46E550061C419494B6843142CB0F5677F4D0D58717DA7494F26295FF31C565FCA7296A13AA728FBBD93C0896823C09C18BB5AFB4
310
9E65A6BD762BBE01504B010214000A0000080000B670623B3DEE336E79000000790000001B00000000000000000000000000000000006175746F6465736B2D64657369676E2D7061636B6167652E786D6C504B01021400140006080800B670623BD486FD9CA0000000F40000001300000000000000000000000000B2000000
310
5B436F6E74656E745F54797065735D2E786D6C504B01021400140006080800B670623B28ED286BEB0000007C010000080000000000000000000000000083010000636F72652E786D6C504B01021400140006080800B670623B55019EA25F0000007C000000070000000000000000000000000094020000636E782E786D6C50
310
4B01021400140006080800B670623B7BC41AC871010000D40300000C00000000000000000000000000180300006662782F636F72652E786D6C504B01021400140006080800B670623B70102A487D0000009D0000000B00000000000000000000000000B30400006662782F636E782E786D6C504B01021400140006080800B6
310
70623B3610CA3329010000120200003100000000000000000000000000590500006662782F42384135303843342D343331462D343546312D424341352D3532343432364645413344462F636F72652E786D6C504B01021400140006080800B670623B1B8617914E010000330300003000000000000000000000000000D10600
310
006662782F42384135303843342D343331462D343546312D424341352D3532343432364645413344462F636E782E786D6C504B01021400140006080800B670623BBFEF2E3B690500003C10000034000000000000000000000000006D0800006662782F42384135303843342D343331462D343546312D424341352D35323434
310
32364645413344462F6F626A656374732E786D6C504B01021400140006080000B670623B0000000000000000000000003500000000000000000000000000280E00006662782F42384135303843342D343331462D343546312D424341352D3532343432364645413344462F76657274696365732E62696E504B010214001400
310
06080800B670623BF270F133060000000400000036000000000000000000000000007B0E00006662782F42384135303843342D343331462D343546312D424341352D3532343432364645413344462F747269616E676C65732E62696E504B01021400140006080000B670623B00000000000000000000000037000000000000
310
00000000000000D50E00006662782F42384135303843342D343331462D343546312D424341352D3532343432364645413344462F617474726962757465732E62696E504B01021400140006080800B670623B08DA0BD1900000004101000036000000000000000000000000002A0F00006662782F42384135303843342D3433
310
31462D343546312D424341352D3532343432364645413344462F6469726563746F72792E786D6C504B01021400140006080800B670623B3B4606F3FE000000A00100003B000000000000000000000000000E1000006662782F42384135303843342D343331462D343546312D424341352D3532343432364645413344462F72
310
65736F75726365732F636F72652E786D6C504B0506000000000E000E0080040000651100000000
  0
XRECORD
  5
187
102
{ACAD_REACTORS
330
186
102
}
330
186
100
AcDbXrecord
280
     1
 70
     1
 90
429727718
  1
887D55A9-D0DD-414E-B741-A7DCD4DA2B4C
310
504B03040A0000080000B670623B3DEE336E79000000790000001B0000006175746F6465736B2D64657369676E2D7061636B6167652E786D6C3C3F786D6C2076657273696F6E3D22312E302220656E636F64696E673D227574662D3822203F3E3C666F726D6174733E3C666F726D61743E687474703A2F2F736368656D612E
310
6175746F6465736B2E636F6D2F64657369676E2D7061636B6167652F323030393C2F666F726D61743E3C2F666F726D6174733E504B0304140006080800B670623BD486FD9CA0000000F4000000130000005B436F6E74656E745F54797065735D2E786D6C7D8EC10E82300C865F65E91D8A1E8C310C0EEA1BF002731658846E
310
D98AC1B77784ABF1D8FE5FBFBF75BBCE937A534CCEB38643598122B6FEE978D0B0485F9C41B54DDD7D022595594E1A469170414C76A4D9A4D207E29CF43ECE46F218070CC6BECC4078ACAA135ACF422C856C0E68EA1BF5669944DDD7BCDE7B1F8E415D77AECB980613C2E4AC91FC167A2B244592486606FC29C8FD7F045B9A
310
EF7053A7E60B504B0304140006080800B670623BBC1638F5EC0000007C01000008000000636F72652E786D6C8D90416EC3201045AF82665B61836BE2D8C24471DB9CA01740401C94182C03558F5F9C3852BBEB6A467FFE9B197D7EF89E6EE8CB2CC17AD7032D0820E394D7D68D3DA478C67B4007C117EFE32F1B202727D3C3
310
2A83E0E3E2D3BC49CABB685CCCAAF3DA6CA20CC14440EA969B1E82BA98491632C5EC08D76296EA2A4753D06797E194AC468F2356E77DF66CCD02825543D50CACC62D39ED70FDC68EB8FD68F6F8787A6784342D1DDA1D2F5758F068A7E77DB518198D065111D2624A31A93E69DD11D6D5EC85EC3B4278B9DAFF4069D6FF8492
310
75F1B5DADE7D600104CD8FDC0782976B16B9DC83CA75CD4DFC00504B0304140006080800B670623B55019EA25F0000007C00000007000000636E782E786D6C4DCB3B0E80201045D1AD90E915ED2CF8AC45050C11660C8261F98AB1B07AC9C97D42D718D865D3E909258CFD00CCE24AC6E326A164D74DC0B4128928FF326038
310
472BA13128B1252AC747C6BAB984FC68F0B87FE8960A5C09FE86CFB69FBA01504B0304140006080800B670623B3586FFB671010000D40300000C0000006662782F636F72652E786D6CC553ED6E8320147D15C2DF4541A76D6D90A6DDD627D80B50A4CE54C120983EFEAE1F4DD7A55BBA5FF3879273EEE59E7310B6393735EA
310
95ED2AA3731C851423A5A5292A5DE6D8BB63B0C268C39935C67D29C3488B46E578803167A535BE9D2169B453DA01AA4DA16650749D7218C91A1639EEE4876A4428BC838AEE14B6429E44A9C228041AEA38EB9C0501681A32BC313F1ECE8C4C3867DE57C5CC56054CAB8E95B298A7F12E5EEED224C8E87E11242FE936C8DE96
310
AB60BB7F4D295D66D12E5B30323473E6AAE6A24E5A259C2A308F29CD82280A68FC1E256B9AAE93F489AED694323294DF34F9B678B0C957DA3DC7B3DCA9ADC33C022123F1CD2D44E450277AD04338234388F01913BE0D1A0281909D38D4171F27807A259DB1093085F157AA17B557309586747CD0CF0B46A64E983A6E0EAEEF
310
CE881F9EF1FB8E70D44297604238581EBC1B74B249C31C5AAB6CD0BB33D2C636A27ECCC62F0EFF445DC5DF95244D6DEC7F2922F30191F9F720C37DE49F504B0304140006080800B670623B4220A0FF7D0000009D0000000B0000006662782F636E782E786D6C4DCCD10A83201886E15B91FFDCE542CB0335D0EC3E6259C84A
310
C3E9D8E5AF46073BFAE0E1E315DD675BD1DBA5978F41C2FD4600B9F088930F8B849267CC01754AA418F3DF0D50183727E164506249B1EC174D6E1ECB9A0F5D7D785E68DB8151CD286E5A5363CA6B8A39E90D36D40E96B086F55A43A544F52B1D7B86D517504B0304140006080800B670623B2FA3FEDE290100001202000031
310
0000006662782F45374635344235342D363743322D343832342D383044432D4334454645303536354442422F636F72652E786D6C8D515B6EC32010BC0AE22B55850D2E386E848994D7097A0117488A1283C5A3CAF10BB523B57FF961D1ECCCECC0F2ED7DBC816FED8371B687A4C210682B9D32F6D2C314CFA883602BB8772E
310
FEA141608751F7B0C050F08B77695A20E96CD43666D43AA5177008414708E42D5F7A18E4971E876A483133C2B59A06791D2EBA22556E679EE021FA1C00CC43CA09C5717D6274C7286AD7FB06D1AEA1A8C3873DDAD3E3E98859CB0EBB1DAF67A1E02919B5C88DCA71CCD968FFAC49110B1ECDF8882FBD1EA256503418BF2342
310
106E3E08DD60B6A1EC15771B8C795DE8FF4469524F8A92B1F1AD59E2CEB20005E1F5DC105CB9F4797B84D1F7C9F908CABC55D0F2050A5C61CC1AD2F27A26E6E767C7962E8E213A9FBF7775FDCC5CC266DB960A5E970DE5F2BBBE5CCB36C50F504B0304140006080800B670623B1B8617914E01000033030000300000006662
310
782F45374635344235342D363743322D343832342D383044432D4334454645303536354442422F636E782E786D6CD593C16EC32010447F0571AD6CE3D489D20813A9877E410FBD62D82434182CC055F3F75D1292E692438FBD206B7698593D61BEFD1E2DF982108D773D6D6B460938E5B571FB9ECE6957AD29D90A1EBC4F77
310
364A9C1CA1A759A682EF839FA72269D8C9D92654AD71C72206887E0E0A22CAF926B15E498B01E0AA19451807D01A34B919F16B070157417138917400F2F6FA41FCF0092A45DEE414C19BDC21783E4BD39D891265658C3D8DEA00A3ACE59CBC8678ACB54CB26EEB6BD7839D7E9348BE70AD9C8321B9BCA7F9A4A26C542347DE
310
E050F09802D22BA6749A800A394DD62899107273365E3C82CFC6A55557BC06C10774B7ABE7AEC3B0F34CF06446280E154026D0542C187BA9DAB6628BF7B6DBB0E5A65B3EB1F58631DE64BBE083F7B65CC218087E22CABB042E51D1F2268F1FE12B3EA24D40D63E9CFE00120194D60B9D5BC67FE6D39CDF37E20AF817881F50
310
4B0304140006080800B670623B29652116630500003C100000340000006662782F45374635344235342D363743322D343832342D383044432D4334454645303536354442422F6F626A656374732E786D6CAD575D739B3814FD2B0CFB0C989834C90EA1639B24E3E9A6EDD4D3CE3E64C623834CD8006224913AFDF57B040203
310
B65BEF871F0C12D2FD3CF7E8CA7FBFCB33E3957291B2E2D674ED8969D02262715A24B76625B7D6B569BC0F7CCE98EC2D338D82E4F4D654D366E0279C55A59E8AE99654991CCDDECFFF3444440B6A1A514684B83545F44C7362934AB2988A173B2692D8C97667BB76B3702836E1A47C1E092D09A78584A5982F20C5688C7287
310
C389E904BEA3BE07BEFAD7ABA6A75739B53F43FD69212429A20365233153D70BEF2E2E6FAC4BCF9B5ADEBB0BD79ADFCF43CBBD9A4E16EF168B9BD9DD0D140BC921495BC2E9D60C1E101B9E46BED37CEA2CD6861F3329624541A3DA7F7858DBAC25C6B4A4458C3CA654405BCFEBC970E8AAD8F43E4FD558ABEC4F9FE7557F47
310
4F506B7BFBEC5BCA367FC105710E2AB8A00A554D7CB4A30DFE26FBA86D18CBF4B75418399194A72433B274C3097F33032C554B027F2046A1932B842B0FCCC0DDCBEBDB8AD2F835768F59B9ADB24C41D30C6A64AF817F2A456D59FA83F2E3DA60137255A585BCD60EC9B7929AC18DEFD49381AF1ED30BFDB109A4B1CD488294
310
C3CDE6EBC8D185AABD6568061FEE37BB95AAC7E3CA4BCE4ACAA5820FA0D526AE7DAA2869B5EE5999531BE0CC20E6FBA07C41E43FA27CF7A6206F3CDD793B4F6B919C1462CB788EDCD893FA674CDA17AB7B3B7C019F8D561FAEE966FED562DFE98C1D12C6A9FC015C2A35D7FF3D7FC398F591DA4B5FE0BFA2C0189FEA50AE22
310
92817A1ED3020951A03432862970F976B33383259812CC8E5D240BBA801CBCF8CE2BBEE3BF910DB6AAD5F79E05123AE2DB33981FB1ACCB02B69D00CB014FD68AB573A7627EF9BFD4CC2C5C7D58557C4B22FAA88925A4DBB44825CECE3D78FB060D1231F0E885BE7D673C86A3874958F593906B5502D1563157814FDAC3420D
310
F69A070A22EC4B98E23CFF171A1E5311D12C23056555ABA53B8614563B92D17D02AAB009E8F46284624E5F53D5490C560CCCC2591FF1B45421EB0EBD8EA7ED13BE7C5D7E0428CD60FEF60779EB13E6664FF711CB185F6FDED60D139A001FF60CD1FD6D086F1D51474901E26B2CB794A343BC8ED3EDB612E0DD2351FCB65CF4
310
33D511C9E14B5B40ADC6A6263DB0336A8F700DDF56271A024E70B0B3629DE21847591E55DED73D56206AB927E46FAABC5C939C55853C274C93D69FD6FA4E78BF8B11DF898C9ECD60553FAD39283BA6F18984AA23E8884F83F45C5F5F859797B31B2B9C84A1E5B9DE9D35BFF25C6B76152E422F9C5DCC3D847F5801ED09D5AF
310
41441327A25FF15487F9EB725FB666F048A4701E9A827292E6F97569A32DF61DEC01C0BB8DCBBCCC684E0B49147C1FD54BF685A0AB18C868E6973949E819523E3DAC463660E68C7D9F55A9D1EFA3BD7A76A16AE1A810F95CE59B82A4D968A376DC2E8B44BBDD86B27B368CDE0ED548C7137DA860591A83706223A12CA712B4
310
7306DBF39C0A20A6DF95C7FAF670C6EED7A61F946493D1D6926782963813403548A78AE470DEF80D2D9CEAA26E4D1C76F60BFE74219A06527D6B82DF641A51616F703CAAC6A7160E08A00BEB4810A0274592A1B36E3675E36E978A0DE80727A0D6DF2D39A75BD27E0D8837276589537B40ABB56D5A41F48F1C6FCD3188C4EB
310
A6929D2FFB89CE995A4D00AE813BDD032DC48B56BD437DFDDC2DD7AED70C2272D63DE9A72068A45A92F0A4BE17A8A06B9366E16707AD80B1FC649459952097E74BB23805982B55E0401150A165964402AA8BDF9F3E7386BB686EDCA780C0D382E5392BF460A6EFB2C6EA1937D3F809B440D5F5435C4C5CF7A9EEFAF54564BD
310
2182DA24162F98680B4E7930C21A0079709CEAEB99A372305ABE0C0D7D6078105A83F6A0296DAEE1068A47DD1C55A9F4C9B2FC69E3EFD44B81028E963DF81B504B0304140006080000B670623B000000000000000000000000350000006662782F45374635344235342D363743322D343832342D383044432D433445464530
310
3536354442422F76657274696365732E62696E504B0304140006080800B670623BF270F1330600000004000000360000006662782F45374635344235342D363743322D343832342D383044432D4334454645303536354442422F747269616E676C65732E62696E636660600000504B0304140006080000B670623B00000000
310
0000000000000000370000006662782F45374635344235342D363743322D343832342D383044432D4334454645303536354442422F617474726962757465732E62696E504B0304140006080800B670623B08DA0BD19000000041010000360000006662782F45374635344235342D363743322D343832342D383044432D4334
310
454645303536354442422F6469726563746F72792E786D6C858F410AC3201045AF22B36F53E9A60B35CBEEBAE80D244E44489C6234F4F835464A48035D0DF398FF9F8AF63D0E6CC63039F212F8F9020C7D47C6792B21C5FE7403D62A1188E2E60C98D7234A5830286103A55745067B9D86B8A3CF9C7F90C11DE607FB144396
310
D7B6A82D282E9A152AD114D5EF2CB866EEE831B8EEA07A7BB5A8D7D61A2BAAEB7FD5F70921FF497D00504B0304140006080800B670623B6378F24DFF000000A00100003B0000006662782F45374635344235342D363743322D343832342D383044432D4334454645303536354442422F7265736F75726365732F636F72652E
310
786D6C8D504B6E833010BD0A9A6D65B0094E42641C85B639412F6099496225D8C89FAAC7AF09546A77DDCC8CDE47F3F4C4F16B7C149FE88371B603565228D06A37187BED20C50BD9437194C23B177FC9A0B06AC40E6618A4B87A97A615D2CE46B431A3D60DB8822A048C50E8473E3A08FA86A32A558A5911EEE5A4F45D5DB1
310
6465A6B34E8A107D0E502C4FE609D26370C96B0CA25A58295232C3AA3143FE692E063D485EF7F5AEE71BD2D2F39634AFFC44DAF7DD9E9CCE6F9CD25DCBFA762BAAD92C4534E34F46ED51451C40D694B6843142EB0FD61C283F34FC85EE0F948A6A96FF31A569F8A729191B37F51A77B105902C0779125254735F793DCBCC7B
310
EE567E03504B010214000A0000080000B670623B3DEE336E79000000790000001B00000000000000000000000000000000006175746F6465736B2D64657369676E2D7061636B6167652E786D6C504B01021400140006080800B670623BD486FD9CA0000000F40000001300000000000000000000000000B20000005B436F6E
310
74656E745F54797065735D2E786D6C504B01021400140006080800B670623BBC1638F5EC0000007C010000080000000000000000000000000083010000636F72652E786D6C504B01021400140006080800B670623B55019EA25F0000007C000000070000000000000000000000000095020000636E782E786D6C504B010214
310
00140006080800B670623B3586FFB671010000D40300000C00000000000000000000000000190300006662782F636F72652E786D6C504B01021400140006080800B670623B4220A0FF7D0000009D0000000B00000000000000000000000000B40400006662782F636E782E786D6C504B01021400140006080800B670623B2F
310
A3FEDE290100001202000031000000000000000000000000005A0500006662782F45374635344235342D363743322D343832342D383044432D4334454645303536354442422F636F72652E786D6C504B01021400140006080800B670623B1B8617914E010000330300003000000000000000000000000000D2060000666278
310
2F45374635344235342D363743322D343832342D383044432D4334454645303536354442422F636E782E786D6C504B01021400140006080800B670623B29652116630500003C10000034000000000000000000000000006E0800006662782F45374635344235342D363743322D343832342D383044432D4334454645303536
310
354442422F6F626A656374732E786D6C504B01021400140006080000B670623B0000000000000000000000003500000000000000000000000000230E00006662782F45374635344235342D363743322D343832342D383044432D4334454645303536354442422F76657274696365732E62696E504B01021400140006080800
310
B670623BF270F13306000000040000003600000000000000000000000000760E00006662782F45374635344235342D363743322D343832342D383044432D4334454645303536354442422F747269616E676C65732E62696E504B01021400140006080000B670623B0000000000000000000000003700000000000000000000
310
000000D00E00006662782F45374635344235342D363743322D343832342D383044432D4334454645303536354442422F617474726962757465732E62696E504B01021400140006080800B670623B08DA0BD190000000410100003600000000000000000000000000250F00006662782F45374635344235342D363743322D34
310
3832342D383044432D4334454645303536354442422F6469726563746F72792E786D6C504B01021400140006080800B670623B6378F24DFF000000A00100003B00000000000000000000000000091000006662782F45374635344235342D363743322D343832342D383044432D4334454645303536354442422F7265736F75
310
726365732F636F72652E786D6C504B0506000000000E000E0080040000611100000000
  0
XRECORD
  5
112
102
{ACAD_REACTORS
330
110
102
}
330
110
100
AcDbXrecord
280
     1
270
     1
271
     1
  0
XRECORD
  5
111
102
{ACAD_REACTORS
330
110
102
}
330
110
100
AcDbXrecord
280
     1
270
     1
271
     1
  0
XRECORD
  5
18A
102
{ACAD_REACTORS
330
110
102
}
330
110
100
AcDbXrecord
280
     1
 70
     0
 90
1778669749
  1
9BF507EE-FAF7-4A99-A33D-4EE51894BC40
310
504B03040A0000080000B670623B3DEE336E79000000790000001B0000006175746F6465736B2D64657369676E2D7061636B6167652E786D6C3C3F786D6C2076657273696F6E3D22312E302220656E636F64696E673D227574662D3822203F3E3C666F726D6174733E3C666F726D61743E687474703A2F2F736368656D612E
310
6175746F6465736B2E636F6D2F64657369676E2D7061636B6167652F323030393C2F666F726D61743E3C2F666F726D6174733E504B0304140006080800B670623BD486FD9CA0000000F4000000130000005B436F6E74656E745F54797065735D2E786D6C7D8EC10E82300C865F65E91D8A1E8C310C0EEA1BF002731658846E
310
D98AC1B77784ABF1D8FE5FBFBF75BBCE937A534CCEB38643598122B6FEE978D0B0485F9C41B54DDD7D022595594E1A469170414C76A4D9A4D207E29CF43ECE46F218070CC6BECC4078ACAA135ACF422C856C0E68EA1BF5669944DDD7BCDE7B1F8E415D77AECB980613C2E4AC91FC167A2B244592486606FC29C8FD7F045B9A
310
EF7053A7E60B504B0304140006080800B670623BCA089DFFEC0000007C01000008000000636F72652E786D6C8D90416E83301045AF62CDB632D8402020E32882F604BD80653BC44AB011B6AB1EBF262152BBEB6A467FFE9B197D76FA9EEFE84BAFDE38DB03CD08206DA553C64E3DC470C1474027CE56E7C22F1B202B66DDC3
310
260367D3EAE2B24BD2D9A06D48AA754AEFA2F05E0740F29E9A1EBCBCEA59642286E4F0B76C11F226269DD15797E0188D42CF2346A57DE662F40ABCAEC77628C6120F654571D50C04B7F5B9C1E3997CD4F550BE3745C3F20DE62C98F9755FAE5A04AD801784B498524C8A4F5A75E4D055873772EC0861F966FF03C545FD138A
310
C686B2D8DF7D621E384D8F3C069CE55B16A93C824A75CB8DFF00504B0304140006080800B670623B55019EA25F0000007C00000007000000636E782E786D6C4DCB3B0E80201045D1AD90E915ED2CF8AC45050C11660C8261F98AB1B07AC9C97D42D718D865D3E909258CFD00CCE24AC6E326A164D74DC0B4128928FF326038
310
472BA13128B1252AC747C6BAB984FC68F0B87FE8960A5C09FE86CFB69FBA01504B0304140006080800B670623B68FC0B7272010000D40300000C0000006662782F636F72652E786D6CC5535B6E833010BC8AE5DF0A6C1E8124328E22D29EA01770C0A128602363A31CBFCB234A53A555FA553EC09AD9F5CE8C31DB5DDA060D
310
D2F4B556190E7C8A9154852E6B5565D8D993B7C668C799D1DA7E29C3488956667884316795D1AE5BA0422B2B950554E9522EA0E87B69312A1A5864B82F3E642B7CE12C54F467BF13C55954D20F7CA0A18EB3DE1A1080E621E31BF3D3F1C2C88C73E65C5D2E6C5DC2B4FA544B8379921C36797888BC3C8A032F4E73EA6D927D
310
EA1DF6F42D49F2E8350D5346C666CE6CDD5ED515460A2B4BCC434A375E1078347C0FE22D5D6DE3D50B5D6F2965642CBF6B725DF96493AB958DC245EEDCD6631E809089F8E61622B2A81703E8219C913144F84C09DF070D8140C8561C9BAB8F3340832CAC363130A576376A108D933095FA747AD0CF0B46E64E983A6D0EAE1F
310
CE089F9EF1FB8E70D44255604258581E9D1D75B259C3125A278D37D80B52DAB4A279CEC62F0EFF44DDC43F9454E8469BFF5244960322CBEF41C6FBC83F01504B0304140006080800B670623B0F71DDB67E0000009D0000000B0000006662782F636E782E786D6C4DCCD10A83201886E15B91FFDCA54DB73F502386BB8F5816
310
32D3703976F9ABD1C18E3E78F87855FB990379BBFCF2296AE02706C4C5471A7C9C349475A408A4352AA7B4FEDD80C47E761A7606A3A69CCA72D0E0C6BE8475D3E0E3F3409428EA6B27A84079A782899AA2EC1A7AE3ECCC2FD858CB2D544655BFD2B67BD87C01504B0304140006080800B670623BE134B4FB28010000120200
310
00310000006662782F38353834323741342D343835462D343034322D383541392D4331303331363839454531452F636F72652E786D6C8D515B6EC32010BC0AE22B55850D0EA424C24451959EA0172086A42831583CAA1CBF503B52FB971F16CDCECC0EACD8DFC71BF836215AEF7A481A0C817183D7D65D7A98D3197108F652
310
04EFD31F1A044E8DA6871586525C82CFD3020DDE25E352419DD76601558C264130DCCAA58771F832A36A544E8511AFCDA486ABBA988634A55D7852C4144A00300FA927949C71DABD1D28A29C7D208A6987383B6CD13BC16BB2E1DBE3911C453B0BA5C8D9EA456E758963CFD684674DAA588A64C747FC2118958C86B2C3788B
310
0841B8FB247487D98EB257CC77188BB6D2FF89F2A49F1465EBD2BA5BE2CEB2082511EDDC9042FB7CBA3DC298FBE4430275DE2A9AE1054ADC60CC08E3A29D89E5F9C5714317C7987C28DFBBBA9E0A97B0D97643A568EB864AF95D5FA9759BF207504B0304140006080800B670623B1B8617914E010000330300003000000066
310
62782F38353834323741342D343835462D343034322D383541392D4331303331363839454531452F636E782E786D6CD593C16EC32010447F0571AD6CE3D489D20813A9877E410FBD62D82434182CC055F3F75D1292E692438FBD206B7698593D61BEFD1E2DF982108D773D6D6B460938E5B571FB9ECE6957AD29D90A1EBC4F
310
77364A9C1CA1A759A682EF839FA72269D8C9D92654AD71C72206887E0E0A22CAF926B15E498B01E0AA19451807D01A34B919F16B070157417138917400F2F6FA41FCF0092A45DEE414C19BDC21783E4BD39D891265658C3D8DEA00A3ACE59CBC8678ACB54CB26EEB6BD7839D7E9348BE70AD9C8321B9BCA7F9A4A26C542347
310
DEE050F09802D22BA6749A800A394DD62899107273365E3C82CFC6A55557BC06C10774B7ABE7AEC3B0F34CF06446280E154026D0542C187BA9DAB6628BF7B6DBB0E5A65B3EB1F58631DE64BBE083F7B65CC218087E22CABB042E51D1F2268F1FE12B3EA24D40D63E9CFE00120194D60B9D5BC67FE6D39CDF37E20AF817881F
310
504B0304140006080800B670623B5933D422630500003B100000340000006662782F38353834323741342D343835462D343034322D383541392D4331303331363839454531452F6F626A656374732E786D6CAD575B6FA33814FE2B887D0642934E9B156594264D158D3A534DD4D13E548A0C38942D60649B4EBABF7E3F8321
310
40924EF6928780CDF1B97EE762EFF32E4B8D37CA45C2F21BD3B547A641F39045491EDF98A5DC5AD7A6F1D9F73863B243661A39C9E88DA9B64DDF8B392B0BBD15D12D295339D85DDEFE618890E6D434C2940871638AF08566C426A5641115AF764424B1E3EDCE76ED9AB0CF36E6A47819302D08A7B984A6D8CFC1C5A89572FB
310
CB91E9F89EA3BEFB9EFAD754E3D3544E654F5F7E920B49F2F040D880CDD89D2CEE2E2EA7D6E56432B6269F2E5CEB7679BBB0DCABF168FE693E9FCEEEA6102C240727AD09A75BD3BF876F78127A4EFDA9D5582B7E4CA590E5390D2BFB6161A5B3E618D182E611E2985001691DAB47FDA5AB7CD3F93C566B2DB2BB7D9E55DD13
310
1D468DEECDB3AB290BFE8409E21C54704115AA6AFF68436BFC8DF65E0B184BF5B74418199194272435D224E084BF9B3E481589EFF5D828747285706581E9BB7B7E5D5D911ABFC6EE312DB7659A2A689A7E85EC0DF04FA5A8344BFEA2FCB834E8845895492EAFB541F2BDA0A63FF59C6AD3F7D4637CA13FD68E34B629891172
310
98597F1D183A57B9B75A98FE9765B05BAB7C3C2EBCE0ACA05C2AF8005A4DE09AA7F29216EB9E15397500C6F47CBE77CA7778FE2BD277AF0AE2C693DD6437D1522427B9D8329E2136F6A8FA19A3E6C56ADF0E5F50CF06D48734EDCEBF22F69C56D97EC138153F804B85E6FABFC7AFEFB32E523BE1F3BD372418E363EDCA7548
310
52949E8724474014288D94610BB57C1BEC4C7F854A89CA8E5324F55B871CBC78CE1BBEE3BFE68D6A5589EF3C730474506FCFA8FCF0659516D0ED04580EEA6425581B77CAE797FF4BCECC16EB2FEB926F49481F746159D06D922712BD730FDEAE42BD40F42C7AA5EF3F198F60E86110D6DD20645A9480B795CF95E3E3A659A8
310
C55E724F408873315335CFFB8584874484344D494E59D94869DB90C26A5B64F49C802CAC1D3ABE18A098D3B7444D123D8A9E5AE8F5214F0AE5B2B6E9B575DA3E61CBD3EA2B4009FA940524DD1305FB6A1FB294F14DF0BEA90BA109ECE1481FDC3FFAE8D60E75141700BE82725371B4873751B2DD960265F788137FACE6DD40
310
B575E4F0A5C99F46629D92131467A41EE11ABD8D4CCC039CA0AFB37C93A08B232B8F0AEFCA1E0A1015DF13FC83322B362463652ECF71D3A8B1A7D1BE65DE1D62C44F22C317D35F574FEB16153BA2D13E543D10A80E74C4A65E78A6B7CBCBD1D5DD9DB59C2DAFACC96C3AB566E3F1C29ADCDD5DBAD7D3C9ED7C822ED74F80A6
310
41755310DE4443F44A9E68373FADF6596BFA0F440AE7BECE2727AE9F4F2B1B53B1E7E00CF0DD1E5C65454A339A4BA2D0FBA05ED2EF0443458F47BDBFCA484CCFE0F2ED7E3DD0013B679C7B5499467F0ECEEADDB9CA85A34CE44B99053949D2C1416DB85DE4B136BB7165FBAC0B7AB3542BED4F8CA182A549847A1319316519
310
95A83A67147B9E5101C47487F2485F1ECE38FD568F839204296D3479219888530154036E6528FBFBC66F98E0D4107563A2D7D9AFF8D389681A08F58D89F22693900A3B407754734FC51C10C010D6D640809EE4718AC1BA3ED4AEDB53CA37283F68805A7E4B72CEB0A4EDEAD5DD8C14059A76AFAA56BA6901E13F32BC51C720
310
12AF41295B5BF61BAD3195181FB506E6B40F4C10AF5AF40EF9F5B159AE5DD1F43C72D635E94310D45C2D49785C5D0B94D3B54AB3C5A38349C0587D338AB48C11CBF339599C02CCA54A70A008A8D03C0B2201D5F9EFCF8F9CE12A9A19CB0410789EB32C63B95ECCF455D658BFE0621A3DA32C5075FB101723D77DAE867E7D0F
310
D90444509B44E2151B4DC2290B065803200FBAA9BE9D392A0603F2D5C2D00D6302A615680F66D2FA166E2079D4C551A54AB758161FCEFD4E450A14704CECFEDF504B0304140006080000B670623B000000000000000000000000350000006662782F38353834323741342D343835462D343034322D383541392D4331303331
310
363839454531452F76657274696365732E62696E504B0304140006080800B670623BF270F1330600000004000000360000006662782F38353834323741342D343835462D343034322D383541392D4331303331363839454531452F747269616E676C65732E62696E636660600000504B0304140006080000B670623B000000
310
000000000000000000370000006662782F38353834323741342D343835462D343034322D383541392D4331303331363839454531452F617474726962757465732E62696E504B0304140006080800B670623B08DA0BD19000000041010000360000006662782F38353834323741342D343835462D343034322D383541392D43
310
31303331363839454531452F6469726563746F72792E786D6C858F410AC3201045AF22B36F53E9A60B35CBEEBAE80D244E44489C6234F4F835464A48035D0DF398FF9F8AF63D0E6CC63039F212F8F9020C7D47C6792B21C5FE7403D62A1188E2E60C98D7234A5830286103A55745067B9D86B8A3CF9C7F90C11DE607FB1443
310
96D7B6A82D282E9A152AD114D5EF2CB866EEE831B8EEA07A7BB5A8D7D61A2BAAEB7FD5F70921FF497D00504B0304140006080800B670623BD9A3B367FE000000A00100003B0000006662782F38353834323741342D343835462D343034322D383541392D4331303331363839454531452F7265736F75726365732F636F7265
310
2E786D6C8D504B6E833010BD0A9A6D65B01D0201194711694FD00B586642AD043BF2A7EAF16B122AB5BB6E6646EFA3797AE2F8B5DC8A4FF4C1383B002B291468B59B8C9D0748F1420E501CA5F0CEC55F3228AC5A708015062966EFD27D83B4B3116DCCA875136EA00A012314FA968F0182FEC045952AC5AC08D7F2AEF455CD
310
58B232D3592745883E07289E4FD609D26370C96B0CA27AB252A464A64D63A6FCD35C0C7A904D73EE467EE664DCD58CD4ED4849D79C5A723ED1B7A61977AF2D6F45B59AA58866F9C9A83DAA8813484E6947182394BFB3BAA7FBBEDEBFD0434FA9A856F91F53BA4FFF342563E38E6F719FB60092E5200F428A6AED2BAF479979
310
AFDDCA6F504B010214000A0000080000B670623B3DEE336E79000000790000001B00000000000000000000000000000000006175746F6465736B2D64657369676E2D7061636B6167652E786D6C504B01021400140006080800B670623BD486FD9CA0000000F40000001300000000000000000000000000B20000005B436F6E
310
74656E745F54797065735D2E786D6C504B01021400140006080800B670623BCA089DFFEC0000007C010000080000000000000000000000000083010000636F72652E786D6C504B01021400140006080800B670623B55019EA25F0000007C000000070000000000000000000000000095020000636E782E786D6C504B010214
310
00140006080800B670623B68FC0B7272010000D40300000C00000000000000000000000000190300006662782F636F72652E786D6C504B01021400140006080800B670623B0F71DDB67E0000009D0000000B00000000000000000000000000B50400006662782F636E782E786D6C504B01021400140006080800B670623BE1
310
34B4FB280100001202000031000000000000000000000000005C0500006662782F38353834323741342D343835462D343034322D383541392D4331303331363839454531452F636F72652E786D6C504B01021400140006080800B670623B1B8617914E010000330300003000000000000000000000000000D3060000666278
310
2F38353834323741342D343835462D343034322D383541392D4331303331363839454531452F636E782E786D6C504B01021400140006080800B670623B5933D422630500003B10000034000000000000000000000000006F0800006662782F38353834323741342D343835462D343034322D383541392D4331303331363839
310
454531452F6F626A656374732E786D6C504B01021400140006080000B670623B0000000000000000000000003500000000000000000000000000240E00006662782F38353834323741342D343835462D343034322D383541392D4331303331363839454531452F76657274696365732E62696E504B01021400140006080800
310
B670623BF270F13306000000040000003600000000000000000000000000770E00006662782F38353834323741342D343835462D343034322D383541392D4331303331363839454531452F747269616E676C65732E62696E504B01021400140006080000B670623B0000000000000000000000003700000000000000000000
310
000000D10E00006662782F38353834323741342D343835462D343034322D383541392D4331303331363839454531452F617474726962757465732E62696E504B01021400140006080800B670623B08DA0BD190000000410100003600000000000000000000000000260F00006662782F38353834323741342D343835462D34
310
3034322D383541392D4331303331363839454531452F6469726563746F72792E786D6C504B01021400140006080800B670623BD9A3B367FE000000A00100003B000000000000000000000000000A1000006662782F38353834323741342D343835462D343034322D383541392D4331303331363839454531452F7265736F75
310
726365732F636F72652E786D6C504B0506000000000E000E0080040000611100000000
  0
XRECORD
  5
113
102
{ACAD_REACTORS
330
110
102
}
330
110
100
AcDbXrecord
280
     1
270
     1
271
     1
  0
XRECORD
  5
114
102
{ACAD_REACTORS
330
110
102
}
330
110
100
AcDbXrecord
280
     1
270
     1
271
     1
  0
XRECORD
  5
D67
102
{ACAD_REACTORS
330
D66
102
}
330
D66
100
AcDbXrecord
280
     1
102
DISPLAYNAME
  1
Imperial24
102
FLAGS
 90
        0
  0
CELLSTYLEMAP
  5
C8A
102
{ACAD_REACTORS
330
104
102
}
330
104
100
AcDbCellStyleMap
 90
        3
300
CELLSTYLE
  1
TABLEFORMAT_BEGIN
 90
        5
170
     1
 91
        0
 92
    32768
 62
   257
 93
        1
300
CONTENTFORMAT
  1
CONTENTFORMAT_BEGIN
 90
        0
 91
        0
 92
      512
 93
        0
300

 40
0.0
140
1.0
 94
        5
 62
     0
340
11
144
0.25
309
CONTENTFORMAT_END
171
     1
301
MARGIN
  1
CELLMARGIN_BEGIN
 40
0.06
 40
0.06
 40
0.06
 40
0.06
 40
0.18
 40
0.18
309
CELLMARGIN_END
 94
        6
 95
        1
302
GRIDFORMAT
  1
GRIDFORMAT_BEGIN
 90
        0
 91
        1
 62
     0
 92
       -2
340
0
 93
        0
 40
0.045
309
GRIDFORMAT_END
 95
        2
302
GRIDFORMAT
  1
GRIDFORMAT_BEGIN
 90
        0
 91
        1
 62
     0
 92
       -2
340
0
 93
        0
 40
0.045
309
GRIDFORMAT_END
 95
        4
302
GRIDFORMAT
  1
GRIDFORMAT_BEGIN
 90
        0
 91
        1
 62
     0
 92
       -2
340
0
 93
        0
 40
0.045
309
GRIDFORMAT_END
 95
        8
302
GRIDFORMAT
  1
GRIDFORMAT_BEGIN
 90
        0
 91
        1
 62
     0
 92
       -2
340
0
 93
        0
 40
0.045
309
GRIDFORMAT_END
 95
       16
302
GRIDFORMAT
  1
GRIDFORMAT_BEGIN
 90
        0
 91
        1
 62
     0
 92
       -2
340
0
 93
        0
 40
0.045
309
GRIDFORMAT_END
 95
       32
302
GRIDFORMAT
  1
GRIDFORMAT_BEGIN
 90
        0
 91
        1
 62
     0
 92
       -2
340
0
 93
        0
 40
0.045
309
GRIDFORMAT_END
309
TABLEFORMAT_END
  1
CELLSTYLE_BEGIN
 90
        1
 91
        1
300
_TITLE
309
CELLSTYLE_END
300
CELLSTYLE
  1
TABLEFORMAT_BEGIN
 90
        5
170
     1
 91
        0
 92
        0
 62
   257
 93
        1
300
CONTENTFORMAT
  1
CONTENTFORMAT_BEGIN
 90
        0
 91
        0
 92
      512
 93
        0
300

 40
0.0
140
1.0
 94
        5
 62
     0
340
11
144
0.18
309
CONTENTFORMAT_END
171
     1
301
MARGIN
  1
CELLMARGIN_BEGIN
 40
0.06
 40
0.06
 40
0.06
 40
0.06
 40
0.18
 40
0.18
309
CELLMARGIN_END
 94
        6
 95
        1
302
GRIDFORMAT
  1
GRIDFORMAT_BEGIN
 90
        0
 91
        1
 62
     0
 92
       -2
340
0
 93
        0
 40
0.045
309
GRIDFORMAT_END
 95
        2
302
GRIDFORMAT
  1
GRIDFORMAT_BEGIN
 90
        0
 91
        1
 62
     0
 92
       -2
340
0
 93
        0
 40
0.045
309
GRIDFORMAT_END
 95
        4
302
GRIDFORMAT
  1
GRIDFORMAT_BEGIN
 90
        0
 91
        1
 62
     0
 92
       -2
340
0
 93
        0
 40
0.045
309
GRIDFORMAT_END
 95
        8
302
GRIDFORMAT
  1
GRIDFORMAT_BEGIN
 90
        0
 91
        1
 62
     0
 92
       -2
340
0
 93
        0
 40
0.045
309
GRIDFORMAT_END
 95
       16
302
GRIDFORMAT
  1
GRIDFORMAT_BEGIN
 90
        0
 91
        1
 62
     0
 92
       -2
340
0
 93
        0
 40
0.045
309
GRIDFORMAT_END
 95
       32
302
GRIDFORMAT
  1
GRIDFORMAT_BEGIN
 90
        0
 91
        1
 62
     0
 92
       -2
340
0
 93
        0
 40
0.045
309
GRIDFORMAT_END
309
TABLEFORMAT_END
  1
CELLSTYLE_BEGIN
 90
        2
 91
        1
300
_HEADER
309
CELLSTYLE_END
300
CELLSTYLE
  1
TABLEFORMAT_BEGIN
 90
        5
170
     1
 91
        0
 92
        0
 62
   257
 93
        1
300
CONTENTFORMAT
  1
CONTENTFORMAT_BEGIN
 90
        0
 91
        0
 92
      512
 93
        0
300

 40
0.0
140
1.0
 94
        2
 62
     0
340
11
144
0.18
309
CONTENTFORMAT_END
171
     1
301
MARGIN
  1
CELLMARGIN_BEGIN
 40
0.06
 40
0.06
 40
0.06
 40
0.06
 40
0.18
 40
0.18
309
CELLMARGIN_END
 94
        6
 95
        1
302
GRIDFORMAT
  1
GRIDFORMAT_BEGIN
 90
        0
 91
        1
 62
     0
 92
       -2
340
0
 93
        0
 40
0.045
309
GRIDFORMAT_END
 95
        2
302
GRIDFORMAT
  1
GRIDFORMAT_BEGIN
 90
        0
 91
        1
 62
     0
 92
       -2
340
0
 93
        0
 40
0.045
309
GRIDFORMAT_END
 95
        4
302
GRIDFORMAT
  1
GRIDFORMAT_BEGIN
 90
        0
 91
        1
 62
     0
 92
       -2
340
0
 93
        0
 40
0.045
309
GRIDFORMAT_END
 95
        8
302
GRIDFORMAT
  1
GRIDFORMAT_BEGIN
 90
        0
 91
        1
 62
     0
 92
       -2
340
0
 93
        0
 40
0.045
309
GRIDFORMAT_END
 95
       16
302
GRIDFORMAT
  1
GRIDFORMAT_BEGIN
 90
        0
 91
        1
 62
     0
 92
       -2
340
0
 93
        0
 40
0.045
309
GRIDFORMAT_END
 95
       32
302
GRIDFORMAT
  1
GRIDFORMAT_BEGIN
 90
        0
 91
        1
 62
     0
 92
       -2
340
0
 93
        0
 40
0.045
309
GRIDFORMAT_END
309
TABLEFORMAT_END
  1
CELLSTYLE_BEGIN
 90
        3
 91
        2
300
_DATA
309
CELLSTYLE_END
  0
XRECORD
  5
D41
102
{ACAD_REACTORS
330
D40
102
}
330
D40
100
AcDbXrecord
280
     1
102
RTVSPost2010Prop28
280
     1
102
RTVSPost2010PropOp28
 70
     1
102
RTVSPost2010Prop29
280
     1
102
RTVSPost2010PropOp29
 70
     1
102
RTVSPost2010Prop30
280
     0
102
RTVSPost2010PropOp30
 70
     1
102
RTVSPost2010Prop31
280
     0
102
RTVSPost2010PropOp31
 70
     1
102
RTVSPost2010Prop32
280
     0
102
RTVSPost2010PropOp32
 70
     1
102
RTVSPost2010Prop33
280
     0
102
RTVSPost2010PropOp33
 70
     1
102
RTVSPost2010Prop34
280
     0
102
RTVSPost2010PropOp34
 70
     1
102
RTVSPost2010Prop35
280
     0
102
RTVSPost2010PropOp35
 70
     1
102
RTVSPost2010Prop36
280
     0
102
RTVSPost2010PropOp36
 70
     1
102
RTVSPost2010Prop37
 90
       50
102
RTVSPost2010PropOp37
 70
     1
102
RTVSPost2010Prop38
140
0.0
102
RTVSPost2010PropOp38
 70
     1
102
RTVSPost2010Prop39
140
1.0
102
RTVSPost2010PropOp39
 70
     1
102
RTVSPost2010Prop40
 90
        0
102
RTVSPost2010PropOp40
 70
     1
102
RTVSPost2010Prop41ColorIndex
 90
       18
102
RTVSPost2010Prop41ColorRGB
 90
        0
102
RTVSPost2010PropOp41
 70
     1
102
RTVSPost2010Prop42
 90
       50
102
RTVSPost2010PropOp42
 70
     1
102
RTVSPost2010Prop43
 90
        3
102
RTVSPost2010PropOp43
 70
     1
102
RTVSPost2010Prop44ColorIndex
 90
        5
102
RTVSPost2010Prop44ColorRGB
 90
      255
102
RTVSPost2010PropOp44
 70
     1
102
RTVSPost2010Prop45
280
     0
102
RTVSPost2010PropOp45
 70
     1
102
RTVSPost2010Prop46
 90
       50
102
RTVSPost2010PropOp46
 70
     1
102
RTVSPost2010Prop47
 90
       50
102
RTVSPost2010PropOp47
 70
     1
102
RTVSPost2010Prop48
 90
       50
102
RTVSPost2010PropOp48
 70
     1
102
RTVSPost2010Prop49
280
     0
102
RTVSPost2010PropOp49
 70
     1
102
RTVSPost2010Prop50
 90
       50
102
RTVSPost2010PropOp50
 70
     1
102
RTVSPost2010Prop51ColorIndex
 90
      256
102
RTVSPost2010Prop51ColorRGB
 90
-16777216
102
RTVSPost2010PropOp51
 70
     0
102
RTVSPost2010Prop52
140
1.0
102
RTVSPost2010PropOp52
 70
     0
102
RTVSPost2010Prop53
 90
        2
102
RTVSPost2010PropOp53
 70
     1
102
RTVSPost2010Prop54
  1
strokes_ogs.tif
102
RTVSPost2010PropOp54
 70
     1
102
RTVSPost2010Prop55
280
     0
102
RTVSPost2010PropOp55
 70
     1
102
RTVSPost2010Prop56
140
1.0
102
RTVSPost2010PropOp56
 70
     1
102
RTVSPost2010Prop57
140
1.0
102
RTVSPost2010PropOp57
 70
     1
  0
XRECORD
  5
D3F
102
{ACAD_REACTORS
330
D3E
102
}
330
D3E
100
AcDbXrecord
280
     1
102
RTVSPost2010Prop28
280
     0
102
RTVSPost2010PropOp28
 70
     1
102
RTVSPost2010Prop29
280
     1
102
RTVSPost2010PropOp29
 70
     1
102
RTVSPost2010Prop30
280
     1
102
RTVSPost2010PropOp30
 70
     1
102
RTVSPost2010Prop31
280
     0
102
RTVSPost2010PropOp31
 70
     1
102
RTVSPost2010Prop32
280
     0
102
RTVSPost2010PropOp32
 70
     1
102
RTVSPost2010Prop33
280
     0
102
RTVSPost2010PropOp33
 70
     1
102
RTVSPost2010Prop34
280
     0
102
RTVSPost2010PropOp34
 70
     1
102
RTVSPost2010Prop35
280
     0
102
RTVSPost2010PropOp35
 70
     1
102
RTVSPost2010Prop36
280
     0
102
RTVSPost2010PropOp36
 70
     1
102
RTVSPost2010Prop37
 90
       50
102
RTVSPost2010PropOp37
 70
     1
102
RTVSPost2010Prop38
140
0.0
102
RTVSPost2010PropOp38
 70
     1
102
RTVSPost2010Prop39
140
1.0
102
RTVSPost2010PropOp39
 70
     1
102
RTVSPost2010Prop40
 90
        0
102
RTVSPost2010PropOp40
 70
     1
102
RTVSPost2010Prop41ColorIndex
 90
       18
102
RTVSPost2010Prop41ColorRGB
 90
        0
102
RTVSPost2010PropOp41
 70
     1
102
RTVSPost2010Prop42
 90
       50
102
RTVSPost2010PropOp42
 70
     1
102
RTVSPost2010Prop43
 90
        3
102
RTVSPost2010PropOp43
 70
     1
102
RTVSPost2010Prop44ColorIndex
 90
        5
102
RTVSPost2010Prop44ColorRGB
 90
      255
102
RTVSPost2010PropOp44
 70
     1
102
RTVSPost2010Prop45
280
     0
102
RTVSPost2010PropOp45
 70
     1
102
RTVSPost2010Prop46
 90
       50
102
RTVSPost2010PropOp46
 70
     1
102
RTVSPost2010Prop47
 90
       50
102
RTVSPost2010PropOp47
 70
     1
102
RTVSPost2010Prop48
 90
       50
102
RTVSPost2010PropOp48
 70
     1
102
RTVSPost2010Prop49
280
     0
102
RTVSPost2010PropOp49
 70
     1
102
RTVSPost2010Prop50
 90
       50
102
RTVSPost2010PropOp50
 70
     1
102
RTVSPost2010Prop51ColorIndex
 90
      256
102
RTVSPost2010Prop51ColorRGB
 90
-16777216
102
RTVSPost2010PropOp51
 70
     0
102
RTVSPost2010Prop52
140
1.0
102
RTVSPost2010PropOp52
 70
     0
102
RTVSPost2010Prop53
 90
        2
102
RTVSPost2010PropOp53
 70
     1
102
RTVSPost2010Prop54
  1
strokes_ogs.tif
102
RTVSPost2010PropOp54
 70
     1
102
RTVSPost2010Prop55
280
     0
102
RTVSPost2010PropOp55
 70
     1
102
RTVSPost2010Prop56
140
1.0
102
RTVSPost2010PropOp56
 70
     1
102
RTVSPost2010Prop57
140
1.0
102
RTVSPost2010PropOp57
 70
     1
  0
XRECORD
  5
D4D
102
{ACAD_REACTORS
330
D4C
102
}
330
D4C
100
AcDbXrecord
280
     1
102
RTVSPost2010Prop28
280
     0
102
RTVSPost2010PropOp28
 70
     1
102
RTVSPost2010Prop29
280
     1
102
RTVSPost2010PropOp29
 70
     1
102
RTVSPost2010Prop30
280
     1
102
RTVSPost2010PropOp30
 70
     1
102
RTVSPost2010Prop31
280
     0
102
RTVSPost2010PropOp31
 70
     1
102
RTVSPost2010Prop32
280
     0
102
RTVSPost2010PropOp32
 70
     1
102
RTVSPost2010Prop33
280
     0
102
RTVSPost2010PropOp33
 70
     1
102
RTVSPost2010Prop34
280
     0
102
RTVSPost2010PropOp34
 70
     1
102
RTVSPost2010Prop35
280
     0
102
RTVSPost2010PropOp35
 70
     1
102
RTVSPost2010Prop36
280
     0
102
RTVSPost2010PropOp36
 70
     1
102
RTVSPost2010Prop37
 90
       50
102
RTVSPost2010PropOp37
 70
     1
102
RTVSPost2010Prop38
140
0.0
102
RTVSPost2010PropOp38
 70
     1
102
RTVSPost2010Prop39
140
1.0
102
RTVSPost2010PropOp39
 70
     1
102
RTVSPost2010Prop40
 90
        0
102
RTVSPost2010PropOp40
 70
     1
102
RTVSPost2010Prop41ColorIndex
 90
       18
102
RTVSPost2010Prop41ColorRGB
 90
        0
102
RTVSPost2010PropOp41
 70
     1
102
RTVSPost2010Prop42
 90
       50
102
RTVSPost2010PropOp42
 70
     1
102
RTVSPost2010Prop43
 90
        3
102
RTVSPost2010PropOp43
 70
     1
102
RTVSPost2010Prop44ColorIndex
 90
        5
102
RTVSPost2010Prop44ColorRGB
 90
      255
102
RTVSPost2010PropOp44
 70
     1
102
RTVSPost2010Prop45
280
     0
102
RTVSPost2010PropOp45
 70
     1
102
RTVSPost2010Prop46
 90
       50
102
RTVSPost2010PropOp46
 70
     1
102
RTVSPost2010Prop47
 90
       50
102
RTVSPost2010PropOp47
 70
     1
102
RTVSPost2010Prop48
 90
       50
102
RTVSPost2010PropOp48
 70
     1
102
RTVSPost2010Prop49
280
     0
102
RTVSPost2010PropOp49
 70
     1
102
RTVSPost2010Prop50
 90
       50
102
RTVSPost2010PropOp50
 70
     1
102
RTVSPost2010Prop51ColorIndex
 90
      256
102
RTVSPost2010Prop51ColorRGB
 90
-16777216
102
RTVSPost2010PropOp51
 70
     0
102
RTVSPost2010Prop52
140
1.0
102
RTVSPost2010PropOp52
 70
     0
102
RTVSPost2010Prop53
 90
        2
102
RTVSPost2010PropOp53
 70
     1
102
RTVSPost2010Prop54
  1
strokes_ogs.tif
102
RTVSPost2010PropOp54
 70
     1
102
RTVSPost2010Prop55
280
     0
102
RTVSPost2010PropOp55
 70
     1
102
RTVSPost2010Prop56
140
1.0
102
RTVSPost2010PropOp56
 70
     1
102
RTVSPost2010Prop57
140
1.0
102
RTVSPost2010PropOp57
 70
     1
  0
XRECORD
  5
D55
102
{ACAD_REACTORS
330
D54
102
}
330
D54
100
AcDbXrecord
280
     1
102
RTVSPost2010Prop28
280
     0
102
RTVSPost2010PropOp28
 70
     1
102
RTVSPost2010Prop29
280
     1
102
RTVSPost2010PropOp29
 70
     1
102
RTVSPost2010Prop30
280
     1
102
RTVSPost2010PropOp30
 70
     1
102
RTVSPost2010Prop31
280
     0
102
RTVSPost2010PropOp31
 70
     1
102
RTVSPost2010Prop32
280
     0
102
RTVSPost2010PropOp32
 70
     1
102
RTVSPost2010Prop33
280
     0
102
RTVSPost2010PropOp33
 70
     1
102
RTVSPost2010Prop34
280
     0
102
RTVSPost2010PropOp34
 70
     1
102
RTVSPost2010Prop35
280
     0
102
RTVSPost2010PropOp35
 70
     1
102
RTVSPost2010Prop36
280
     0
102
RTVSPost2010PropOp36
 70
     1
102
RTVSPost2010Prop37
 90
       50
102
RTVSPost2010PropOp37
 70
     1
102
RTVSPost2010Prop38
140
0.0
102
RTVSPost2010PropOp38
 70
     1
102
RTVSPost2010Prop39
140
1.0
102
RTVSPost2010PropOp39
 70
     1
102
RTVSPost2010Prop40
 90
        0
102
RTVSPost2010PropOp40
 70
     1
102
RTVSPost2010Prop41ColorIndex
 90
       18
102
RTVSPost2010Prop41ColorRGB
 90
        0
102
RTVSPost2010PropOp41
 70
     1
102
RTVSPost2010Prop42
 90
       50
102
RTVSPost2010PropOp42
 70
     1
102
RTVSPost2010Prop43
 90
        3
102
RTVSPost2010PropOp43
 70
     1
102
RTVSPost2010Prop44ColorIndex
 90
        5
102
RTVSPost2010Prop44ColorRGB
 90
      255
102
RTVSPost2010PropOp44
 70
     1
102
RTVSPost2010Prop45
280
     0
102
RTVSPost2010PropOp45
 70
     1
102
RTVSPost2010Prop46
 90
       50
102
RTVSPost2010PropOp46
 70
     1
102
RTVSPost2010Prop47
 90
       50
102
RTVSPost2010PropOp47
 70
     1
102
RTVSPost2010Prop48
 90
       50
102
RTVSPost2010PropOp48
 70
     1
102
RTVSPost2010Prop49
280
     0
102
RTVSPost2010PropOp49
 70
     1
102
RTVSPost2010Prop50
 90
       50
102
RTVSPost2010PropOp50
 70
     1
102
RTVSPost2010Prop51ColorIndex
 90
      256
102
RTVSPost2010Prop51ColorRGB
 90
-16777216
102
RTVSPost2010PropOp51
 70
     0
102
RTVSPost2010Prop52
140
1.0
102
RTVSPost2010PropOp52
 70
     0
102
RTVSPost2010Prop53
 90
        2
102
RTVSPost2010PropOp53
 70
     1
102
RTVSPost2010Prop54
  1
strokes_ogs.tif
102
RTVSPost2010PropOp54
 70
     1
102
RTVSPost2010Prop55
280
     0
102
RTVSPost2010PropOp55
 70
     1
102
RTVSPost2010Prop56
140
1.0
102
RTVSPost2010PropOp56
 70
     1
102
RTVSPost2010Prop57
140
1.0
102
RTVSPost2010PropOp57
 70
     1
  0
XRECORD
  5
D47
102
{ACAD_REACTORS
330
D46
102
}
330
D46
100
AcDbXrecord
280
     1
102
RTVSPost2010Prop28
280
     0
102
RTVSPost2010PropOp28
 70
     1
102
RTVSPost2010Prop29
280
     1
102
RTVSPost2010PropOp29
 70
     1
102
RTVSPost2010Prop30
280
     1
102
RTVSPost2010PropOp30
 70
     1
102
RTVSPost2010Prop31
280
     0
102
RTVSPost2010PropOp31
 70
     1
102
RTVSPost2010Prop32
280
     0
102
RTVSPost2010PropOp32
 70
     1
102
RTVSPost2010Prop33
280
     0
102
RTVSPost2010PropOp33
 70
     1
102
RTVSPost2010Prop34
280
     0
102
RTVSPost2010PropOp34
 70
     1
102
RTVSPost2010Prop35
280
     0
102
RTVSPost2010PropOp35
 70
     1
102
RTVSPost2010Prop36
280
     0
102
RTVSPost2010PropOp36
 70
     1
102
RTVSPost2010Prop37
 90
       50
102
RTVSPost2010PropOp37
 70
     1
102
RTVSPost2010Prop38
140
0.0
102
RTVSPost2010PropOp38
 70
     1
102
RTVSPost2010Prop39
140
1.0
102
RTVSPost2010PropOp39
 70
     1
102
RTVSPost2010Prop40
 90
        0
102
RTVSPost2010PropOp40
 70
     1
102
RTVSPost2010Prop41ColorIndex
 90
       18
102
RTVSPost2010Prop41ColorRGB
 90
        0
102
RTVSPost2010PropOp41
 70
     1
102
RTVSPost2010Prop42
 90
       50
102
RTVSPost2010PropOp42
 70
     1
102
RTVSPost2010Prop43
 90
        3
102
RTVSPost2010PropOp43
 70
     1
102
RTVSPost2010Prop44ColorIndex
 90
        5
102
RTVSPost2010Prop44ColorRGB
 90
      255
102
RTVSPost2010PropOp44
 70
     1
102
RTVSPost2010Prop45
280
     0
102
RTVSPost2010PropOp45
 70
     1
102
RTVSPost2010Prop46
 90
       50
102
RTVSPost2010PropOp46
 70
     1
102
RTVSPost2010Prop47
 90
       50
102
RTVSPost2010PropOp47
 70
     1
102
RTVSPost2010Prop48
 90
       50
102
RTVSPost2010PropOp48
 70
     1
102
RTVSPost2010Prop49
280
     0
102
RTVSPost2010PropOp49
 70
     1
102
RTVSPost2010Prop50
 90
       50
102
RTVSPost2010PropOp50
 70
     1
102
RTVSPost2010Prop51ColorIndex
 90
      256
102
RTVSPost2010Prop51ColorRGB
 90
-16777216
102
RTVSPost2010PropOp51
 70
     0
102
RTVSPost2010Prop52
140
1.0
102
RTVSPost2010PropOp52
 70
     0
102
RTVSPost2010Prop53
 90
        2
102
RTVSPost2010PropOp53
 70
     1
102
RTVSPost2010Prop54
  1
strokes_ogs.tif
102
RTVSPost2010PropOp54
 70
     1
102
RTVSPost2010Prop55
280
     0
102
RTVSPost2010PropOp55
 70
     1
102
RTVSPost2010Prop56
140
1.0
102
RTVSPost2010PropOp56
 70
     1
102
RTVSPost2010Prop57
140
1.0
102
RTVSPost2010PropOp57
 70
     1
  0
XRECORD
  5
D4B
102
{ACAD_REACTORS
330
D4A
102
}
330
D4A
100
AcDbXrecord
280
     1
102
RTVSPost2010Prop28
280
     0
102
RTVSPost2010PropOp28
 70
     1
102
RTVSPost2010Prop29
280
     1
102
RTVSPost2010PropOp29
 70
     1
102
RTVSPost2010Prop30
280
     1
102
RTVSPost2010PropOp30
 70
     1
102
RTVSPost2010Prop31
280
     0
102
RTVSPost2010PropOp31
 70
     1
102
RTVSPost2010Prop32
280
     0
102
RTVSPost2010PropOp32
 70
     1
102
RTVSPost2010Prop33
280
     0
102
RTVSPost2010PropOp33
 70
     1
102
RTVSPost2010Prop34
280
     0
102
RTVSPost2010PropOp34
 70
     1
102
RTVSPost2010Prop35
280
     0
102
RTVSPost2010PropOp35
 70
     1
102
RTVSPost2010Prop36
280
     0
102
RTVSPost2010PropOp36
 70
     1
102
RTVSPost2010Prop37
 90
       50
102
RTVSPost2010PropOp37
 70
     1
102
RTVSPost2010Prop38
140
0.0
102
RTVSPost2010PropOp38
 70
     1
102
RTVSPost2010Prop39
140
1.0
102
RTVSPost2010PropOp39
 70
     1
102
RTVSPost2010Prop40
 90
        0
102
RTVSPost2010PropOp40
 70
     1
102
RTVSPost2010Prop41ColorIndex
 90
       18
102
RTVSPost2010Prop41ColorRGB
 90
        0
102
RTVSPost2010PropOp41
 70
     1
102
RTVSPost2010Prop42
 90
       50
102
RTVSPost2010PropOp42
 70
     1
102
RTVSPost2010Prop43
 90
        3
102
RTVSPost2010PropOp43
 70
     1
102
RTVSPost2010Prop44ColorIndex
 90
        5
102
RTVSPost2010Prop44ColorRGB
 90
      255
102
RTVSPost2010PropOp44
 70
     1
102
RTVSPost2010Prop45
280
     0
102
RTVSPost2010PropOp45
 70
     1
102
RTVSPost2010Prop46
 90
       50
102
RTVSPost2010PropOp46
 70
     1
102
RTVSPost2010Prop47
 90
       50
102
RTVSPost2010PropOp47
 70
     1
102
RTVSPost2010Prop48
 90
       50
102
RTVSPost2010PropOp48
 70
     1
102
RTVSPost2010Prop49
280
     0
102
RTVSPost2010PropOp49
 70
     1
102
RTVSPost2010Prop50
 90
       50
102
RTVSPost2010PropOp50
 70
     1
102
RTVSPost2010Prop51ColorIndex
 90
      256
102
RTVSPost2010Prop51ColorRGB
 90
-16777216
102
RTVSPost2010PropOp51
 70
     0
102
RTVSPost2010Prop52
140
1.0
102
RTVSPost2010PropOp52
 70
     0
102
RTVSPost2010Prop53
 90
        2
102
RTVSPost2010PropOp53
 70
     1
102
RTVSPost2010Prop54
  1
strokes_ogs.tif
102
RTVSPost2010PropOp54
 70
     1
102
RTVSPost2010Prop55
280
     0
102
RTVSPost2010PropOp55
 70
     1
102
RTVSPost2010Prop56
140
1.0
102
RTVSPost2010PropOp56
 70
     1
102
RTVSPost2010Prop57
140
1.0
102
RTVSPost2010PropOp57
 70
     1
  0
XRECORD
  5
D5B
102
{ACAD_REACTORS
330
D5A
102
}
330
D5A
100
AcDbXrecord
280
     1
102
RTVSPost2010Prop28
280
     0
102
RTVSPost2010PropOp28
 70
     1
102
RTVSPost2010Prop29
280
     1
102
RTVSPost2010PropOp29
 70
     1
102
RTVSPost2010Prop30
280
     1
102
RTVSPost2010PropOp30
 70
     1
102
RTVSPost2010Prop31
280
     0
102
RTVSPost2010PropOp31
 70
     1
102
RTVSPost2010Prop32
280
     0
102
RTVSPost2010PropOp32
 70
     1
102
RTVSPost2010Prop33
280
     0
102
RTVSPost2010PropOp33
 70
     1
102
RTVSPost2010Prop34
280
     0
102
RTVSPost2010PropOp34
 70
     1
102
RTVSPost2010Prop35
280
     0
102
RTVSPost2010PropOp35
 70
     1
102
RTVSPost2010Prop36
280
     0
102
RTVSPost2010PropOp36
 70
     1
102
RTVSPost2010Prop37
 90
       50
102
RTVSPost2010PropOp37
 70
     1
102
RTVSPost2010Prop38
140
0.0
102
RTVSPost2010PropOp38
 70
     1
102
RTVSPost2010Prop39
140
1.0
102
RTVSPost2010PropOp39
 70
     1
102
RTVSPost2010Prop40
 90
        0
102
RTVSPost2010PropOp40
 70
     1
102
RTVSPost2010Prop41ColorIndex
 90
       18
102
RTVSPost2010Prop41ColorRGB
 90
        0
102
RTVSPost2010PropOp41
 70
     1
102
RTVSPost2010Prop42
 90
       50
102
RTVSPost2010PropOp42
 70
     1
102
RTVSPost2010Prop43
 90
        3
102
RTVSPost2010PropOp43
 70
     1
102
RTVSPost2010Prop44ColorIndex
 90
        5
102
RTVSPost2010Prop44ColorRGB
 90
      255
102
RTVSPost2010PropOp44
 70
     1
102
RTVSPost2010Prop45
280
     0
102
RTVSPost2010PropOp45
 70
     1
102
RTVSPost2010Prop46
 90
       50
102
RTVSPost2010PropOp46
 70
     1
102
RTVSPost2010Prop47
 90
       50
102
RTVSPost2010PropOp47
 70
     1
102
RTVSPost2010Prop48
 90
       50
102
RTVSPost2010PropOp48
 70
     1
102
RTVSPost2010Prop49
280
     0
102
RTVSPost2010PropOp49
 70
     1
102
RTVSPost2010Prop50
 90
       50
102
RTVSPost2010PropOp50
 70
     1
102
RTVSPost2010Prop51ColorIndex
 90
      256
102
RTVSPost2010Prop51ColorRGB
 90
-16777216
102
RTVSPost2010PropOp51
 70
     0
102
RTVSPost2010Prop52
140
1.0
102
RTVSPost2010PropOp52
 70
     0
102
RTVSPost2010Prop53
 90
        2
102
RTVSPost2010PropOp53
 70
     1
102
RTVSPost2010Prop54
  1
strokes_ogs.tif
102
RTVSPost2010PropOp54
 70
     1
102
RTVSPost2010Prop55
280
     0
102
RTVSPost2010PropOp55
 70
     1
102
RTVSPost2010Prop56
140
1.0
102
RTVSPost2010PropOp56
 70
     1
102
RTVSPost2010Prop57
140
1.0
102
RTVSPost2010PropOp57
 70
     1
  0
XRECORD
  5
D53
102
{ACAD_REACTORS
330
D52
102
}
330
D52
100
AcDbXrecord
280
     1
102
RTVSPost2010Prop28
280
     0
102
RTVSPost2010PropOp28
 70
     1
102
RTVSPost2010Prop29
280
     1
102
RTVSPost2010PropOp29
 70
     1
102
RTVSPost2010Prop30
280
     1
102
RTVSPost2010PropOp30
 70
     1
102
RTVSPost2010Prop31
280
     0
102
RTVSPost2010PropOp31
 70
     1
102
RTVSPost2010Prop32
280
     0
102
RTVSPost2010PropOp32
 70
     1
102
RTVSPost2010Prop33
280
     0
102
RTVSPost2010PropOp33
 70
     1
102
RTVSPost2010Prop34
280
     0
102
RTVSPost2010PropOp34
 70
     1
102
RTVSPost2010Prop35
280
     0
102
RTVSPost2010PropOp35
 70
     1
102
RTVSPost2010Prop36
280
     0
102
RTVSPost2010PropOp36
 70
     1
102
RTVSPost2010Prop37
 90
       50
102
RTVSPost2010PropOp37
 70
     1
102
RTVSPost2010Prop38
140
0.0
102
RTVSPost2010PropOp38
 70
     1
102
RTVSPost2010Prop39
140
1.0
102
RTVSPost2010PropOp39
 70
     1
102
RTVSPost2010Prop40
 90
        0
102
RTVSPost2010PropOp40
 70
     1
102
RTVSPost2010Prop41ColorIndex
 90
       18
102
RTVSPost2010Prop41ColorRGB
 90
        0
102
RTVSPost2010PropOp41
 70
     1
102
RTVSPost2010Prop42
 90
       50
102
RTVSPost2010PropOp42
 70
     1
102
RTVSPost2010Prop43
 90
        3
102
RTVSPost2010PropOp43
 70
     1
102
RTVSPost2010Prop44ColorIndex
 90
        5
102
RTVSPost2010Prop44ColorRGB
 90
      255
102
RTVSPost2010PropOp44
 70
     1
102
RTVSPost2010Prop45
280
     0
102
RTVSPost2010PropOp45
 70
     1
102
RTVSPost2010Prop46
 90
       50
102
RTVSPost2010PropOp46
 70
     1
102
RTVSPost2010Prop47
 90
       50
102
RTVSPost2010PropOp47
 70
     1
102
RTVSPost2010Prop48
 90
       50
102
RTVSPost2010PropOp48
 70
     1
102
RTVSPost2010Prop49
280
     0
102
RTVSPost2010PropOp49
 70
     1
102
RTVSPost2010Prop50
 90
       50
102
RTVSPost2010PropOp50
 70
     1
102
RTVSPost2010Prop51ColorIndex
 90
      256
102
RTVSPost2010Prop51ColorRGB
 90
-16777216
102
RTVSPost2010PropOp51
 70
     0
102
RTVSPost2010Prop52
140
1.0
102
RTVSPost2010PropOp52
 70
     0
102
RTVSPost2010Prop53
 90
        2
102
RTVSPost2010PropOp53
 70
     1
102
RTVSPost2010Prop54
  1
strokes_ogs.tif
102
RTVSPost2010PropOp54
 70
     1
102
RTVSPost2010Prop55
280
     0
102
RTVSPost2010PropOp55
 70
     1
102
RTVSPost2010Prop56
140
1.0
102
RTVSPost2010PropOp56
 70
     1
102
RTVSPost2010Prop57
140
1.0
102
RTVSPost2010PropOp57
 70
     1
  0
XRECORD
  5
D37
102
{ACAD_REACTORS
330
D36
102
}
330
D36
100
AcDbXrecord
280
     1
102
RTVSPost2010Prop28
280
     0
102
RTVSPost2010PropOp28
 70
     1
102
RTVSPost2010Prop29
280
     1
102
RTVSPost2010PropOp29
 70
     1
102
RTVSPost2010Prop30
280
     1
102
RTVSPost2010PropOp30
 70
     1
102
RTVSPost2010Prop31
280
     0
102
RTVSPost2010PropOp31
 70
     1
102
RTVSPost2010Prop32
280
     0
102
RTVSPost2010PropOp32
 70
     1
102
RTVSPost2010Prop33
280
     0
102
RTVSPost2010PropOp33
 70
     1
102
RTVSPost2010Prop34
280
     0
102
RTVSPost2010PropOp34
 70
     1
102
RTVSPost2010Prop35
280
     0
102
RTVSPost2010PropOp35
 70
     1
102
RTVSPost2010Prop36
280
     0
102
RTVSPost2010PropOp36
 70
     1
102
RTVSPost2010Prop37
 90
       50
102
RTVSPost2010PropOp37
 70
     1
102
RTVSPost2010Prop38
140
0.0
102
RTVSPost2010PropOp38
 70
     1
102
RTVSPost2010Prop39
140
1.0
102
RTVSPost2010PropOp39
 70
     1
102
RTVSPost2010Prop40
 90
        0
102
RTVSPost2010PropOp40
 70
     1
102
RTVSPost2010Prop41ColorIndex
 90
       18
102
RTVSPost2010Prop41ColorRGB
 90
        0
102
RTVSPost2010PropOp41
 70
     1
102
RTVSPost2010Prop42
 90
       50
102
RTVSPost2010PropOp42
 70
     1
102
RTVSPost2010Prop43
 90
        3
102
RTVSPost2010PropOp43
 70
     1
102
RTVSPost2010Prop44ColorIndex
 90
        5
102
RTVSPost2010Prop44ColorRGB
 90
      255
102
RTVSPost2010PropOp44
 70
     1
102
RTVSPost2010Prop45
280
     0
102
RTVSPost2010PropOp45
 70
     1
102
RTVSPost2010Prop46
 90
       50
102
RTVSPost2010PropOp46
 70
     1
102
RTVSPost2010Prop47
 90
       50
102
RTVSPost2010PropOp47
 70
     1
102
RTVSPost2010Prop48
 90
       50
102
RTVSPost2010PropOp48
 70
     1
102
RTVSPost2010Prop49
280
     0
102
RTVSPost2010PropOp49
 70
     1
102
RTVSPost2010Prop50
 90
       50
102
RTVSPost2010PropOp50
 70
     1
102
RTVSPost2010Prop51ColorIndex
 90
      256
102
RTVSPost2010Prop51ColorRGB
 90
-16777216
102
RTVSPost2010PropOp51
 70
     0
102
RTVSPost2010Prop52
140
1.0
102
RTVSPost2010PropOp52
 70
     0
102
RTVSPost2010Prop53
 90
        2
102
RTVSPost2010PropOp53
 70
     1
102
RTVSPost2010Prop54
  1
strokes_ogs.tif
102
RTVSPost2010PropOp54
 70
     1
102
RTVSPost2010Prop55
280
     0
102
RTVSPost2010PropOp55
 70
     1
102
RTVSPost2010Prop56
140
1.0
102
RTVSPost2010PropOp56
 70
     1
102
RTVSPost2010Prop57
140
1.0
102
RTVSPost2010PropOp57
 70
     1
  0
XRECORD
  5
D39
102
{ACAD_REACTORS
330
D38
102
}
330
D38
100
AcDbXrecord
280
     1
102
RTVSPost2010Prop28
280
     0
102
RTVSPost2010PropOp28
 70
     1
102
RTVSPost2010Prop29
280
     1
102
RTVSPost2010PropOp29
 70
     1
102
RTVSPost2010Prop30
280
     1
102
RTVSPost2010PropOp30
 70
     1
102
RTVSPost2010Prop31
280
     0
102
RTVSPost2010PropOp31
 70
     1
102
RTVSPost2010Prop32
280
     0
102
RTVSPost2010PropOp32
 70
     1
102
RTVSPost2010Prop33
280
     0
102
RTVSPost2010PropOp33
 70
     1
102
RTVSPost2010Prop34
280
     0
102
RTVSPost2010PropOp34
 70
     1
102
RTVSPost2010Prop35
280
     0
102
RTVSPost2010PropOp35
 70
     1
102
RTVSPost2010Prop36
280
     0
102
RTVSPost2010PropOp36
 70
     1
102
RTVSPost2010Prop37
 90
       50
102
RTVSPost2010PropOp37
 70
     1
102
RTVSPost2010Prop38
140
0.0
102
RTVSPost2010PropOp38
 70
     1
102
RTVSPost2010Prop39
140
1.0
102
RTVSPost2010PropOp39
 70
     1
102
RTVSPost2010Prop40
 90
        0
102
RTVSPost2010PropOp40
 70
     1
102
RTVSPost2010Prop41ColorIndex
 90
       18
102
RTVSPost2010Prop41ColorRGB
 90
        0
102
RTVSPost2010PropOp41
 70
     1
102
RTVSPost2010Prop42
 90
       50
102
RTVSPost2010PropOp42
 70
     1
102
RTVSPost2010Prop43
 90
        3
102
RTVSPost2010PropOp43
 70
     1
102
RTVSPost2010Prop44ColorIndex
 90
        5
102
RTVSPost2010Prop44ColorRGB
 90
      255
102
RTVSPost2010PropOp44
 70
     1
102
RTVSPost2010Prop45
280
     0
102
RTVSPost2010PropOp45
 70
     1
102
RTVSPost2010Prop46
 90
       50
102
RTVSPost2010PropOp46
 70
     1
102
RTVSPost2010Prop47
 90
       50
102
RTVSPost2010PropOp47
 70
     1
102
RTVSPost2010Prop48
 90
       50
102
RTVSPost2010PropOp48
 70
     1
102
RTVSPost2010Prop49
280
     0
102
RTVSPost2010PropOp49
 70
     1
102
RTVSPost2010Prop50
 90
       50
102
RTVSPost2010PropOp50
 70
     1
102
RTVSPost2010Prop51ColorIndex
 90
      256
102
RTVSPost2010Prop51ColorRGB
 90
-16777216
102
RTVSPost2010PropOp51
 70
     0
102
RTVSPost2010Prop52
140
1.0
102
RTVSPost2010PropOp52
 70
     0
102
RTVSPost2010Prop53
 90
        2
102
RTVSPost2010PropOp53
 70
     1
102
RTVSPost2010Prop54
  1
strokes_ogs.tif
102
RTVSPost2010PropOp54
 70
     1
102
RTVSPost2010Prop55
280
     0
102
RTVSPost2010PropOp55
 70
     1
102
RTVSPost2010Prop56
140
1.0
102
RTVSPost2010PropOp56
 70
     1
102
RTVSPost2010Prop57
140
1.0
102
RTVSPost2010PropOp57
 70
     1
  0
XRECORD
  5
D3B
102
{ACAD_REACTORS
330
D3A
102
}
330
D3A
100
AcDbXrecord
280
     1
102
RTVSPost2010Prop28
280
     0
102
RTVSPost2010PropOp28
 70
     1
102
RTVSPost2010Prop29
280
     1
102
RTVSPost2010PropOp29
 70
     1
102
RTVSPost2010Prop30
280
     1
102
RTVSPost2010PropOp30
 70
     1
102
RTVSPost2010Prop31
280
     0
102
RTVSPost2010PropOp31
 70
     1
102
RTVSPost2010Prop32
280
     0
102
RTVSPost2010PropOp32
 70
     1
102
RTVSPost2010Prop33
280
     0
102
RTVSPost2010PropOp33
 70
     1
102
RTVSPost2010Prop34
280
     0
102
RTVSPost2010PropOp34
 70
     1
102
RTVSPost2010Prop35
280
     0
102
RTVSPost2010PropOp35
 70
     1
102
RTVSPost2010Prop36
280
     0
102
RTVSPost2010PropOp36
 70
     1
102
RTVSPost2010Prop37
 90
       50
102
RTVSPost2010PropOp37
 70
     1
102
RTVSPost2010Prop38
140
0.0
102
RTVSPost2010PropOp38
 70
     1
102
RTVSPost2010Prop39
140
1.0
102
RTVSPost2010PropOp39
 70
     1
102
RTVSPost2010Prop40
 90
        0
102
RTVSPost2010PropOp40
 70
     1
102
RTVSPost2010Prop41ColorIndex
 90
       18
102
RTVSPost2010Prop41ColorRGB
 90
        0
102
RTVSPost2010PropOp41
 70
     1
102
RTVSPost2010Prop42
 90
       50
102
RTVSPost2010PropOp42
 70
     1
102
RTVSPost2010Prop43
 90
        3
102
RTVSPost2010PropOp43
 70
     1
102
RTVSPost2010Prop44ColorIndex
 90
        5
102
RTVSPost2010Prop44ColorRGB
 90
      255
102
RTVSPost2010PropOp44
 70
     1
102
RTVSPost2010Prop45
280
     0
102
RTVSPost2010PropOp45
 70
     1
102
RTVSPost2010Prop46
 90
       50
102
RTVSPost2010PropOp46
 70
     1
102
RTVSPost2010Prop47
 90
       50
102
RTVSPost2010PropOp47
 70
     1
102
RTVSPost2010Prop48
 90
       50
102
RTVSPost2010PropOp48
 70
     1
102
RTVSPost2010Prop49
280
     0
102
RTVSPost2010PropOp49
 70
     1
102
RTVSPost2010Prop50
 90
       50
102
RTVSPost2010PropOp50
 70
     1
102
RTVSPost2010Prop51ColorIndex
 90
      256
102
RTVSPost2010Prop51ColorRGB
 90
-16777216
102
RTVSPost2010PropOp51
 70
     0
102
RTVSPost2010Prop52
140
1.0
102
RTVSPost2010PropOp52
 70
     0
102
RTVSPost2010Prop53
 90
        2
102
RTVSPost2010PropOp53
 70
     1
102
RTVSPost2010Prop54
  1
strokes_ogs.tif
102
RTVSPost2010PropOp54
 70
     1
102
RTVSPost2010Prop55
280
     0
102
RTVSPost2010PropOp55
 70
     1
102
RTVSPost2010Prop56
140
1.0
102
RTVSPost2010PropOp56
 70
     1
102
RTVSPost2010Prop57
140
1.0
102
RTVSPost2010PropOp57
 70
     1
  0
XRECORD
  5
D3D
102
{ACAD_REACTORS
330
D3C
102
}
330
D3C
100
AcDbXrecord
280
     1
102
RTVSPost2010Prop28
280
     0
102
RTVSPost2010PropOp28
 70
     1
102
RTVSPost2010Prop29
280
     1
102
RTVSPost2010PropOp29
 70
     1
102
RTVSPost2010Prop30
280
     1
102
RTVSPost2010PropOp30
 70
     1
102
RTVSPost2010Prop31
280
     0
102
RTVSPost2010PropOp31
 70
     1
102
RTVSPost2010Prop32
280
     0
102
RTVSPost2010PropOp32
 70
     1
102
RTVSPost2010Prop33
280
     0
102
RTVSPost2010PropOp33
 70
     1
102
RTVSPost2010Prop34
280
     0
102
RTVSPost2010PropOp34
 70
     1
102
RTVSPost2010Prop35
280
     0
102
RTVSPost2010PropOp35
 70
     1
102
RTVSPost2010Prop36
280
     0
102
RTVSPost2010PropOp36
 70
     1
102
RTVSPost2010Prop37
 90
       50
102
RTVSPost2010PropOp37
 70
     1
102
RTVSPost2010Prop38
140
0.0
102
RTVSPost2010PropOp38
 70
     1
102
RTVSPost2010Prop39
140
1.0
102
RTVSPost2010PropOp39
 70
     1
102
RTVSPost2010Prop40
 90
        0
102
RTVSPost2010PropOp40
 70
     1
102
RTVSPost2010Prop41ColorIndex
 90
       18
102
RTVSPost2010Prop41ColorRGB
 90
        0
102
RTVSPost2010PropOp41
 70
     1
102
RTVSPost2010Prop42
 90
       50
102
RTVSPost2010PropOp42
 70
     1
102
RTVSPost2010Prop43
 90
        3
102
RTVSPost2010PropOp43
 70
     1
102
RTVSPost2010Prop44ColorIndex
 90
        5
102
RTVSPost2010Prop44ColorRGB
 90
      255
102
RTVSPost2010PropOp44
 70
     1
102
RTVSPost2010Prop45
280
     0
102
RTVSPost2010PropOp45
 70
     1
102
RTVSPost2010Prop46
 90
       50
102
RTVSPost2010PropOp46
 70
     1
102
RTVSPost2010Prop47
 90
       50
102
RTVSPost2010PropOp47
 70
     1
102
RTVSPost2010Prop48
 90
       50
102
RTVSPost2010PropOp48
 70
     1
102
RTVSPost2010Prop49
280
     0
102
RTVSPost2010PropOp49
 70
     1
102
RTVSPost2010Prop50
 90
       50
102
RTVSPost2010PropOp50
 70
     1
102
RTVSPost2010Prop51ColorIndex
 90
      256
102
RTVSPost2010Prop51ColorRGB
 90
-16777216
102
RTVSPost2010PropOp51
 70
     0
102
RTVSPost2010Prop52
140
1.0
102
RTVSPost2010PropOp52
 70
     0
102
RTVSPost2010Prop53
 90
        2
102
RTVSPost2010PropOp53
 70
     1
102
RTVSPost2010Prop54
  1
strokes_ogs.tif
102
RTVSPost2010PropOp54
 70
     1
102
RTVSPost2010Prop55
280
     0
102
RTVSPost2010PropOp55
 70
     1
102
RTVSPost2010Prop56
140
1.0
102
RTVSPost2010PropOp56
 70
     1
102
RTVSPost2010Prop57
140
1.0
102
RTVSPost2010PropOp57
 70
     1
  0
XRECORD
  5
D45
102
{ACAD_REACTORS
330
D44
102
}
330
D44
100
AcDbXrecord
280
     1
102
RTVSPost2010Prop28
280
     0
102
RTVSPost2010PropOp28
 70
     1
102
RTVSPost2010Prop29
280
     1
102
RTVSPost2010PropOp29
 70
     1
102
RTVSPost2010Prop30
280
     1
102
RTVSPost2010PropOp30
 70
     1
102
RTVSPost2010Prop31
280
     0
102
RTVSPost2010PropOp31
 70
     1
102
RTVSPost2010Prop32
280
     0
102
RTVSPost2010PropOp32
 70
     1
102
RTVSPost2010Prop33
280
     0
102
RTVSPost2010PropOp33
 70
     1
102
RTVSPost2010Prop34
280
     0
102
RTVSPost2010PropOp34
 70
     1
102
RTVSPost2010Prop35
280
     0
102
RTVSPost2010PropOp35
 70
     1
102
RTVSPost2010Prop36
280
     0
102
RTVSPost2010PropOp36
 70
     1
102
RTVSPost2010Prop37
 90
       50
102
RTVSPost2010PropOp37
 70
     1
102
RTVSPost2010Prop38
140
0.0
102
RTVSPost2010PropOp38
 70
     1
102
RTVSPost2010Prop39
140
1.0
102
RTVSPost2010PropOp39
 70
     1
102
RTVSPost2010Prop40
 90
        0
102
RTVSPost2010PropOp40
 70
     1
102
RTVSPost2010Prop41ColorIndex
 90
       18
102
RTVSPost2010Prop41ColorRGB
 90
        0
102
RTVSPost2010PropOp41
 70
     1
102
RTVSPost2010Prop42
 90
       50
102
RTVSPost2010PropOp42
 70
     1
102
RTVSPost2010Prop43
 90
        3
102
RTVSPost2010PropOp43
 70
     1
102
RTVSPost2010Prop44ColorIndex
 90
        5
102
RTVSPost2010Prop44ColorRGB
 90
      255
102
RTVSPost2010PropOp44
 70
     1
102
RTVSPost2010Prop45
280
     0
102
RTVSPost2010PropOp45
 70
     1
102
RTVSPost2010Prop46
 90
       50
102
RTVSPost2010PropOp46
 70
     1
102
RTVSPost2010Prop47
 90
       50
102
RTVSPost2010PropOp47
 70
     1
102
RTVSPost2010Prop48
 90
       50
102
RTVSPost2010PropOp48
 70
     1
102
RTVSPost2010Prop49
280
     0
102
RTVSPost2010PropOp49
 70
     1
102
RTVSPost2010Prop50
 90
       50
102
RTVSPost2010PropOp50
 70
     1
102
RTVSPost2010Prop51ColorIndex
 90
      256
102
RTVSPost2010Prop51ColorRGB
 90
-16777216
102
RTVSPost2010PropOp51
 70
     0
102
RTVSPost2010Prop52
140
1.0
102
RTVSPost2010PropOp52
 70
     0
102
RTVSPost2010Prop53
 90
        2
102
RTVSPost2010PropOp53
 70
     1
102
RTVSPost2010Prop54
  1
strokes_ogs.tif
102
RTVSPost2010PropOp54
 70
     1
102
RTVSPost2010Prop55
280
     0
102
RTVSPost2010PropOp55
 70
     1
102
RTVSPost2010Prop56
140
1.0
102
RTVSPost2010PropOp56
 70
     1
102
RTVSPost2010Prop57
140
1.0
102
RTVSPost2010PropOp57
 70
     1
  0
XRECORD
  5
D57
102
{ACAD_REACTORS
330
D56
102
}
330
D56
100
AcDbXrecord
280
     1
102
RTVSPost2010Prop28
280
     0
102
RTVSPost2010PropOp28
 70
     1
102
RTVSPost2010Prop29
280
     1
102
RTVSPost2010PropOp29
 70
     1
102
RTVSPost2010Prop30
280
     1
102
RTVSPost2010PropOp30
 70
     1
102
RTVSPost2010Prop31
280
     0
102
RTVSPost2010PropOp31
 70
     1
102
RTVSPost2010Prop32
280
     0
102
RTVSPost2010PropOp32
 70
     1
102
RTVSPost2010Prop33
280
     0
102
RTVSPost2010PropOp33
 70
     1
102
RTVSPost2010Prop34
280
     0
102
RTVSPost2010PropOp34
 70
     1
102
RTVSPost2010Prop35
280
     0
102
RTVSPost2010PropOp35
 70
     1
102
RTVSPost2010Prop36
280
     0
102
RTVSPost2010PropOp36
 70
     1
102
RTVSPost2010Prop37
 90
       50
102
RTVSPost2010PropOp37
 70
     1
102
RTVSPost2010Prop38
140
0.0
102
RTVSPost2010PropOp38
 70
     1
102
RTVSPost2010Prop39
140
1.0
102
RTVSPost2010PropOp39
 70
     1
102
RTVSPost2010Prop40
 90
        0
102
RTVSPost2010PropOp40
 70
     1
102
RTVSPost2010Prop41ColorIndex
 90
       18
102
RTVSPost2010Prop41ColorRGB
 90
        0
102
RTVSPost2010PropOp41
 70
     1
102
RTVSPost2010Prop42
 90
       50
102
RTVSPost2010PropOp42
 70
     1
102
RTVSPost2010Prop43
 90
        3
102
RTVSPost2010PropOp43
 70
     1
102
RTVSPost2010Prop44ColorIndex
 90
        5
102
RTVSPost2010Prop44ColorRGB
 90
      255
102
RTVSPost2010PropOp44
 70
     1
102
RTVSPost2010Prop45
280
     0
102
RTVSPost2010PropOp45
 70
     1
102
RTVSPost2010Prop46
 90
       50
102
RTVSPost2010PropOp46
 70
     1
102
RTVSPost2010Prop47
 90
       50
102
RTVSPost2010PropOp47
 70
     1
102
RTVSPost2010Prop48
 90
       50
102
RTVSPost2010PropOp48
 70
     1
102
RTVSPost2010Prop49
280
     0
102
RTVSPost2010PropOp49
 70
     1
102
RTVSPost2010Prop50
 90
       50
102
RTVSPost2010PropOp50
 70
     1
102
RTVSPost2010Prop51ColorIndex
 90
      256
102
RTVSPost2010Prop51ColorRGB
 90
-16777216
102
RTVSPost2010PropOp51
 70
     0
102
RTVSPost2010Prop52
140
1.0
102
RTVSPost2010PropOp52
 70
     0
102
RTVSPost2010Prop53
 90
        2
102
RTVSPost2010PropOp53
 70
     1
102
RTVSPost2010Prop54
  1
strokes_ogs.tif
102
RTVSPost2010PropOp54
 70
     1
102
RTVSPost2010Prop55
280
     0
102
RTVSPost2010PropOp55
 70
     1
102
RTVSPost2010Prop56
140
1.0
102
RTVSPost2010PropOp56
 70
     1
102
RTVSPost2010Prop57
140
1.0
102
RTVSPost2010PropOp57
 70
     1
  0
XRECORD
  5
D51
102
{ACAD_REACTORS
330
D50
102
}
330
D50
100
AcDbXrecord
280
     1
102
RTVSPost2010Prop28
280
     0
102
RTVSPost2010PropOp28
 70
     1
102
RTVSPost2010Prop29
280
     1
102
RTVSPost2010PropOp29
 70
     1
102
RTVSPost2010Prop30
280
     1
102
RTVSPost2010PropOp30
 70
     1
102
RTVSPost2010Prop31
280
     0
102
RTVSPost2010PropOp31
 70
     1
102
RTVSPost2010Prop32
280
     0
102
RTVSPost2010PropOp32
 70
     1
102
RTVSPost2010Prop33
280
     0
102
RTVSPost2010PropOp33
 70
     1
102
RTVSPost2010Prop34
280
     0
102
RTVSPost2010PropOp34
 70
     1
102
RTVSPost2010Prop35
280
     0
102
RTVSPost2010PropOp35
 70
     1
102
RTVSPost2010Prop36
280
     0
102
RTVSPost2010PropOp36
 70
     1
102
RTVSPost2010Prop37
 90
       50
102
RTVSPost2010PropOp37
 70
     1
102
RTVSPost2010Prop38
140
0.0
102
RTVSPost2010PropOp38
 70
     1
102
RTVSPost2010Prop39
140
1.0
102
RTVSPost2010PropOp39
 70
     1
102
RTVSPost2010Prop40
 90
        0
102
RTVSPost2010PropOp40
 70
     1
102
RTVSPost2010Prop41ColorIndex
 90
       18
102
RTVSPost2010Prop41ColorRGB
 90
        0
102
RTVSPost2010PropOp41
 70
     1
102
RTVSPost2010Prop42
 90
       50
102
RTVSPost2010PropOp42
 70
     1
102
RTVSPost2010Prop43
 90
        3
102
RTVSPost2010PropOp43
 70
     1
102
RTVSPost2010Prop44ColorIndex
 90
        5
102
RTVSPost2010Prop44ColorRGB
 90
      255
102
RTVSPost2010PropOp44
 70
     1
102
RTVSPost2010Prop45
280
     0
102
RTVSPost2010PropOp45
 70
     1
102
RTVSPost2010Prop46
 90
       50
102
RTVSPost2010PropOp46
 70
     1
102
RTVSPost2010Prop47
 90
       50
102
RTVSPost2010PropOp47
 70
     1
102
RTVSPost2010Prop48
 90
       50
102
RTVSPost2010PropOp48
 70
     1
102
RTVSPost2010Prop49
280
     0
102
RTVSPost2010PropOp49
 70
     1
102
RTVSPost2010Prop50
 90
       50
102
RTVSPost2010PropOp50
 70
     1
102
RTVSPost2010Prop51ColorIndex
 90
      256
102
RTVSPost2010Prop51ColorRGB
 90
-16777216
102
RTVSPost2010PropOp51
 70
     0
102
RTVSPost2010Prop52
140
1.0
102
RTVSPost2010PropOp52
 70
     0
102
RTVSPost2010Prop53
 90
        2
102
RTVSPost2010PropOp53
 70
     1
102
RTVSPost2010Prop54
  1
strokes_ogs.tif
102
RTVSPost2010PropOp54
 70
     1
102
RTVSPost2010Prop55
280
     0
102
RTVSPost2010PropOp55
 70
     1
102
RTVSPost2010Prop56
140
1.0
102
RTVSPost2010PropOp56
 70
     1
102
RTVSPost2010Prop57
140
1.0
102
RTVSPost2010PropOp57
 70
     1
  0
XRECORD
  5
D59
102
{ACAD_REACTORS
330
D58
102
}
330
D58
100
AcDbXrecord
280
     1
102
RTVSPost2010Prop28
280
     0
102
RTVSPost2010PropOp28
 70
     1
102
RTVSPost2010Prop29
280
     1
102
RTVSPost2010PropOp29
 70
     1
102
RTVSPost2010Prop30
280
     1
102
RTVSPost2010PropOp30
 70
     1
102
RTVSPost2010Prop31
280
     0
102
RTVSPost2010PropOp31
 70
     1
102
RTVSPost2010Prop32
280
     0
102
RTVSPost2010PropOp32
 70
     1
102
RTVSPost2010Prop33
280
     0
102
RTVSPost2010PropOp33
 70
     1
102
RTVSPost2010Prop34
280
     0
102
RTVSPost2010PropOp34
 70
     1
102
RTVSPost2010Prop35
280
     0
102
RTVSPost2010PropOp35
 70
     1
102
RTVSPost2010Prop36
280
     0
102
RTVSPost2010PropOp36
 70
     1
102
RTVSPost2010Prop37
 90
       50
102
RTVSPost2010PropOp37
 70
     1
102
RTVSPost2010Prop38
140
0.0
102
RTVSPost2010PropOp38
 70
     1
102
RTVSPost2010Prop39
140
1.0
102
RTVSPost2010PropOp39
 70
     1
102
RTVSPost2010Prop40
 90
        0
102
RTVSPost2010PropOp40
 70
     1
102
RTVSPost2010Prop41ColorIndex
 90
       18
102
RTVSPost2010Prop41ColorRGB
 90
        0
102
RTVSPost2010PropOp41
 70
     1
102
RTVSPost2010Prop42
 90
       50
102
RTVSPost2010PropOp42
 70
     1
102
RTVSPost2010Prop43
 90
        3
102
RTVSPost2010PropOp43
 70
     1
102
RTVSPost2010Prop44ColorIndex
 90
        5
102
RTVSPost2010Prop44ColorRGB
 90
      255
102
RTVSPost2010PropOp44
 70
     1
102
RTVSPost2010Prop45
280
     0
102
RTVSPost2010PropOp45
 70
     1
102
RTVSPost2010Prop46
 90
       50
102
RTVSPost2010PropOp46
 70
     1
102
RTVSPost2010Prop47
 90
       50
102
RTVSPost2010PropOp47
 70
     1
102
RTVSPost2010Prop48
 90
       50
102
RTVSPost2010PropOp48
 70
     1
102
RTVSPost2010Prop49
280
     0
102
RTVSPost2010PropOp49
 70
     1
102
RTVSPost2010Prop50
 90
       50
102
RTVSPost2010PropOp50
 70
     1
102
RTVSPost2010Prop51ColorIndex
 90
      256
102
RTVSPost2010Prop51ColorRGB
 90
-16777216
102
RTVSPost2010PropOp51
 70
     0
102
RTVSPost2010Prop52
140
1.0
102
RTVSPost2010PropOp52
 70
     0
102
RTVSPost2010Prop53
 90
        2
102
RTVSPost2010PropOp53
 70
     1
102
RTVSPost2010Prop54
  1
strokes_ogs.tif
102
RTVSPost2010PropOp54
 70
     1
102
RTVSPost2010Prop55
280
     0
102
RTVSPost2010PropOp55
 70
     1
102
RTVSPost2010Prop56
140
1.0
102
RTVSPost2010PropOp56
 70
     1
102
RTVSPost2010Prop57
140
1.0
102
RTVSPost2010PropOp57
 70
     1
  0
XRECORD
  5
D49
102
{ACAD_REACTORS
330
D48
102
}
330
D48
100
AcDbXrecord
280
     1
102
RTVSPost2010Prop28
280
     0
102
RTVSPost2010PropOp28
 70
     1
102
RTVSPost2010Prop29
280
     1
102
RTVSPost2010PropOp29
 70
     1
102
RTVSPost2010Prop30
280
     1
102
RTVSPost2010PropOp30
 70
     1
102
RTVSPost2010Prop31
280
     0
102
RTVSPost2010PropOp31
 70
     1
102
RTVSPost2010Prop32
280
     0
102
RTVSPost2010PropOp32
 70
     1
102
RTVSPost2010Prop33
280
     0
102
RTVSPost2010PropOp33
 70
     1
102
RTVSPost2010Prop34
280
     0
102
RTVSPost2010PropOp34
 70
     1
102
RTVSPost2010Prop35
280
     0
102
RTVSPost2010PropOp35
 70
     1
102
RTVSPost2010Prop36
280
     0
102
RTVSPost2010PropOp36
 70
     1
102
RTVSPost2010Prop37
 90
       50
102
RTVSPost2010PropOp37
 70
     1
102
RTVSPost2010Prop38
140
0.0
102
RTVSPost2010PropOp38
 70
     1
102
RTVSPost2010Prop39
140
1.0
102
RTVSPost2010PropOp39
 70
     1
102
RTVSPost2010Prop40
 90
        0
102
RTVSPost2010PropOp40
 70
     1
102
RTVSPost2010Prop41ColorIndex
 90
       18
102
RTVSPost2010Prop41ColorRGB
 90
        0
102
RTVSPost2010PropOp41
 70
     1
102
RTVSPost2010Prop42
 90
       50
102
RTVSPost2010PropOp42
 70
     1
102
RTVSPost2010Prop43
 90
        3
102
RTVSPost2010PropOp43
 70
     1
102
RTVSPost2010Prop44ColorIndex
 90
        5
102
RTVSPost2010Prop44ColorRGB
 90
      255
102
RTVSPost2010PropOp44
 70
     1
102
RTVSPost2010Prop45
280
     0
102
RTVSPost2010PropOp45
 70
     1
102
RTVSPost2010Prop46
 90
       50
102
RTVSPost2010PropOp46
 70
     1
102
RTVSPost2010Prop47
 90
       50
102
RTVSPost2010PropOp47
 70
     1
102
RTVSPost2010Prop48
 90
       50
102
RTVSPost2010PropOp48
 70
     1
102
RTVSPost2010Prop49
280
     0
102
RTVSPost2010PropOp49
 70
     1
102
RTVSPost2010Prop50
 90
       50
102
RTVSPost2010PropOp50
 70
     1
102
RTVSPost2010Prop51ColorIndex
 90
      256
102
RTVSPost2010Prop51ColorRGB
 90
-16777216
102
RTVSPost2010PropOp51
 70
     0
102
RTVSPost2010Prop52
140
1.0
102
RTVSPost2010PropOp52
 70
     0
102
RTVSPost2010Prop53
 90
        2
102
RTVSPost2010PropOp53
 70
     1
102
RTVSPost2010Prop54
  1
strokes_ogs.tif
102
RTVSPost2010PropOp54
 70
     1
102
RTVSPost2010Prop55
280
     0
102
RTVSPost2010PropOp55
 70
     1
102
RTVSPost2010Prop56
140
1.0
102
RTVSPost2010PropOp56
 70
     1
102
RTVSPost2010Prop57
140
1.0
102
RTVSPost2010PropOp57
 70
     1
  0
XRECORD
  5
D65
102
{ACAD_REACTORS
330
D64
102
}
330
D64
100
AcDbXrecord
280
     1
102
RTVSPost2010Prop28
280
     0
102
RTVSPost2010PropOp28
 70
     1
102
RTVSPost2010Prop29
280
     1
102
RTVSPost2010PropOp29
 70
     1
102
RTVSPost2010Prop30
280
     1
102
RTVSPost2010PropOp30
 70
     1
102
RTVSPost2010Prop31
280
     0
102
RTVSPost2010PropOp31
 70
     1
102
RTVSPost2010Prop32
280
     0
102
RTVSPost2010PropOp32
 70
     1
102
RTVSPost2010Prop33
280
     0
102
RTVSPost2010PropOp33
 70
     1
102
RTVSPost2010Prop34
280
     0
102
RTVSPost2010PropOp34
 70
     1
102
RTVSPost2010Prop35
280
     0
102
RTVSPost2010PropOp35
 70
     1
102
RTVSPost2010Prop36
280
     0
102
RTVSPost2010PropOp36
 70
     1
102
RTVSPost2010Prop37
 90
       50
102
RTVSPost2010PropOp37
 70
     1
102
RTVSPost2010Prop38
140
0.0
102
RTVSPost2010PropOp38
 70
     1
102
RTVSPost2010Prop39
140
1.0
102
RTVSPost2010PropOp39
 70
     1
102
RTVSPost2010Prop40
 90
        0
102
RTVSPost2010PropOp40
 70
     1
102
RTVSPost2010Prop41ColorIndex
 90
       18
102
RTVSPost2010Prop41ColorRGB
 90
        0
102
RTVSPost2010PropOp41
 70
     1
102
RTVSPost2010Prop42
 90
       50
102
RTVSPost2010PropOp42
 70
     1
102
RTVSPost2010Prop43
 90
        3
102
RTVSPost2010PropOp43
 70
     1
102
RTVSPost2010Prop44ColorIndex
 90
        5
102
RTVSPost2010Prop44ColorRGB
 90
      255
102
RTVSPost2010PropOp44
 70
     1
102
RTVSPost2010Prop45
280
     0
102
RTVSPost2010PropOp45
 70
     1
102
RTVSPost2010Prop46
 90
       50
102
RTVSPost2010PropOp46
 70
     1
102
RTVSPost2010Prop47
 90
       50
102
RTVSPost2010PropOp47
 70
     1
102
RTVSPost2010Prop48
 90
       50
102
RTVSPost2010PropOp48
 70
     1
102
RTVSPost2010Prop49
280
     0
102
RTVSPost2010PropOp49
 70
     1
102
RTVSPost2010Prop50
 90
       50
102
RTVSPost2010PropOp50
 70
     1
102
RTVSPost2010Prop51ColorIndex
 90
      256
102
RTVSPost2010Prop51ColorRGB
 90
-16777216
102
RTVSPost2010PropOp51
 70
     0
102
RTVSPost2010Prop52
140
1.0
102
RTVSPost2010PropOp52
 70
     0
102
RTVSPost2010Prop53
 90
        2
102
RTVSPost2010PropOp53
 70
     1
102
RTVSPost2010Prop54
  1
strokes_ogs.tif
102
RTVSPost2010PropOp54
 70
     1
102
RTVSPost2010Prop55
280
     0
102
RTVSPost2010PropOp55
 70
     1
102
RTVSPost2010Prop56
140
1.0
102
RTVSPost2010PropOp56
 70
     1
102
RTVSPost2010Prop57
140
1.0
102
RTVSPost2010PropOp57
 70
     1
  0
XRECORD
  5
D63
102
{ACAD_REACTORS
330
D62
102
}
330
D62
100
AcDbXrecord
280
     1
102
RTVSPost2010Prop28
280
     0
102
RTVSPost2010PropOp28
 70
     1
102
RTVSPost2010Prop29
280
     1
102
RTVSPost2010PropOp29
 70
     1
102
RTVSPost2010Prop30
280
     1
102
RTVSPost2010PropOp30
 70
     1
102
RTVSPost2010Prop31
280
     0
102
RTVSPost2010PropOp31
 70
     1
102
RTVSPost2010Prop32
280
     0
102
RTVSPost2010PropOp32
 70
     1
102
RTVSPost2010Prop33
280
     0
102
RTVSPost2010PropOp33
 70
     1
102
RTVSPost2010Prop34
280
     0
102
RTVSPost2010PropOp34
 70
     1
102
RTVSPost2010Prop35
280
     0
102
RTVSPost2010PropOp35
 70
     1
102
RTVSPost2010Prop36
280
     0
102
RTVSPost2010PropOp36
 70
     1
102
RTVSPost2010Prop37
 90
       50
102
RTVSPost2010PropOp37
 70
     1
102
RTVSPost2010Prop38
140
0.0
102
RTVSPost2010PropOp38
 70
     1
102
RTVSPost2010Prop39
140
1.0
102
RTVSPost2010PropOp39
 70
     1
102
RTVSPost2010Prop40
 90
        0
102
RTVSPost2010PropOp40
 70
     1
102
RTVSPost2010Prop41ColorIndex
 90
       18
102
RTVSPost2010Prop41ColorRGB
 90
        0
102
RTVSPost2010PropOp41
 70
     1
102
RTVSPost2010Prop42
 90
       50
102
RTVSPost2010PropOp42
 70
     1
102
RTVSPost2010Prop43
 90
        3
102
RTVSPost2010PropOp43
 70
     1
102
RTVSPost2010Prop44ColorIndex
 90
        5
102
RTVSPost2010Prop44ColorRGB
 90
      255
102
RTVSPost2010PropOp44
 70
     1
102
RTVSPost2010Prop45
280
     0
102
RTVSPost2010PropOp45
 70
     1
102
RTVSPost2010Prop46
 90
       50
102
RTVSPost2010PropOp46
 70
     1
102
RTVSPost2010Prop47
 90
       50
102
RTVSPost2010PropOp47
 70
     1
102
RTVSPost2010Prop48
 90
       50
102
RTVSPost2010PropOp48
 70
     1
102
RTVSPost2010Prop49
280
     0
102
RTVSPost2010PropOp49
 70
     1
102
RTVSPost2010Prop50
 90
       50
102
RTVSPost2010PropOp50
 70
     1
102
RTVSPost2010Prop51ColorIndex
 90
      256
102
RTVSPost2010Prop51ColorRGB
 90
-16777216
102
RTVSPost2010PropOp51
 70
     0
102
RTVSPost2010Prop52
140
1.0
102
RTVSPost2010PropOp52
 70
     0
102
RTVSPost2010Prop53
 90
        2
102
RTVSPost2010PropOp53
 70
     1
102
RTVSPost2010Prop54
  1
strokes_ogs.tif
102
RTVSPost2010PropOp54
 70
     1
102
RTVSPost2010Prop55
280
     0
102
RTVSPost2010PropOp55
 70
     1
102
RTVSPost2010Prop56
140
1.0
102
RTVSPost2010PropOp56
 70
     1
102
RTVSPost2010Prop57
140
1.0
102
RTVSPost2010PropOp57
 70
     1
  0
XRECORD
  5
D5D
102
{ACAD_REACTORS
330
D5C
102
}
330
D5C
100
AcDbXrecord
280
     1
102
RTVSPost2010Prop28
280
     0
102
RTVSPost2010PropOp28
 70
     1
102
RTVSPost2010Prop29
280
     1
102
RTVSPost2010PropOp29
 70
     1
102
RTVSPost2010Prop30
280
     1
102
RTVSPost2010PropOp30
 70
     1
102
RTVSPost2010Prop31
280
     0
102
RTVSPost2010PropOp31
 70
     1
102
RTVSPost2010Prop32
280
     0
102
RTVSPost2010PropOp32
 70
     1
102
RTVSPost2010Prop33
280
     0
102
RTVSPost2010PropOp33
 70
     1
102
RTVSPost2010Prop34
280
     0
102
RTVSPost2010PropOp34
 70
     1
102
RTVSPost2010Prop35
280
     0
102
RTVSPost2010PropOp35
 70
     1
102
RTVSPost2010Prop36
280
     0
102
RTVSPost2010PropOp36
 70
     1
102
RTVSPost2010Prop37
 90
       50
102
RTVSPost2010PropOp37
 70
     1
102
RTVSPost2010Prop38
140
0.0
102
RTVSPost2010PropOp38
 70
     1
102
RTVSPost2010Prop39
140
1.0
102
RTVSPost2010PropOp39
 70
     1
102
RTVSPost2010Prop40
 90
        0
102
RTVSPost2010PropOp40
 70
     1
102
RTVSPost2010Prop41ColorIndex
 90
       18
102
RTVSPost2010Prop41ColorRGB
 90
        0
102
RTVSPost2010PropOp41
 70
     1
102
RTVSPost2010Prop42
 90
       50
102
RTVSPost2010PropOp42
 70
     1
102
RTVSPost2010Prop43
 90
        3
102
RTVSPost2010PropOp43
 70
     1
102
RTVSPost2010Prop44ColorIndex
 90
        5
102
RTVSPost2010Prop44ColorRGB
 90
      255
102
RTVSPost2010PropOp44
 70
     1
102
RTVSPost2010Prop45
280
     0
102
RTVSPost2010PropOp45
 70
     1
102
RTVSPost2010Prop46
 90
       50
102
RTVSPost2010PropOp46
 70
     1
102
RTVSPost2010Prop47
 90
       50
102
RTVSPost2010PropOp47
 70
     1
102
RTVSPost2010Prop48
 90
       50
102
RTVSPost2010PropOp48
 70
     1
102
RTVSPost2010Prop49
280
     0
102
RTVSPost2010PropOp49
 70
     1
102
RTVSPost2010Prop50
 90
       50
102
RTVSPost2010PropOp50
 70
     1
102
RTVSPost2010Prop51ColorIndex
 90
      256
102
RTVSPost2010Prop51ColorRGB
 90
-16777216
102
RTVSPost2010PropOp51
 70
     0
102
RTVSPost2010Prop52
140
1.0
102
RTVSPost2010PropOp52
 70
     0
102
RTVSPost2010Prop53
 90
        2
102
RTVSPost2010PropOp53
 70
     1
102
RTVSPost2010Prop54
  1
strokes_ogs.tif
102
RTVSPost2010PropOp54
 70
     1
102
RTVSPost2010Prop55
280
     0
102
RTVSPost2010PropOp55
 70
     1
102
RTVSPost2010Prop56
140
1.0
102
RTVSPost2010PropOp56
 70
     1
102
RTVSPost2010Prop57
140
1.0
102
RTVSPost2010PropOp57
 70
     1
  0
XRECORD
  5
D5F
102
{ACAD_REACTORS
330
D5E
102
}
330
D5E
100
AcDbXrecord
280
     1
102
RTVSPost2010Prop28
280
     0
102
RTVSPost2010PropOp28
 70
     1
102
RTVSPost2010Prop29
280
     1
102
RTVSPost2010PropOp29
 70
     1
102
RTVSPost2010Prop30
280
     1
102
RTVSPost2010PropOp30
 70
     1
102
RTVSPost2010Prop31
280
     0
102
RTVSPost2010PropOp31
 70
     1
102
RTVSPost2010Prop32
280
     0
102
RTVSPost2010PropOp32
 70
     1
102
RTVSPost2010Prop33
280
     0
102
RTVSPost2010PropOp33
 70
     1
102
RTVSPost2010Prop34
280
     0
102
RTVSPost2010PropOp34
 70
     1
102
RTVSPost2010Prop35
280
     0
102
RTVSPost2010PropOp35
 70
     1
102
RTVSPost2010Prop36
280
     0
102
RTVSPost2010PropOp36
 70
     1
102
RTVSPost2010Prop37
 90
       50
102
RTVSPost2010PropOp37
 70
     1
102
RTVSPost2010Prop38
140
0.0
102
RTVSPost2010PropOp38
 70
     1
102
RTVSPost2010Prop39
140
1.0
102
RTVSPost2010PropOp39
 70
     1
102
RTVSPost2010Prop40
 90
        0
102
RTVSPost2010PropOp40
 70
     1
102
RTVSPost2010Prop41ColorIndex
 90
       18
102
RTVSPost2010Prop41ColorRGB
 90
        0
102
RTVSPost2010PropOp41
 70
     1
102
RTVSPost2010Prop42
 90
       50
102
RTVSPost2010PropOp42
 70
     1
102
RTVSPost2010Prop43
 90
        3
102
RTVSPost2010PropOp43
 70
     1
102
RTVSPost2010Prop44ColorIndex
 90
        5
102
RTVSPost2010Prop44ColorRGB
 90
      255
102
RTVSPost2010PropOp44
 70
     1
102
RTVSPost2010Prop45
280
     0
102
RTVSPost2010PropOp45
 70
     1
102
RTVSPost2010Prop46
 90
       50
102
RTVSPost2010PropOp46
 70
     1
102
RTVSPost2010Prop47
 90
       50
102
RTVSPost2010PropOp47
 70
     1
102
RTVSPost2010Prop48
 90
       50
102
RTVSPost2010PropOp48
 70
     1
102
RTVSPost2010Prop49
280
     0
102
RTVSPost2010PropOp49
 70
     1
102
RTVSPost2010Prop50
 90
       50
102
RTVSPost2010PropOp50
 70
     1
102
RTVSPost2010Prop51ColorIndex
 90
      256
102
RTVSPost2010Prop51ColorRGB
 90
-16777216
102
RTVSPost2010PropOp51
 70
     0
102
RTVSPost2010Prop52
140
1.0
102
RTVSPost2010PropOp52
 70
     0
102
RTVSPost2010Prop53
 90
        2
102
RTVSPost2010PropOp53
 70
     1
102
RTVSPost2010Prop54
  1
strokes_ogs.tif
102
RTVSPost2010PropOp54
 70
     1
102
RTVSPost2010Prop55
280
     0
102
RTVSPost2010PropOp55
 70
     1
102
RTVSPost2010Prop56
140
1.0
102
RTVSPost2010PropOp56
 70
     1
102
RTVSPost2010Prop57
140
1.0
102
RTVSPost2010PropOp57
 70
     1
  0
XRECORD
  5
D4F
102
{ACAD_REACTORS
330
D4E
102
}
330
D4E
100
AcDbXrecord
280
     1
102
RTVSPost2010Prop28
280
     0
102
RTVSPost2010PropOp28
 70
     1
102
RTVSPost2010Prop29
280
     1
102
RTVSPost2010PropOp29
 70
     1
102
RTVSPost2010Prop30
280
     1
102
RTVSPost2010PropOp30
 70
     1
102
RTVSPost2010Prop31
280
     0
102
RTVSPost2010PropOp31
 70
     1
102
RTVSPost2010Prop32
280
     0
102
RTVSPost2010PropOp32
 70
     1
102
RTVSPost2010Prop33
280
     0
102
RTVSPost2010PropOp33
 70
     1
102
RTVSPost2010Prop34
280
     0
102
RTVSPost2010PropOp34
 70
     1
102
RTVSPost2010Prop35
280
     0
102
RTVSPost2010PropOp35
 70
     1
102
RTVSPost2010Prop36
280
     0
102
RTVSPost2010PropOp36
 70
     1
102
RTVSPost2010Prop37
 90
       50
102
RTVSPost2010PropOp37
 70
     1
102
RTVSPost2010Prop38
140
0.0
102
RTVSPost2010PropOp38
 70
     1
102
RTVSPost2010Prop39
140
1.0
102
RTVSPost2010PropOp39
 70
     1
102
RTVSPost2010Prop40
 90
        0
102
RTVSPost2010PropOp40
 70
     1
102
RTVSPost2010Prop41ColorIndex
 90
       18
102
RTVSPost2010Prop41ColorRGB
 90
        0
102
RTVSPost2010PropOp41
 70
     1
102
RTVSPost2010Prop42
 90
       50
102
RTVSPost2010PropOp42
 70
     1
102
RTVSPost2010Prop43
 90
        3
102
RTVSPost2010PropOp43
 70
     1
102
RTVSPost2010Prop44ColorIndex
 90
        5
102
RTVSPost2010Prop44ColorRGB
 90
      255
102
RTVSPost2010PropOp44
 70
     1
102
RTVSPost2010Prop45
280
     0
102
RTVSPost2010PropOp45
 70
     1
102
RTVSPost2010Prop46
 90
       50
102
RTVSPost2010PropOp46
 70
     1
102
RTVSPost2010Prop47
 90
       50
102
RTVSPost2010PropOp47
 70
     1
102
RTVSPost2010Prop48
 90
       50
102
RTVSPost2010PropOp48
 70
     1
102
RTVSPost2010Prop49
280
     0
102
RTVSPost2010PropOp49
 70
     1
102
RTVSPost2010Prop50
 90
       50
102
RTVSPost2010PropOp50
 70
     1
102
RTVSPost2010Prop51ColorIndex
 90
      256
102
RTVSPost2010Prop51ColorRGB
 90
-16777216
102
RTVSPost2010PropOp51
 70
     0
102
RTVSPost2010Prop52
140
1.0
102
RTVSPost2010PropOp52
 70
     0
102
RTVSPost2010Prop53
 90
        2
102
RTVSPost2010PropOp53
 70
     1
102
RTVSPost2010Prop54
  1
strokes_ogs.tif
102
RTVSPost2010PropOp54
 70
     1
102
RTVSPost2010Prop55
280
     0
102
RTVSPost2010PropOp55
 70
     1
102
RTVSPost2010Prop56
140
1.0
102
RTVSPost2010PropOp56
 70
     1
102
RTVSPost2010Prop57
140
1.0
102
RTVSPost2010PropOp57
 70
     1
  0
XRECORD
  5
D43
102
{ACAD_REACTORS
330
D42
102
}
330
D42
100
AcDbXrecord
280
     1
102
RTVSPost2010Prop28
280
     0
102
RTVSPost2010PropOp28
 70
     1
102
RTVSPost2010Prop29
280
     1
102
RTVSPost2010PropOp29
 70
     1
102
RTVSPost2010Prop30
280
     1
102
RTVSPost2010PropOp30
 70
     1
102
RTVSPost2010Prop31
280
     0
102
RTVSPost2010PropOp31
 70
     1
102
RTVSPost2010Prop32
280
     0
102
RTVSPost2010PropOp32
 70
     1
102
RTVSPost2010Prop33
280
     0
102
RTVSPost2010PropOp33
 70
     1
102
RTVSPost2010Prop34
280
     0
102
RTVSPost2010PropOp34
 70
     1
102
RTVSPost2010Prop35
280
     0
102
RTVSPost2010PropOp35
 70
     1
102
RTVSPost2010Prop36
280
     0
102
RTVSPost2010PropOp36
 70
     1
102
RTVSPost2010Prop37
 90
       50
102
RTVSPost2010PropOp37
 70
     1
102
RTVSPost2010Prop38
140
0.0
102
RTVSPost2010PropOp38
 70
     1
102
RTVSPost2010Prop39
140
1.0
102
RTVSPost2010PropOp39
 70
     1
102
RTVSPost2010Prop40
 90
        0
102
RTVSPost2010PropOp40
 70
     1
102
RTVSPost2010Prop41ColorIndex
 90
       18
102
RTVSPost2010Prop41ColorRGB
 90
        0
102
RTVSPost2010PropOp41
 70
     1
102
RTVSPost2010Prop42
 90
       50
102
RTVSPost2010PropOp42
 70
     1
102
RTVSPost2010Prop43
 90
        3
102
RTVSPost2010PropOp43
 70
     1
102
RTVSPost2010Prop44ColorIndex
 90
        5
102
RTVSPost2010Prop44ColorRGB
 90
      255
102
RTVSPost2010PropOp44
 70
     1
102
RTVSPost2010Prop45
280
     0
102
RTVSPost2010PropOp45
 70
     1
102
RTVSPost2010Prop46
 90
       50
102
RTVSPost2010PropOp46
 70
     1
102
RTVSPost2010Prop47
 90
       50
102
RTVSPost2010PropOp47
 70
     1
102
RTVSPost2010Prop48
 90
       50
102
RTVSPost2010PropOp48
 70
     1
102
RTVSPost2010Prop49
280
     0
102
RTVSPost2010PropOp49
 70
     1
102
RTVSPost2010Prop50
 90
       50
102
RTVSPost2010PropOp50
 70
     1
102
RTVSPost2010Prop51ColorIndex
 90
      256
102
RTVSPost2010Prop51ColorRGB
 90
-16777216
102
RTVSPost2010PropOp51
 70
     0
102
RTVSPost2010Prop52
140
1.0
102
RTVSPost2010PropOp52
 70
     0
102
RTVSPost2010Prop53
 90
        2
102
RTVSPost2010PropOp53
 70
     1
102
RTVSPost2010Prop54
  1
strokes_ogs.tif
102
RTVSPost2010PropOp54
 70
     1
102
RTVSPost2010Prop55
280
     0
102
RTVSPost2010PropOp55
 70
     1
102
RTVSPost2010Prop56
140
1.0
102
RTVSPost2010PropOp56
 70
     1
102
RTVSPost2010Prop57
140
1.0
102
RTVSPost2010PropOp57
 70
     1
  0
XRECORD
  5
D61
102
{ACAD_REACTORS
330
D60
102
}
330
D60
100
AcDbXrecord
280
     1
102
RTVSPost2010Prop28
280
     0
102
RTVSPost2010PropOp28
 70
     1
102
RTVSPost2010Prop29
280
     1
102
RTVSPost2010PropOp29
 70
     1
102
RTVSPost2010Prop30
280
     1
102
RTVSPost2010PropOp30
 70
     1
102
RTVSPost2010Prop31
280
     0
102
RTVSPost2010PropOp31
 70
     1
102
RTVSPost2010Prop32
280
     0
102
RTVSPost2010PropOp32
 70
     1
102
RTVSPost2010Prop33
280
     0
102
RTVSPost2010PropOp33
 70
     1
102
RTVSPost2010Prop34
280
     0
102
RTVSPost2010PropOp34
 70
     1
102
RTVSPost2010Prop35
280
     0
102
RTVSPost2010PropOp35
 70
     1
102
RTVSPost2010Prop36
280
     0
102
RTVSPost2010PropOp36
 70
     1
102
RTVSPost2010Prop37
 90
       50
102
RTVSPost2010PropOp37
 70
     1
102
RTVSPost2010Prop38
140
0.0
102
RTVSPost2010PropOp38
 70
     1
102
RTVSPost2010Prop39
140
1.0
102
RTVSPost2010PropOp39
 70
     1
102
RTVSPost2010Prop40
 90
        0
102
RTVSPost2010PropOp40
 70
     1
102
RTVSPost2010Prop41ColorIndex
 90
       18
102
RTVSPost2010Prop41ColorRGB
 90
        0
102
RTVSPost2010PropOp41
 70
     1
102
RTVSPost2010Prop42
 90
       50
102
RTVSPost2010PropOp42
 70
     1
102
RTVSPost2010Prop43
 90
        3
102
RTVSPost2010PropOp43
 70
     1
102
RTVSPost2010Prop44ColorIndex
 90
        5
102
RTVSPost2010Prop44ColorRGB
 90
      255
102
RTVSPost2010PropOp44
 70
     1
102
RTVSPost2010Prop45
280
     0
102
RTVSPost2010PropOp45
 70
     1
102
RTVSPost2010Prop46
 90
       50
102
RTVSPost2010PropOp46
 70
     1
102
RTVSPost2010Prop47
 90
       50
102
RTVSPost2010PropOp47
 70
     1
102
RTVSPost2010Prop48
 90
       50
102
RTVSPost2010PropOp48
 70
     1
102
RTVSPost2010Prop49
280
     0
102
RTVSPost2010PropOp49
 70
     1
102
RTVSPost2010Prop50
 90
       50
102
RTVSPost2010PropOp50
 70
     1
102
RTVSPost2010Prop51ColorIndex
 90
      256
102
RTVSPost2010Prop51ColorRGB
 90
-16777216
102
RTVSPost2010PropOp51
 70
     0
102
RTVSPost2010Prop52
140
1.0
102
RTVSPost2010PropOp52
 70
     0
102
RTVSPost2010Prop53
 90
        2
102
RTVSPost2010PropOp53
 70
     1
102
RTVSPost2010Prop54
  1
strokes_ogs.tif
102
RTVSPost2010PropOp54
 70
     1
102
RTVSPost2010Prop55
280
     0
102
RTVSPost2010PropOp55
 70
     1
102
RTVSPost2010Prop56
140
1.0
102
RTVSPost2010PropOp56
 70
     1
102
RTVSPost2010Prop57
140
1.0
102
RTVSPost2010PropOp57
 70
     1
  0
ENDSEC
  0
EOF
